chunk_id,source_book,page,text_preview,current_semantic_tags,current_risk_levels,annotated_contraindications,annotated_risk_level,annotator_notes
ku_pdfbook_e3570105,善终守护师.pdf,7-7,"呼吸同频,心跳也一起律动。
这时,柴田老师以丰富的经验说明: ""通常
再 '难死' 的人,到了这样 '同命运。共呼吸一
的状态,身体也会越来越软,
面容全然放松,表
导读  唤醒沉睡的爱,生命接力重生
情柔和,此时就表示这个人即将撒手离去了。
柴田老师出生于日本素有 ""神话故乡""  之称
的岛根县出云市。从小她常看妈妈帮助残疾的穷
人; 爸爸则教导她 ""言语有灵"" ,必须谨慎用字.
言而有信。幼年时她常因哮喘发作而透不过气。
小学五年级有一次严重发作。妈妈担心得整夜一
直抱着她。半夜累得打盹。而她醒着在寂静中感
受妈妈怀抱的温暖和呼吸的轻柔。第一次强烈地
感受到母爱,
沉浸于幸福和喜悦之中。霎","死亡焦虑, 生命意义, 灵性需求",,,,
ku_pdfbook_bc5ec216,善终守护师.pdf,7-8,"但她毫不害怕,宛
如进人了另一个美好世界。从那时起。她不再恐
惧死亡。
后来她和普通人一样长大,
成家立业。她个
性上力求事事完美,但家庭和事业难以平衡,她
本人长期处于焦虑不安。左右为难又自责的恶性
善  终  守 护  师
循环中,最终对生命失去热情,甚至一时冲动做
了错误的选择一自杀
所幸被救回一命,然而
婚姻随之结束,
与三个孩子就此分离。她心绪一
片灰暗,什么也没带便离开了家。
后来。她与第二任丈夫重新创业。奈何生意
一直不好,经营得很辛苦。有一年圣诞节,她决
定将当天瞢业额全数捐给一家养老院,没想到店
员那天比平常更有活力,菅业额很高,客人和媒
体好评如潮,一股久违的暖意涌上了她心","死亡焦虑, 存在性痛苦, 生命意义, 哀伤与丧失, 抑郁情绪",,,,
ku_pdfbook_707ece20,善终守护师.pdf,15-16,"压力下变得似乎一刻也停
不下来的我
和家人的关系越来越紧张,
最终家
庭破裂。工作。家庭内外煎熬,
我开始酗酒。甚
至一度冲动。吞服了大量安眠药,渴望一了百
了。现在回想起来,才发现那时的我已经身心失
菁终 守 护  师
序,
脱离正常生活了。虽然急救保住了性命。但
家己分崩离析
我感觉自己失去了一切。
在人生绝境中
我默默转人看护领域工作,
没想到在那里我竟重新体会到了生命的温暖。也
重拾了尊严和信心,从此立志专注于看护工作。
透过与老人的心灵交流
我也感受到了深深的喜
悦。每天服侍老人家的过程中。心中莫名的如泉
涌般的幸福感悄悄愈合了我破碎伤痛的心。
只是。在养老院的工作中也会遇到一些很无","生命意义, 自杀意念, 灵性需求, 家属沟通, 告别与分离",,,,
ku_pdfbook_7c2afcff,善终守护师.pdf,37-37,"们的 .礼
物""  称为 ""生命接力棒'
就为了这生命的接力,
我奔波于日本全国各地。
2004年。我出版了《""谢谢
即是祈祷》这
本书。提到父亲在世时我年纪尚小,未能回报什
笫|章  善终守护的瞵间
么。然而,
我光是存在着,父亲临终都不忘对我
表达感谢
父亲留给我的 ""谢谢""
至今依然支持着我 ,
父亲的亡故可谓我成为善终守护师的原点。
与千代的 ""母女' 情分
在快要结冰的凛冽寒冬,我渴望春天来临,
终于盼到欢喜的弘法大师日 (农历三月十-日 )
了。岛根县离岛知夫里匕个村落的村民。在祠堂
前摆上许多供品,从早到晚都有村民来祭拜。
对于瘫在床上的老人家来说。这是一年中最
愉悦的日子。每到","生命意义, 灵性需求, 家属沟通, 告别与分离, 哀伤与丧失",,,,
ku_pdfbook_e8937c91,善终守护师.pdf,38-38," )的环境和身体状
况
询问他们是否想回家看看。
幸龄者千代多年前丧子后独居 .
媳妇偶尔会
由本岛来看她。其实她媳妇年纪也大了
腰都直
不起来。走路也走不稳。两年前只好把干代婆婆
善终 守 护  师
送到我们 .'平安之家""
千代婆婆来之后第-年的弘法大师日。我
们用轮椅把她送回了家。那天她先在祖先牌位前
合掌拜了拜。然后说她累了,想到自己房间躺
下
但去到自己的房间才发现。房内早已没了
床。她心情失落地回到 ""平安之家"" ,还为此和
我相拥而泣。
听到可以回家过一夜,欣喜丕己
第二年。我不想再让她伤心,便事前与她媳
妇商量。安排她孙女回来照顾老人家
准备让千
代在家过一夜。
媳妇说: ""我","未竟事务, 哀伤与丧失, 家属沟通, 告别与分离",,,,
ku_pdfbook_bb4e1a56,善终守护师.pdf,47-47,"
午饭后。年轻职员问马莎: ""你要不要洗澡?
""不要。我满腹辛酸
感觉时间到了! ,年
轻职员一听很吃惊,
立刻跑来叫我去看马莎。
马莎对我说: ""很苦啊!我的时间到了吧?
笫 |章  善终守护的眸间
我回她说: ""你有的是肘间,还走不了呢!
是吗?  你是明自人。在这里住过的美代,
后来是怎么回去的?
""美代走之前一个星期
知道迎接使者要到
了
她说想回家,
我就跟她一起回了家。我们在
她家为她送行,她走得很轻松。
'那富美呢
她又是怎么走的?
她在走之前两个星期知道迎接使者来了,
她是在睡梦中走的。若是有人来接你,我一定会
先告诉你。把这事交给我 !
""我听你这么说
还是没自信,真的没问题","死亡焦虑, 告别与分离, 灵性需求",,,,
ku_pdfbook_a27bd3bb,善终守护师.pdf,59-59,"活着.
每年就这么一天。等了又等。等待儿子这天带他
回家。然后父子一起对着祖先牌位祭拜。武雄总
是骄傲地跟人说
他儿子可是生下来两个月后 ,
就用当肘颇昂贵的奶粉喂养长大的
笫 |章  善终守护的辟间
儿子走后。武雄对着空气发呆 .
我牵起他的
手说: ""孩子虽在海外工作,
但每年都会回来看
您一次呀!您老人家人住
平安之家',他一回
到岛上 ,
总要先去跟邻居村民问个好。他很忙,
没办法。让我带您回家好吗?
武雄摇头说: ""谁都不在的家,
回去干啥?
我只好静静陪着他凝望大海。
我跟他约好了,明年还要跟他一起期盼中
元节。
对自己的经历充满骄傲,丕认老
过了立春。却依然下着雪
""平安之家"" ","存在性痛苦, 生命意义, 告别与分离, 哀伤与丧失, 抑郁情绪",,,,
ku_pdfbook_1e1c1228,善终守护师.pdf,67-68,"的和子,
奇迹般地活
过了夏天。秋天某日
她陷人呼吸衰竭的紧急状
态,被救护车送到医院。从那天开始。我们每天
通过电子邮件联系。她发愿说: ""若能恢复健康,
我愿将余生奉献给幼教工作。
她想读书。我选
菁 终  守 护  师
了几本寄给她。虽然已无法进食
但和子一直抱
着希望
忍着病痛阅读。为生命坚忍奋斗的和
子
在孩子们的眼里。像个圣女 !
和子的意志力告诉我,希望对人而言是多么
重要啊 !
萤着希望接受死亡的召唤
接到和子儿子的电话,
我立刻赶去。到医院
时
我看到年轻的孩子们忧心地陪伴在她身边。
和子说: ""谢谢你来看我。
她抓住我的手,
面露喜色。她读了我写的书《用拥抱送你走 》,
用","呼吸困难, 生命意义, 告别与分离",,,,
ku_pdfbook_fcfe218d,善终守护师.pdf,90-91,"呼吸与他人同步 ,将产生自己的存在
被人肯定的效果 ,
与他人身体合一的感觉。将引
导临终者走向平安的世界。
为了这么重要的临终场合,奉劝大家在日常
生活中就要开始锻炼呼吸法。
菁 终  守 护  师
善终守护师的具体工作内容
当临终者被宣告来日不多时
善终守护的工
作即可开始。我通常在这个阶段接到工作。
我常接到二三十岁的儿女来电,说他们
五六十岁的父母到了癌症末期
最近被医生宣告
即将走到人生终点
他们不知该怎么让父母幸福
地离开人世。
从临终者进人终末期治疗 (已无痊愈可能 )
到入殓前
我们听取临终者与家属的需要及想
法。为善终做一切可能的准备。
了解临终者心意
首先,
我们会跟临终者","家属沟通, 医疗决策, 居家安宁, 癌症末期",,,,
ku_pdfbook_aa40aeaf,善终守护师.pdf,93-94,"上联系医生。而是与家属一起感受临终者的余
温,等早晨再打电话给医生。因为医生也是人,
白天找医生来,
比深夜找来要容易沟通多了。有
关这种情况,必须事先与家属取得共识。
第2章  全钱买不到的临终华美
擦洗身体并帮临终者穿上他喜欢的衣服
善终守护师的工作是以死为前提而接下的
任务。虽然如此。我们会对家属说。在临终者本
人接纳死亡之前
请绝对不能放弃希望。关键在
于,
当本人接受了 ""死"" ,而迎接使者也降临了。
那时家属就可以开始送终了。
临终者逝去后。我们会与家属一起擦拭遗
体,
为死者穿上事先讨论过的最爱的一套衣服 ,
然后把其后的入殓及葬礼交给殡仪馆处理。善终
守护师主要是做精神上的支持","疼痛管理, 家属沟通, 居家安宁, 癌症末期",,,,
ku_pdfbook_050155fb,善终守护师.pdf,97-97,"。在普通病房时,
身体并没出现明
显娈化。被转到安宁病房后才突然要开始接受死
亡。剩余的日子要做些什么,两个儿女不知如何
是好。因此跑来找我。那时我提议 ""24小时善终
第?章  金钱买不到的临终华美
守护""
对方立刻答应。我因而接下这个工作。
其后。女儿被父亲骂回去: ""你们都不要来
了,哕唆。不要来了! ""女儿被父亲的怒斥吓
到
又跑来问我,我跟她说: ""那不是父亲的本
意,去吧 !若不去,你将来会后悔,你要好好想
一想。
人在医院临终时
有时会出现谵妄 (出现暴
言,暴力的错乱状态 )症状。因为。在医院临终
的人必须同时接受两件事,
一个是他的终点站在
医院,另一个是他要接受死亡将至的事","谵妄, 家属沟通, 告别与分离, 死亡焦虑",,,,
ku_pdfbook_2ae9e649,善终守护师.pdf,99-99,"终者感受到死期已近。这时他开始接
受死。坦然地接受死,
当临终者的梦想实现时,
他会幸福愉悦地接受死。
二_迎接使者一定会到来
前述这位男性在过世前两天。
对他女儿的态
笫2章  金钱买不到的临终华美
度娈了。显然 ,
迎接使者已经到了。他娈得神情
愉悦。
是什么让他娈了一个人呢?
因为。他本人已非普通人,精神状态让他娈
得幸福圆满
为什么我知道迎接使者己到?
由临终者本人告诉我的 ""故事"" ,我知道迎
接使者巳到来。
""我连人带车掉进了稻田
救我出来的。是
死了的某某人.
平常我就跟他女儿谈迎接使
者的事,所以她听到父亲这么一说
很快地就明
自时间巳经到了。
他一整天都在自言自语。神情愉悦地","死亡焦虑, 告别与分离, 灵性需求",,,,
ku_pdfbook_7aefe74b,善终守护师.pdf,100-100,"说
着 ,
翌#即平静地走了。听说人要走时,大脑会
分泌出类似吗啡的物质内啡肽
临终者其实没有
痛苦,也体会不到冷暖
甚至连恐惧也会消失。
人的身体里
自然具备了这些机能。而且,
普 终 守 护  师
一定会有迎接使者。迎接使者还没来时
人是不
可能死的。迎接使者来了。这个时候人才会迈向
死亡。
临终医疗学者卡尔 .贝克搜集了数千个临
终经验报告进行研究。现在日本娈成了小家庭社
会。从前只有老年人才跟我们谈这些经验。令人
遗憾的是。这些故事己再没人提起。不知不觉
中。日本人对于客观的。重要的东酉的看法,发
生了重大变化。
我从临终者那里听到迎接使者的实迹。也从
无法言语的临终者的表情中,得知迎","死亡焦虑, 灵性需求, 告别与分离",,,,
ku_pdfbook_3f416e1c,善终守护师.pdf,105-106,"数人是在医院寂寞地走完人生的。
日本的文化。社会制度激烈娈化,
我们面临的生死课题不胜枚举。
我们活在非常矛盾的社会 ,
但无论是临终者还是送行人,
都期盼能贯彻自己的生死观 ,
从容无悔,安心临终。
残酷的现实
某位住在养老院的人士早已声明拒绝延命
抢救
但发生紧急状况时。
仍被养老院送到了医
院,
最后在医院痛苦又遗憾地死去。
当时我正好在福冈某私立养老院工作。该养
老院的建筑像星级酒店 _
提供老人豪华三餐;工
作人员也自带温暖笑容。当时
有不少老人卖了
房子才住进来。其中有位94岁的老律师。他一直
交代我: .柴田。我准备死在这里。我拒绝延命
治疗,若发生紧急状况,你要记住,我巳经受够","死亡焦虑, 医疗决策, 预立医疗计划, 家属沟通, 文化敏感性",,,,
ku_pdfbook_9037b55f,善终守护师.pdf,107-107,"真自然,彻底改娈了我
的价值观。
其实我也曾经历癌症手术,
自己接受了治
疗
当然不是要否定现行医疗制度。但若人已到
了不得不接受死亡的阶段。停止无谓治疗,反而
笫3章  只能在医院等死的日本医疗制度
能活得更像个人,拒绝治疗的人也许可以更长命。
朋友冈崎的父亲在医院病故
他身体一向非
常健康
曾自豪地称能活到120岁。过去根本没机
会跟他谈延命抢救的问题。结果
88岁那年。他
突然无法言语也无法进食家人当然就将他送医。
刚住院时,喂流质食物,后来连流质食物也
吃不下,
只好打点滴。住院两个月。体重掉到38
公斤。血管硬化到都无法打点滴。他勉强能用摇
头和点头来表达,问他要不要做胃造瘘,得到的","医疗决策, 预立医疗计划, 家属沟通, 疼痛管理, 生命意义",,,,
ku_pdfbook_8aaf4ffe,善终守护师.pdf,107-109,"做不了停止延命治疗的决定。
他受不了插入点滴管的痛苦。常想伸手拔
掉。结果。护士把他的手绑在床上。让他动弹不
得。老父用微弱的声音拼命说 ""想回家"" ,然而
冈崎家里还有年事已高的失智老母,也有工作缠
菁终  守 护  师
身。实在无法接父亲回家照护
后来,
冈崎的父亲在医院又患上了肺炎。就
此撒手人寰。
冈崎说。父亲临终时。他一直守护在身旁,
这还算有点心理补偿。其实大部分人都在这种状
况下无可奈何地临终,现今社会已把在医院病故
当成了理所当然
家属的障碍
2011年
我从知夫里岛搬到米子已有两年。
我守护过的善终者
没人接受延命治疗。但从离
岛回到本岛才惊觉。竟然有那么多人依赖延命治
疗而","医疗决策, 家属沟通, 预立医疗计划, 照护负担",,,,
ku_pdfbook_34dd5e75,善终守护师.pdf,113-114,"若是本人期望
的
那没话说;  若没经过本人的同意。那简直就
是酷刑。
三浦绫子曾在她的书中写道: ""人生最苦的
不是自发人送黑发人,而是明明临终。人家还不
让我死。
我亲身经历了很多例子。对于三浦的
菁终 守 护  师
说法极为认同。
护士说怕病患拔掉点滴,所以把他们五花大
绑地绑在床上。这样的临终可不就像酷刑?
延命治疗结果如何?  这里需要具体谈一下
做胃造瘘延金治疗真的好吗?
从前有位住在 ""平安之家'
的老太太因无法
进食住迸了医院。医生问她想不想做胃造瘘,还
特别用轮椅推着她,实地去看看做胃造瘘的患
者。其实,很多医生都没说明什么是胃造瘘。直
接就为患者做了。那位曾与我一起做演讲的","死亡焦虑, 家属沟通, 医疗决策, 预立医疗计划",,,,
ku_pdfbook_07dc8412,善终守护师.pdf,115-115,"模样
就不想活了! ,当时。医生`我及
她的儿子都听到了她明确的拒绝。
然而。当她被推回病房后。医生再度开口
问: ""需要做胃造瘘吗?
这时儿子竟回答: """"那
第3章  只能在医院等死的日本医疗制度
就拜托您了 !
儿子希望母亲活下去,
某种角度这代表他深
爱着母亲。
老实说。我们三个人都很痛苦。儿子也是鼓
足了勇气才说出决定。
医生很困惑
不知如何是好 ,
因为临终者一
口回绝。儿子却又要求做。好在后来老太太的情
况好转,没必要做了。
还有另一个例子。那就是长期与帕金森病缠
斗的女摄影家黑田。她曾住进 ""平安之家""
岁就发了病。
16年间 ,
她拍摄了超过1万张花朵作品。连
续10年发行花","医疗决策, 家属沟通, 死亡焦虑, 生命意义, 老年安宁",,,,
ku_pdfbook_fd1a5907,善终守护师.pdf,117-117,"她期望在自家为亲爱的奶奶送终。
当时
美香问了奶奶的想法,
奶奶说没看到
曾孙她不愿死。为了满足奶奶的心愿,
只好为她
做胃造瘘。美香顺利产下婴儿,老奶奶想抱曾孙
笫3章
只能在医院等死的日本医疗制度
的心愿终于实现了。我去探望美香时。发现她把
婴儿床与奶奶的看护床放在同一个房间,老婆婆
与婴儿睡在同一个房间。
也许有人认为,初生婴儿与死期将至的老婆
婆住在一个房间里。不是很危险吗?  然而。这景
象实在美得令人感动,因为我明自美香为了照顾
奶奶是何等的奋不顾身。
其后。奶奶的营养剂发生逆流,己不能插管
了,最后只能靠打点滴维持生命。美香在最后几
天
直接躺在奶奶床上陪伴她
配合老人家的呼
吸","告别与分离, 家属沟通, 居家安宁",,,,
ku_pdfbook_cf6bdc15,善终守护师.pdf,127-128,"亲是我的宝贝""
真是很棒的女儿。这位
女儿的孝顺值得年轻人学习
现代人只追求速度
及效率,我们的社会因而娈得冷漠。
事实上,婴儿潮世代曾带动经济的发展 
现
在有了余裕。照理说应该得到最好的照顾。他们
普终  守 护  师
回去时
应该对他们说一声: ""您到家了 !
最近
我到公立养老院探望一位老人家,
问
他: ""有什么想做的事吗?
他说: ""想回家!
于是我带他回了家。他一进门。先到祖先牌位前
合掌哭了起来。
我认为养老院应安排老人定期回家。如果人
住进养老院后就回不了家,
那真不得不感慨我们
国家好穷啊!老人住进养老院后,家属就急着想
娈荬他的房产
甚至是为了让老人住进养老院不
得不卖房","灵性需求, 生命意义",,,,
ku_pdfbook_8c3b8998,善终守护师.pdf,129-129,"后,连开口说《想回家'都
是奢求
日本人习惯早晚对祖先牌位礼拜。我们家也
有祖先牌位。我总是与儿孙们一起礼拜。住在养
老院的老人家虽然不愁衣食。还有24小时的空调
第3章
只能在医院等死的日本医疗制度
吹
但最重要的心被忽视了
我愿能实现那 ""回
家""  的寻常自由。
实际上,住进养老院的人根本开不了口说
想一个月回家一次,
因为回家后。没人帮他换尿
布 ,
坐着轮椅也行动不便。就算养老院里有人听
他说。也没人能帮得了。
下面是我在离岛从事善终守护的真实事例
贞子从本岛医院被转到 ""平安之家"" ,我第一次
扶她入浴时,贞子在走廊上就把衣服全脱掉了。
我吓了一跳。连忙把衣服捡起说: ""我们到浴室","死亡焦虑, 未竟事务, 生命意义, 居家安宁",,,,
ku_pdfbook_3236a849,善终守护师.pdf,163-163,"护
但几乎没有照护机构在夜
间运营,
巡回照护形同虚设。此外 ,
超过看护保
险次数上限的人另外加请看护,
一小时是4000
日元。即使一天只请一小时, 一个月的花费就是
第 +章  为幸福的死儆准备
12万。这样的开销给家属带来了沉重的经济负
担,只好放弃在家照护
把老人送进养老院。
对使用看护保险依然得不到充分照顾的人
天使团队只收取车马费。经过几年的发展,
目前
我们有384名善终守护师,天使团队在全日本有
412个分支。义工人数将近3000名。各分支有自
己的负责人和运营方法。
我们来看三个天使团队服务的例子。
喜代婆婆如愿回家
有人给 ""平安之家"" 打来一通电话: ""我妈
妈想从医院","照护负担, 存在性痛苦, 告别与分离, 居家安宁, 老年安宁",,,,
ku_pdfbook_236cdbdc,善终守护师.pdf,163-164,"帮忙吗?
于
是我们先到医院探望临终者的状况。
94岁的喜代婆婆在病床上欣喜地看着我。初
次见面她就紧握着我的手说: ""我想回家。我寂
寞。你在我这里睡 !
她邀我上她的床铺。就这
三句话
反复说着。
善  终  守  护  帅
老人家这样说
唤起了我送她回家的使命
感,我其实都还没做什么准备,只是一心想送
给她人生最后1 %的幸福。从那天起,我四处征
寻该地区的义工天使。结果出院当天,一下来了
12名。
义工的工作内容 ,
只是陪伴在身旁
握着她
的手,
守护她。义工天使总是会为不相识的人迅
速集结,热情地献上自己的时间,这是我没有预
料到的。
在12名义工天使的帮助下 _
老人回到了自己
","居家安宁, 家属沟通, 告别与分离",,,,
ku_pdfbook_c79e0bba,善终守护师.pdf,168-169,"了很长时间。
房间里弥漫着清爽的气氛。我想起
父亲与我永别的时刻,透过纸门的亮光。照子的
脸上都是光芒
在天使团队出动服务的第20天
照子在义工
及家属的守护下安详辞世。
笫 4章  为幸福的死做准备
|第5章 |
与医界对话
这里要介绍两位我敬爱的朋友,
长尾诊所所长。知名作家长尾和宏 ,
以及心身医学专科医生岩田千佳。
长尾诊所除了接收普通患者 ,
也为无法到诊所治疗的病患提供居家照护支持等
综合性服务 ,
即所谓的家庭疗养支持诊所 ,
自成立以来,已守护过近千名患者在家平稳临终。
岩田医生目前致力于融合医疗这个新领域;
她总是慷慨地与同人分享新的知识与技术。
岩田医生关心我们 ""平安之家","告别与分离, 居家安宁",,,,
ku_pdfbook_5dbc0076,善终守护师.pdf,170-170,"《请不要死》。若有人指
着我的鼻子说 ""请不要死""
我的脑子里会冒出
很多往事。
我的亲友有好几位都是自杀而死,
父亲就是
自杀亡故的。所以,
请不要死
正是我想呼吁
的。换句话说就是
'请不要自杀""
父亲的自杀让我更加坚信人不可以自杀。我
的亲身经历
让我知道作为遗弧终生被 ""自杀恐
惧""  纠缠的感觉。有亲人自杀的人,精神力量看
似比别人强大。但其实有部分是怪异扭曲的
从东京医科大学毕业后,我进人大阪大学医
院笫二内科
在那里做了两年研修医生后。转到
大阪某个犹如野战医院的急诊医院工作。我在那
里几乎每天看诊的对象都是临终者。每天都被死
亡追着跑。那是我自己的选择,但当时忙得令我
想逃。
","死亡焦虑, 抑郁情绪, 哀伤与丧失",,,,
ku_pdfbook_1c840e37,善终守护师.pdf,171-171,"。翌日,被副院长叫到办公室痛骂: ""你昨天
晚上做了什么?  大笨蛋 !
真是骂得好。好在我
后来努力工作。总算完成实习研修
之后回到大
阪大学医院工作了5年。又到市立芦屋医院担任
第5章
与医界对话
住院医生4年。
我在芦屋医院工作期间遇到了阪神大地震,
那时我在那里看到的不是病人,而是健康的人的
遗体。我生平第一次看到幼儿的遗体
从那时候
开始。我发现我 ""想死还太早了点""
担任住院医生第十年的某个晚上。有位我主
治的癌症晚期病患从医院顶楼跳楼自杀。那位病
患曾拜托我让他停止治疗回家。而我断然说不能
停也不许回家。清晨为这位病患解剖验尸时。我
直反省,是我杀了他,真的对不起。
这个事件改变","未竟事务, 生命意义",,,,
ku_pdfbook_44861b8f,善终守护师.pdf,177-177,"生会写死亡证明书。基
于上述两点理由,这个世界还需要医生。为了不
引起误会,
在此要特别说明的是。就如《医生
法》第二十条保障的。当人咽下最后-口气时,
并不一定需要医生在场。
笫 5幸  与医界对话
在日本 ,
'尊严死""与
《安乐死'
是不一样的
您对死的见解,是非常阳刚的
我听了很多对死的看法。但我不明自自己
是否跟多数人一样。很多人都是自己提前选定墓
园。我至少也要做到这些。遗嘱。遗书等。都应
该趁早写好。
我年轻时好想患癌去世。曾是个暴走族的
我。也想过骑摩托车出车祸而死。后来又想。其
实倒在路上死去也不错。至于现在。我每天都面
对着过劳死的风险。过劳死也算慢性自杀。
有些国家准许知","死亡焦虑, 未竟事务, 预立医疗计划, 生命意义, 告别与分离",,,,
ku_pdfbook_6e953480,善终守护师.pdf,177-178,"自己患上末期疾病快死的
人
向医生取得死的处方,这其实也算自杀的一
种。这么一说
感觉自杀也变得颇具多样性。不过
奉劝大家。健康的人绝对不要从大楼上跳下来啊 !
我也在博客里写过
在日本发起过针对自杀
普终守护  师
的公民运动。美国的俄勒冈州
华盛顿州
佛蒙特
州
蒙大拿州
新墨酉哥州等
巳允许由医生实施
自杀帮助。这种做法在日本会被认定为杀人罪。
医生对死期将至的人,施予致死药物。在欧
美被称为尊严死。欧美人士说的尊严死
其实就
是日本人说的安乐死,
这在日本可是毫无疑问的
杀人罪。大家用词上要小心。
日本人说的尊严死与欧美的尊严死。概念上
完全不一样。日本人说的尊严死
指的是自然死
或平","医疗决策, 预立医疗计划, 存在性痛苦, 文化敏感性",,,,
ku_pdfbook_ee2b9dda,善终守护师.pdf,179-179,"努
力许久才能解开日本社会对尊严死的误解。最
近。大家不是在谈尊严死,就是在说安乐死。其
实这两者都以自杀为前提。基督教禁止自杀。称
自杀行为是对上帝的挑战。这些概念。其实还没
第 5蕈  与医界对话
有被好好讨论过。
我们要在这里谈一谈容易被误解的几个重
点。日本所说的尊严死,
指的是自然死或平稳
死。然而,
欧美社会认为人快死了。不必强制照
护。吃不下也没关系,不用勉强,否则反而冒犯
了人的尊严
日本社会认为安乐死根本就是杀人的犯罪行
为,例如医生会开镇静剂让患者安眠,
日本国内
认为镇静剂会缩短寿命。但我认为这只是浅层观
点。欧美社会的态度则是人都快死了 _
即使因
注入镇静剂缩短了一点","生命意义, 灵性需求, 宗教需求, 文化敏感性, 医疗决策",,,,
ku_pdfbook_9f565285,善终守护师.pdf,179-180,"层观点中解脱出来。其
实。寿命本身并不固定
谁能确定是因为投用镇
静剂而使寿命缩短了?  我认为人最后怎么死。用
什么词去定义都没什么意义。重要的是要让人笑
着度过最后的阶段
这才是人该追求的尊严死。
善终  守 护  师
是啊,我也希望临终者最后都能含笑而归
有人问我对自杀的看法。
我希望加以预防。人想自杀时
就像是被什
么东西附了身。这种自杀要加以预防。然而。认
清死期己届的患者。所谓的自杀其实己经不叫自
杀,
而应该被划归为尊严死。我觉得日本应该像
欧美社会一样
让人有更自由的选择空间。
希望大家听我这样说。不要产生误解。我们
看一看允许安乐死的荷兰就知道。实际上每年安
乐死的人数并不多","死亡焦虑, 生命意义, 医疗决策, 预立医疗计划",,,,
ku_pdfbook_1cf52597,善终守护师.pdf,187-188,"的讨论。
生死学或临床生死学。是要把死的各个层面
都拿来讨论。法律也是如此
但那些自以为是的
人连我跟他们讨论的余地都没有留。不管是言论
还是思想,若没有多数人的支持,其实没意义。
第5章
与医界对话
我这一说
或许又有人要骂说 """"用多数表决杀死
弱者"" ,我暂时不能讲太多
至少。我的书获得了读者的支持,写书本身
就带有意义。就算书有不周全之处,但能感受到
人的意志。出版还是有意义的。
尊严死协会成立的1976年是个
转折点
您曾说要走中庸之道,愿闻其详
刚才提到了近藤诚的极端言论
最近又有中
村仁-写的《往生: 想好死就不要相信医疗》。他
是我尊敬的医生。从某个角度而言。他的这本书
写得相","死亡焦虑, 医疗决策, 预立医疗计划",,,,
ku_pdfbook_4853af71,善终守护师.pdf,189-189,"亲因抑郁症住进医院。他不但没好
转,最后还自杀了。现在的医疗甚至把失智老人
强行关进精神病院。
我总觉得,我生来是为了解放被现代医疗制
度囚禁的个人尊严。今后 ,我要用谁都能理解的
第5章
与医界对话
幽默语汇。甚至用影像。继续表达我的意见;  我
也要去拍摄居家治疗患者的影像,
当然要先征得
患者的同意。我说再多都没用
影像的说服力强
多了,也许我去做制片人之类的工作还比较容易
成功。
对啊,我也有同感
为什么死这件事不能公开谈论?  因为。自古
以来在日本,死被视为忌讳,
充斥着对这个议题
展开讨论的阻碍。我也想去国会陈情,但到了现
场一定会被骂 ""你这个杀人犯""
全世界只有日本这个国家。","死亡焦虑, 生命意义, 预立医疗计划, 文化敏感性",,,,
ku_pdfbook_7d2e5e67,善终守护师.pdf,205-206,"现状下,
年轻病患反映了
社会的病理。所谓灵魂的痛苦。不仅是死前发出
来的心灵之痛。其实也包含渴望知道自己活着的
意义。疾病与压力有密切的关系。倾听及诉说可
减轻压力。巳到了极限的家庭及社会若不改娈,
善终  守 护  师
其实是无法对因社会压力而生病的人进行根治的。
心灵治疗是关键
其后,我把心灵治疗当作思索医疗议题的
关键 
甚至去走访了心灵治疗的最前线-一安宁
病房的发祥地英国。我在那里访问了临终医疗
先驱西西里 `桑德斯女士。见到桑德斯女士后 ,
我学到安宁病房里最重要的是陪伴者应有的态
度及表现
从英国回来后,我找到了在安宁照护医院里
当医生的工作。
T是一名美丽的50岁女性,
她被","死亡焦虑, 存在性痛苦, 生命意义, 灵性需求, 癌症末期",,,,
ku_pdfbook_bcbd0f66,善终守护师.pdf,207-207,"缓解末期症状
住进了安宁病房。当时 ,
她的癌细胞巳转移到骨
骼。肝脏及肺部。为了减轻痛苦
让她服用麻醉
性止痛剂,后来内服止不住痛苦,只能从她大腿
根部静脉处插管,
打点滴止痛。
第5章
与医界对话
T胸腔积水导致呼吸困难,有时需要将管子
插入肋骨间的细缝,抽出积水。当积水被成功抽
出后 ,
她会露出笑容说 ""轻松多了""
她全身倦
怠,全脸因类固醇副作用娈变得浮肿。
某日,T对我说: ""如果您觉得我已经可以
到另一个世界了,您要先在我耳边通知我哦!
她用急促又浅小的呼吸,微弱地说出最后心愿。
几乎与宣告的时日相符。在圣诞树被点亮的
时分。在众多亲友的守护下,
她走完了人生。
她生命最后的美丽","疼痛管理, 呼吸困难, 疲劳与虚弱, 告别与分离, 生命意义",,,,
ku_pdfbook_844ae3b2,存在主义心理治疗.pdf,19-20,"
隔绝在所有其
他孤独之下。无论我们之间变得有多么亲密无间 ,仍然存在一个最
终无法逾趱的鸿沟;我们每个人都是独自一人进入这种存在 ,同时也
注定要独自离开。一方面是我们对自身绝对弧独的意识,另一方面
1677 ,荷兰唯钩主义圬学家。
译让
笫一章
n论
是对接触 ,保护的渴望 ,以及成为一个更大整体的一部分的愿望.存
在性冲突就是这两个方面之间的张力。
无薏义。第四个终极关怀或存在的既定事实是无意义。如果我
们注定得死 ,如果我们构建我们自己的世界 ,如果每一个人最终都是
独自一人身处于一个无关紧要的世界之中 ,么生命有什么意义?
我们为什么要活着?  我们应该怎样活着?  如果并不存在为我","存在性痛苦, 生命意义",,,,
ku_pdfbook_b0fe202f,存在主义心理治疗.pdf,27-27,"丹麦年轻人又点燃了一
根丐茄 ,继续沉思。突然间 ,他的脑海中闪过这样一个念头:
你必须傲点什么 ,但基于你有限的能力 ,不可能再使任何事
情变得更容易 ,你必须以和他人相同的人逍主义热忱 ,努力使某
第一章
导论
件事变得更困难。
他的推论是,当所有人都联合起来使每件事都娈得更容易时 ,就
有过度简化的危险。也许需要有人使事情再度娈得困难起来。他发
现了自己的使命:寻找困难一好像一位新生的苏格拉底一样。那
么是哪些困难呢?  要找出来诈不难。他只:要想一想自己的存在处
境,他自己的恐惧 ,他的选择 ,他的可能性和限制。
祁克果将短短的余生投入到对自身存在处境的操索中 ,在1840
年代发表厂",存在性痛苦,,,,
ku_pdfbook_f12e179b,存在主义心理治疗.pdf,46-46,"系中全然付出,能敏感地意识到
周遭的自然环境 ,能发现生命中对自己有意义的任务并献身其中。
托尔斯泰的《伊万。伊里奇之死 》 ( The Death Of Ivan Ilyich
也包舍着类似的主旨。
伊万 。伊里奇是个心胸狭窄的官僚 ,得亍不
治之症 ,大概是腹部肿瘤 ,遵受着非比寻常的痛苦。他的痛苦一直持
续 ,直到死前不久,他突然领悟一个令人震惊的真理
他死得很糟
糕是因为过去活得很糟糕。在临死前的最后几天 ,伊万经历了彻底
的转变,这种转变最恰当的说祛就是个人成长。如果伊万是接受心
理治疗的病人 ,任何治疗师都会因为他的改变而感到自豪:他更能与
他人共情;他长久以来的怨恨 ,傲慢和自我","死亡焦虑, 存在性痛苦, 生命意义, 告别与分离",,,,
ku_pdfbook_645a3c47,存在主义心理治疗.pdf,47-47,"我现在热爱上帝 ,也希望能为别人儆些事情。""还
有一位说:
在现实生活中 ,陀思妥耶夫斯基在二十九岁肘曾在行刑队前等候枪决.而屐后一刻
又获徂缳刑
这件办对他的生活和小说祁产生了至关重耍的憨响。
死亡
第二章
生命 ,死亡与焦虑
我再次充满了活在人世的崭新希望和目的。这趄越了绝大
多数人的理解范围。我欣赏生命的奇迹一比如看着鸟在飞
翔一一当你险些失去时 ,每件事物都变得更有意义。我体验到与
所有事物黜为一体,和所有人和谮一致。在我的心灵获得重生之
后 ,我还能感受到每个人的痛苦。每件事都变得如此清晰鲜明。
还有许多其他临床实例。亚伯拉罕 .施密特详细描逑了一位长
期抑郁的病人,她有一次严重的自","死亡焦虑, 生命意义, 自杀意念",,,,
ku_pdfbook_e056217c,存在主义心理治疗.pdf,48-48,"心 ,更有
人情味
阿卜杜勒
侯赛因和酉摩 `图兹曼是负贲监狱中""死牢""的医
师 ,他们在一篇临床案例报告中谈到三位被判死刑却在最后一刻缓
刑的人。根据他们的报告 ,这三个人的人格特质都显露出深刻的转
笫一部
死亡
变和""显著的态度改变"" ,并且在接下来几个月中一直持续。
瘤症:面对死亡的关头。
""Crisis"" 在汉语中写作""危机"" ,是两个
象征符号一
""危险""和""机会""
~的纬合。我在治疗晚期瘤症病人
的多年里 ,为很多人将自己的危机与险境转为改娈的机会所感动。
他们报告了惊人的转娈和内心娈化 ,最恰当的表述就是""个人成长""
重新安排生活的优先级:不再重视没有意义的事情。
释放的感觉 ,","死亡焦虑, 存在性痛苦, 生命意义, 癌症末期",,,,
ku_pdfbook_f87b74f3,存在主义心理治疗.pdf,55-55,"继续将焦虑作为灯塔或指南针:他们针对焦虑迸
行治疗 ,揭示其根本来源 ,最终目标是试图根除这些来源 =
死亡焦虑:人类经验与行为的重要决定因素
对死亡的恐惧是普遍存在的,而且这种恐惧是如此巨大,以至于
弟二章
生命 ,死亡与焦虑
人将生命的大部分能量都消耗在对死亡的否认上。死亡的超越是人
类经验中的一个重要主题
~从个人内心最深层的现象(我们的防
御 ,动机 ,梦与梦赝)到最公开的宏观社会结构 (我们的历史遗迹 ,宗
教停仰 ,意识形态 ,长眼的墓园 .防腐存尸 ,太空探索) ,乃至我们整个
生活方式(打发时间 娱乐成瘾 ,对不断进步这一神话的坚定停仰,
""问前冲""的驱力以及流芳百世的渴望)。","死亡焦虑, 告别与分离",,,,
ku_pdfbook_0e694ec9,存在主义心理治疗.pdf,55-55,"生活的基本单元,是出于
对死亡的恐惧而形成的:人类远祖聚集在一起是出于对分离的恐惧,
出于对黑暗中潜伏的危险的害怕。我们维持这种团体,为的是维系
我们自身,而追溯团体的历史是对于永生不朽的象征性追寻。
事实
上,就像黑格尔侵设的那样 ,历史本身就是人与死亡之间的故事。罗
伯特
杰伊 。利夫顿谈到儿种人类试图获得象征性水生的模式,从
中可以看到死亡恐惧对文化无所不在的影响 :(1)生物学模式一通
过子孙后代 ,通过无穷无尽的血缘连纬 I活下去;(2)神学模式
在一个与此闻不同的更高等的存在层面活下去;(3)创造性模式
通过个人作品及其创造性的长久影响力,或是通过对他人的影响而活
下去(利夫顿认为","死亡焦虑, 存在性痛苦, 生命意义",,,,
ku_pdfbook_020b5580,存在主义心理治疗.pdf,57-57,"问题的实质;趄心别人也显然不
是担心自己。对个人从此消亡的恐惧似乎是忧惧的核心:""我所有的
计划和构想都纬束了""以及""我再也不能有任何经历了""
雅克
柯隆在对有关死亡的主要哲学观点进行综述肘 ,得到类
第二章
生命死亡与焦&
似的分析结果。他区分出三种死亡恐惧类型:(1)死后的情形;(2)临
终的情形;(3)生命的终结。正如罗伯特
凯森鲍姆所指出的 ,这三
种恐惧中 ,前两种是与死亡有关的恐惧。2只有第三种恐惧""生
命的终纬"" (纬束,消亡 ,毁灭) ,才是更核心的死亡恐惧;我在这几章
里要谈的也就是这种怼惧。
祁克果首先厘清了恐惧和焦`(忧虑)之间的差别;他认为,恐惧
是害怕某种事物 ,而忧","死亡焦虑, 存在性痛苦, 生命意义",high,,,
ku_pdfbook_5a2301d8,存在主义心理治疗.pdf,66-66,"发现 ,女性比男性
更不愍回答问焱中令人不安的项目。
例如,介^个琐日(""你会不会生动地想象自己垂死
或死去的惰庀"" )只有  78 %的女性儆出了回答 ,而毋性作答比例却商达 98%.
士)统赀剩验
第一部
死亡
着更多的死亡焦虑 ,死亡先占观念 ,对葬礼和疾病更为恐惧 ,世更容
易薏识到被压抑的死亡观念。老年精神病患者申 ,意识层面的死亡
焦虑与 MMPI 抑郁量表计分呈正相关;事实上,这个相关非常强 ,以
至于研究者认为可以将老年人明显的死亡焦虑视同其抑郁症状的
部分。同一项研究还显示 ,死亡焦虑和躯体症状(麋乃尔医学索引)
之间并没有相关。躯体化可能是对死亡焦虑的反应 ,它把死亡焦虑
","死亡焦虑, 抑郁情绪, 老年安宁",,,,
ku_pdfbook_46d1eb8e,存在主义心理治疗.pdf,68-68,"式出现。一项关
于梦的大型标准化研究显示 ,百分之二十九的梦境中出现了明显的
死亡焦虑。2另一项关于梦魇的广泛研究显示 ,成人梦境中最常见的
焦虑主题就是垂死或被谋杀。其他常见的主题也与死亡有关:某个
第一部
死亡
家庭成员或其他人垂死 ,或是做梦者的生命因意外或被他人追逐而
受到威胁。意识中死亡焦虑的大小是否与死亡梦赝的数量相关呢?
各种研究显示出不一致的纬果,有赖于各自使用的死亡焦虑量表。
然而,曾有密友或亲人死亡经历的被试(特别是十岁以下的儿童) ,更
可能出现与死亡有关的梦赝。一项研究报告了一个有趣的发现;在
意识层面的死亡焦虑与梦境中死亡主题之间 ,存在一种曲线的关
系。换句话说 ,",死亡焦虑,,,,
ku_pdfbook_c29f17f6,存在主义心理治疗.pdf,69-69,"与实践对死亡的忽略
所有上述对死亡的观点
文化传统 ,临床经验 ,实证研究
都对心理治疗具有深刻的意义。将死亡纳人到生命之中 ,会使生命
更为丰富;这会使人有能力从令人窒息的琐事中解脱出来 ,以更坚定
第二章
生命,死亡与焦虑
和萁诚的方式生活。对死亡的充分意识可能促成彻底的个人改变。
但死亡是焦虑的根本来源 ,弥漫在内心体验中 ,我们用大量个人的动
力方式来防御它。此外 ,正如我将在第四章讨论的那样 ,以适应不良
的方式处理死亡焦虑 ,所形成的各种表现 ,症状和人格特质,我们称
之为""心理病理""
虽然有上述令人信服的理由 ,可是心理治疗中的对话却很少包
含死亡的概念。几乎在精神卫生的所有领域",死亡焦虑,,,,
ku_pdfbook_5fe6cca3,存在主义心理治疗.pdf,71-71,"真相。
临床研究
对死亡观念的忽略 ,在临床研究中也有非常深远的影响。例如,
裒伤和丧亲领域即是如此。尽簪很多研究者煞费苦心地仔细研究过
幸存者的调适 ,却完全没有考虑到幸存者不仅承受了""丧失客体""的
笫二章
生命 ,死亡与焦虑
痛苦 ,同肘也面临着丧矢自己的情形。在失去一个人的悲痛之中 ,还
隐含着一个信息:""如果你的母亲(父亲 ,孩子 ,朋友 ,配偶)死去 ,那么
你也会死。"" (我有一位病人在父亲过世后不久出现幻觉 ,听到头上面
有一个低沉的声音对他说:""下一个就是你。"")有一个被大量引用的
研究 ,是关于寡妇第-年的守寡生活 ,研究者记录被试的叙述 ,比如
""我觉得自己正走在黑暗深渊的","死亡焦虑, 哀伤与丧失, 存在性痛苦, 生命意义",,,,
ku_pdfbook_1d923f25,存在主义心理治疗.pdf,71-71,"中是
一个很不安全 ,充满危险的地方 ,还有生活变得毫无薏义 ,没有目标 ,
以及莫名的愤怒。我相信如檗深人探索上迷每一种反应的话 ,研究
者就可以得到重要的结论 ,发现丧失的体验可能促使幸存者面对自
己的死亡。然而 ,这项研究的研究者,以及其他我曾读过的关于丧亲
的研究 ,都从另外一个参考架构来处理 因此无法挖掘到宝藏。这种
失败再次证明 ,当行为科学忽略了那些凭苴觉就显而易见的真理时
就会发生知识的贫化。四干年前的巴比伦叙事诗《吉尔伽美什 ) (Gril-
gamesh )是1早的文宁记录之一,其主人公非带清楚朋友恩奇都的死亡
预示了他自己的死亡;""主宰你的长眠的是什么?  你娈得阴暗 ,","死亡焦虑, 哀伤与丧失",,,,
ku_pdfbook_e5929439,存在主义心理治疗.pdf,74-74,"以至于心理动力
学思想的演变在很大翟度上就是弗洛伊德思想的演变。虽然他有异
乎寻常的先见之明 ,但我相信,他对死亡领域一直有盲点 ,使他香不
清人类内心世界中某些显而易见的方面。我会星现一些资料来说明
笫一部
死亡
弗洛伊德如何在临床和理论思考中都回避死亡,并提出这种回避背
后的一些原因。
弗洛伊德对死亡的回避
弗洛伊德对临床和理论的第一个重要贡献就是在 1895年与约
瑟夫 `布雷尔合著的《歇斯底里症研究》。这是一本引人人胜的菁
作 ,并且值得我们注意的是 ,它清楚地显示出对死亡的选择性忽视,
也为它所孕育出的整个心理动力学治疗领域打下了排斥死亡的基
础。书中提出五个主要案例,一例(安娜 +","死亡焦虑, 存在性痛苦",,,,
ku_pdfbook_bbd68783,存在主义心理治疗.pdf,74-74,"四
例由弗洛母德撰写。另外几个案例以零散的形式出现在脚注和讨论
的章节。每位病人开始接受治疗时都有充分的典型症状 ,包括瘫痪
麻痹 ,疼痛 ,抽搞 ,疲劳,强迫观念 ,窒息感 ,丧失味觉和嗅觉,胡言乱
语 ,失忆 ,等等。弗洛伊德和布雷尔根据对这五位病人的研究 ,提出
歇斯底里症的病因假设利基于这种傻设的系统治疗方祛。
五位病人在早年生活中都曾遵受过某些重大的情绪创伤。弗洛
伊德指出 ,通常情况下 ,创伤虽然造成困扰 ,但并不会造成长久的影
响 ,因为创伤引发的情绪已经消散:要么得到宣泄(通过以某种有效
的方式表达情绪) ,通过其他方式被修通 (弗洛伊德说创伤的记忆可
能进入""相关的重大情结 ","未竟事务, 存在性痛苦",,,,
ku_pdfbook_57c5de50,存在主义心理治疗.pdf,75-75," ,但弗洛伊
德对于造成症状的创伤本质的描述 ,从第一个病人到最后一个病人
却发生了非常有趣的演变。(他在引言中说;""对从宣泄到精神分析
的发展感兴趣的读者 ,我能给出的最好建议就是阅读《歇斯底里症研
究》,并跟随我的履迹。 )85
书中前几个病例中的创伤似乎很琐碎:读者需要相信个体根深
蒂固的神经症状态是出于被恶犬追逐,被雇主用棍子殴打 ,发现女
仆让狗喝她杯子里的水,或是因为爱上雇主而必须忍受其不公正
的斥责。随荇该书的发展 ,弗洛伊德对于积压创伤的解释变得过分
复杂。他开始相僖病人是因为一些能在希腊悲剧中找到的原犁忧虑
而深受折磨
~对儿童的憎恨89 (因为儿童妨碍了妻子照料垂死丈
夫的","存在性痛苦, 生命意义",,,,
ku_pdfbook_215cff5c,存在主义心理治疗.pdf,76-76,"被种下:创伤事件的记忆受到潜抑 ,而伴随的情感则转化
成焦虑。当预堋创伤会再度发生 ,或预期会出现某种类似的危险时,
焦虑就会被重新唤醒。
是什么类型的创伤呢?  什么事件如此恶性 ,竟然会萦绕一生挥
弟一部
死亡
之不去?  弗洛伊德最早的答案强调无助感。""焦虑是无助的原初反
应,后来在面对创伤时作为求助的僖号而亚现。9接下来的任务就
是明确哪些悄境会引发无助感。由于焦虑问题是精神分析理论的核
心 ,而弗洛伊德又在其整个职业生涯中大胆地改娈基本理论 ,这就难
怪他关于焦虑的说法有很多不同版本 ,时而又互相冲突。9在弗洛毋
德永不停休的筛选中 ,有两项基本的焦虑起源一直保留下来:丧失母
亲(遗","死亡焦虑, 存在性痛苦, 告别与分离",,,,
ku_pdfbook_2c37d22d,存在主义心理治疗.pdf,79-79,"疝倒小汊断,挺出兀乎与戎完全柑同的
观点,并得出结论说 ,力比多理论将死亡""去死亡化
可悄他的书出版时 .本书已经完稍,
孜无祛以意义的方式吸纳他哟丰宙汩识。
他的书是
部思考缜霹的亚要著作 ,佐褂用
第二章
生命 ,死亡与焦虑
方式,洪荒时期的原始部落 ,根本的驱力与本能。可他在死亡面前突
然停下脚步。他为何不朝向遗弃和阉割的共同特征再往前迈出显而
易见的一步呢?  这两个概念都建立在本体论的基石上。遗弃和死亡
缠绕在一起:被遗弃的灵长类必然灭亡;被抛弃的命运必然是社会性
的死亡 ,紧随其后的就是身体的死亡。从隐喻的角度来看阉割 ,也与
毁灭是同义的;如果从字面来看(而弗洛伊德就是指字面的意","死亡焦虑, 存在性痛苦, 生命意义",,,,
ku_pdfbook_1315ba96,存在主义心理治疗.pdf,81-81,"的表述亳无意义,而且无论
心理玄学(Metapsychological , 豉后设心理学)足f神分析N{的术语 ,.咨伊德瞥
用这个词来说明栋柙分析体系中的趣意识孥验,后来直接表示棘柙分析设憩
~译注
第二章
生命 ,死亡与焦虑
如何也无祛得到证明
他的论据还是像以前一样令人难以信服:
人不可能真正地设想死亡
因为自我的某个部分始终是活着的观
察者。弗洛伊德再度得到一个令人无法满意的结论:""死亡恐惧就像
Nl0
良心的恐惧一样,是阉割恐惧的进化产物。
我们还需注意 ,弗洛伊德对死亡的忽略,只局限于对焦虑 ,潜抑
和潜意识正式理论的讨论:简而言之,就是心理机制的内在运行方
式-齿轮 ,轴承和蓄电","死亡焦虑, 存在性痛苦",,,,
ku_pdfbook_0db72c31,存在主义心理治疗.pdf,87-87,"部麻醉药而声名大噪
极少有人能与弗洛伊德的聪明才智匹敌:他有极大的想象力 ,无
穷的精力和不屈不挠的勇气。可是当他进人职业成熟期时 ,却发现
自己通往成功的道路受到不公而无常的阻碍。布鲁克不得不告诉弗
洛伊德,由于维也纳的反犹太主义.他恐怕没有希望获得成功的学术
生涯:大学的支持 ,认可和晋升都向他关闭了大门。弗洛伊德在二十
七岁肘被迫放弃研究 ,成为一名开业医师。他研习精神病学,并开始
私人执业。""伟大的发现""现在成为他出名的唯一机会。
弗洛伊德对时间和机会渐渐流逝的感觉,亳无疑问能够解释他
在可卡因事件中的不谨慎。他读到南美原住民从咀嚼可卡团值株中
获得力量,于是把可卡因引人临床实践 ,并","抑郁情绪, 疲劳与虚弱",,,,
ku_pdfbook_6e75d09b,存在主义心理治疗.pdf,97-97,"么 ,还有一个障
碍:儿童对死亡的认识裉少能长久保持原初的样貌。成人乔到孩子
因为想到死亡而困扰时 ,会感到非常心疼 ,而急着去使孩子免受伤
害。而孩子会察觉到大人的焦虑,并因此发觉必须压抑对死亡的担
笫三章
儿童的死亡榧念
心:这种担心并不能从父母那里得到真正的缓解。许多父母尽簪文
化程度很商 ,也下定决心耍对孩子提供诚实的教导 ,但当看到孩子痛
苦时就会产生动摇。安东尼报告了一个五岁孩子和他身为大学教授
的母亲之间一段简短而生动的对话:
孩子:""每一个动物都会死吗?""
母亲:""对 ,动物都会死。每-种有生命的东西最后都会死。
孩子:""我不想死。我要活得比地球上的每一个人都长。
母亲:""你永","死亡焦虑, 家属沟通, 儿童安宁, 告别与分离, 哀伤与丧失",,,,
ku_pdfbook_d76b1149,存在主义心理治疗.pdf,103-103,"认可弗洛
伊德在1923年提出的理论 ,认为存在一种普遍的潜意识死亡驱力;
但她还论证说,如果人类要存活的话 ,必然有一种对丧失生命的恐惧
来平衡死亡驱力。克莱因认为死亡恐惧是焦虑的原始来源 ,而性焦
笫三章
儿r的死亡概念
虑和超我焦虑是后来的衍生现象。
我在精神分析中的观察表明,潜意识中存在-种对生命消
亡的惑惧。我还认为如果我们假设死本能的存在,就必须也假
设心灵最深层存在-种死亡恐惧的形式来回应死本能。死本能
在内心中运作所产生的危险 ,是焦虑的最早原因。
对被摧
毁的恐惧是对自身完全消亡恐惧的-种率直表达。
死亡恐
惧形成了阉割焦虑 ,而不是""类似于""厨割焦虑。
既然生殖
是对抗死亡","死亡焦虑, 存在性痛苦, 儿童安宁",,,,
ku_pdfbook_9e1d5cf0,存在主义心理治疗.pdf,104-104," ,所有两岁以
上的儿童都知迸房子被炸后会倒塌 ,也知道人常常会因为房子倒塌
而死亡或受饬。她描述了一个四岁半的孩子,知道自己的父亲死
了,孩子的母亲希望孩子会拒绝相信父亲的死亡 ,但孩子坚持说:""我
第一部
死亡
知道父亲所有的事。他被杀死亍 ,再也不会回来了。
弗曼治疗许多丧亲儿童 ,她认为儿童在出生后第二年里就对死
亡有基本的认识 ,这种认识会被某些更早期的经验所强化 ,帮助儿童
形成必要的心理素质。弗叟引用下述实例:
母亲过世时 ,苏酉刚刚三岁。当得知这个不幸的消息时 ,苏
西立即问:""妈妈昵?""父亲问她是否记得前不久他们发现一只死
鸟 ,井将它埋了起来。他解释妈妈也死了,己经埋起来了","儿童安宁, 哀伤与丧失",,,,
ku_pdfbook_8097a504,存在主义心理治疗.pdf,105-105,"死,
我不想死""然后她又间人是怎么死的 ,会不会痈 ,死了以后
会不会再睁开眼睛 ,会不会说话 ,吃东西,穿衣服。在流泪问这
些问题时 ,她忽然谠:""我现在要继续吃茶了。""于是这件事就被
暂时忘记了。
弟三章
儿童的死亡概念
有意思的是这位母亲混乱和不明确的反应,她在不久之前回答
女儿关于出生和宝宝来自何处的疑问时没遇到什么困难。她对上述
报告的纬语是:""这个问题完全出乎我的意料。尽管我预料到小孩会
问出生之类的问题 ,却从没想到过孩子会提到死亡 ,而我自己对死亡
的看祛也还很模糊。""显然,无论这样的父母在口头上提供怎样的安
慰保证,孩孑都会感知到父母伴随肴言语的焦虑和困惑
其他孩子与父母的对","儿童安宁, 死亡焦虑",,,,
ku_pdfbook_613b27aa,存在主义心理治疗.pdf,111-111," ,感觉会很少
他完全死了 ,就不会有任何感觉了。""
G.卫. (六岁) :""他伸开胳腱躺着。你没法把他的胳膊放下
来。他不能说话 ,不能动 ,看不见。
眼睛睁不开。他艄了四天。
#为什么躺了四天?""
第三章
儿童的死亡概念
""因为天使们找不到他。天使们把他挖出来 ,带走他 ,他们
绐他翅膀 ,然后飞走。
这些叙述令人大开眼界。即使在这么简短的摘录中 ,我们也会
惊讶于儿童内心的矛盾 ,惊讶于对死亡了解水平的变化莫测。死人
有感觉 ,可是又不会有感觉;死人会成长 ,却又停留在不变的年纪,
身材适合棺材的尺寸。一个孩子把爱犬埋了起来 ,但又在坟摹上
留了些食物 ,因为狗可能会有点饿。还有个孩子似","儿童安宁, 告别与分离, 死亡焦虑",,,,
ku_pdfbook_5afbbcee,存在主义心理治疗.pdf,116-116,"?""
""像雪-样白,死亡全身都是白的。它很坏。它不喜欢小
孩儿。
'为什么?""
""因为它的心肠很坏 ,死亡也会把大人带走。
为什么?
'因为它不喜欢看刭他们。
它白色的地方是什么?""
骷饕。骷髅骨头。
笫一部
死亡
#它是真的长成这样 ,还是别人谠的?""
""是真的。有一次我谠起它,晚上真的死亡就来了。它有一
把万能钥匙,所以能打开门。它进了房间 ,到处乱碰。它桌到我
床边,想要扯掉我的被子。我把自己盖得很紧,它扯不掉,后来
就走了。
卫G。(八岁六个月):""有人死的时候,死亡就会带着一把大
镰刀来,把人砍倒带走。死亡走了以后 ,会留下胂印。脚印消失
以后 ,它就会再回来砍更多人。当人们想抓死亡","死亡焦虑, 儿童安宁",,,,
ku_pdfbook_29b945d7,存在主义心理治疗.pdf,124-124,"人住进精神病
院的年龄与父母死亡的年龄之间存在显著相关。换句话说,病人住
院时 ,如果其父亲或母亲巳经过世的话 ,那么他的年龄很可能恰恰是
其父母死亡时的年龄。举例来说 ,偎如一位病人的母亲在三十岁时
过世 ,那么这个病人到三十岁时会""有危险""
此外 .病人最年长的于
女的年龄也裉可能与病人丧亲时的年龄相同。例如,偎定某病人在
六岁时母亲过世 ,那么当她最年长的女儿六岁时 ,她也会""有危险""
虽然研究者并没有提出死亡焦虑这个问题 ,但很可能最初是母亲的
死亡迫使儿童
也就是日后的病人
面对人生的无常:母亲的
死亡提醒儿童自己也必然会死。儿童潜抑丁这一结论以及相关的焦
虑 ,保存在潜意识中 ,苴","死亡焦虑, 哀伤与丧失, 文化敏感性",,,,
ku_pdfbook_6b2b0783,存在主义心理治疗.pdf,126-126,"母们却往往只能
侬靠自己。许多其他文化提供一些文化认可的死亡神话 ,可以亳不
犹豫或亳无焦虑地传达给儿童。我们的文化并没有向父母提供明确
的指导;尽管这个问题具有普遍性,并且对儿童的发展至关重要 ,可
第一部
死亡
是每个家庭却必须无可奈何地-定教给孩子什么东酉。孩子得到的
偿息常常是模糊不清的 ,还掺杂着父母的焦虑,而且很可能与外界环
境中的其他信甚来源相互矛盾。
教育专家对死亡教育存在很大分歧。安东尼建议父母对孩子否
认现实
她引述桑德尔
费伦齐所说的""否认现实是忽略现实与接
受现实之间的一个过渡阶段"" ,并认为无法帮助小孩否认的父母 ,可
能导致""与死亡有关的神经症"" 。82安东尼接着说","死亡焦虑, 文化敏感性, 家属沟通",,,,
ku_pdfbook_bf791581,存在主义心理治疗.pdf,126-126,"下这么
儆存在危险。否认本身是一和缓和的接受,这一认识使父母的
任务比较轻松。当儿童不再番要否认时 ,可能会指责父母不可
信 ,说谎。如果儿童公开指责的话 ,父母可以回答:""那个时侯你
还无法承受它。
另-方面 ,许多教育专家接受杰罗姆 `布鲁纳的观点,认为""对
任何发展阶段的任何儿童,都可以采用某种聪明而诚实的方式来有
效地教导任何主题"" ,84并试图帮助儿童对死亡概念进行渐进而现实
的理解。委婉的说辞(""长眠"" ,""升人天囤"" ,""和天使在一起"")""无法
对抗死亡惑惧 ,只会使儿章感到迷惑""。6忽骼这个议题只会使父母
进人愚人的乐园:儿童是不会忽略这个议题的,而且就像对于性欲一
样 ,他们","死亡焦虑, 家属沟通, 儿童安宁",,,,
ku_pdfbook_fdc8e6cf,存在主义心理治疗.pdf,131-132,"没有选择留下
来接受肿瘤科的随访检查,而是决定继续执行他的移民计划。他的
妻子坚央反对这个计划 ,拒绝前往 ,于是迈克独自启程。
萨姆与迈克年龄相仿 ,但其他方面没有任何相似之处。他的妻
笋一部
死亡
子决定离开他 ,在这样的绝境下 ,他来见我。虽然萨姆不像迈克真正
面对着实实在在的死亡 ,可是在象征层面 ,他的处境是类似的。他的
行为使人联想到他的生存面临非常严重的威胁:焦虑到怼慌的地步
连续数小时嚎啕痛哭 ,无法人睡或进食 ,他不顾
-切地想要阻止垂子
离开 ,并且认真地考虑着自杀。儿周后 ,萨姆的灾难性反应平息了下
来,可他不舒眼的感觉却丝亳没有改菁。他对妻干念念不忘。正如
他宜称的那样","死亡焦虑, 未竟事务, 存在性痛苦, 哀伤与丧失, 抑郁情绪",,,,
ku_pdfbook_2d878a9f,存在主义心理治疗.pdf,139-139,"的维度是超出个
人影响力的。事实上 ,人们真的渴望""完全与死亡这件事无关""
当人们发现个人的独特性只是个神话时 ,就会感到愤怒 ,被生命
背叛。罗伯特
弗罗斯特写下""主啊 ,原谅我对你开的小玩笑;我也
原谅你对我开的大玩笑""10的时候 ,他的心里一定是这种背叛感。
许多人觉得如果他们早知道 ,真正地知道这些 ,他们就会活得完
全不一样。他们感到愤怒;然而恼怒是无用的 ,因为没有适当的对
象。(顺便提一句,医生常常成为病人 ,特别是临终病人移置愤怒的
靶干。)
个人独特性的倩念特别有助于适应环境 ,出类拔萃 ,并忍受所伴
随的不安
孤独;觉g到自己的渺小和外在世界的可怕 ,父母的无
能 ,我们的","死亡焦虑, 存在性痛苦",,,,
ku_pdfbook_8864267b,存在主义心理治疗.pdf,140-140,"简短的 ,荚摊式的慕志铭:
#我什么也不缺 ,我什么也不怕 ,我是自由的。
不过进一步看 ,就会发现这是过度的防御:英雄人物与自己为
敌,成厂强迫性英雄 ,就像前面提到的迈克,身患癌症的年轻人 ,不得
不去面对危险情境以逃避内心更大的危机感。欧斯内特
海明威正
是强迫性英雄主义的典型代表,他毕生强求危险并加以克服 ,以此作
为一种证明设有危险的怪异方式。海明威的母亲介绍说 ,他的口头
禅之一就是""什么也不怕"" ,13具有讽刺意味的是,他什么都不怕恰恰
是因为他像我们所有人一样害怕成为无物。海明威式英雄代表了个
人主义在应对人类处境上匆忙回避。这样的英雄并非出于选择;他
的行动是被迫而僵化的;他","死亡焦虑, 存在性痛苦, 抑郁情绪, 自杀意念",,,,
ku_pdfbook_27074849,存在主义心理治疗.pdf,141-141,"妄想
都是从自夸这一核心产生;毕竟,只有非常特殊的人才能断言自己从
环境中得到了极大的关注 ,尽簪是恶意的关注。)最终 ,妄想这个解#
办祛也失败了 ,在没有防御可以对抗死亡恐惧的情况下 ,海明威自杀
第四[
死亡与心理病理现象
身亡。人们会因为恐惧死亡而自杀 ,尽管看似自相矛盾 ,但这并不
罕见。许多人说:""我其实很怕死 ,所以想自杀。""自杀意念可以稍
稍缓解恐惧
这是主动的行动 ,让人感觉他控制着他自己。此外,
查尔断
瓦尔曾指出 ,很多自杀者持有一种不可思议的死亡观,认
为死亡是暂时且可以逆转的。5为了表达恨意或想让别人感到内疚
而采取自杀行为的人 ,可能相信意识会持续存在 ,所以能享受","死亡焦虑, 自杀意念",,,,
ku_pdfbook_d4ee10f5,存在主义心理治疗.pdf,144-144,"应该得到团体
最多的关注 ,而且是现成的 ,不需要自己付出任何努力;他们期待团
体向他伸出援手 ,而自己却不必问任何人伸出援手。治疗师必须一
再向这种病人指出 ,这种期待在一生中只有一次是恰当的一当一
个人是婴儿的时候.他可以要求母亲给予无条件的爱 .而不需要回报
对方。
哈尔,团体治疗中的一位病人 ,例证了上述许多特征。他是个聪
颖的,口才极佳的物理学家,几个月来一直在讲述他在南方度过的童
年(占据了八人团体中大约百分之四十的时间) ,像威廉 。福克纳的
小说一样引人入胜。尽鲁他同样尖刻 ,可他的嘲讽非常机敏有趣 ,以
至于团体成员一点儿也不生气,允许自己被他吸引。后来才逶渐有
成员对他无休","未竟事务, 存在性痛苦, 抑郁情绪",,,,
ku_pdfbook_2c13c522,存在主义心理治疗.pdf,149-149,"想) ,而是自己死
在皇帝面前 ,这该是多大的幸福 !他真的爱上了沙皇 ,爱上了俄
军的荣誉 ,对未来的胜利满怀希望。在奥斯特里茨战役前那些
值得纪念的日子里,不只他一个有这样的心情 ,饿军中十之八九
箅四章
死亡与心理病理现象
都爱上了沙皇 ,爱上了俄军的荣誉 ,但不像他那样狂热。
""沙皇的临近 ,周围一切娈得更光明 ,更快乐 ,更有意义 ,也更有
节日气氛。他心中的太阳趣来越近"" ,托尔斯泰把内在防御所造
成的狂喜 ,描述得多么清楚-一当然了 ,不只是俄罗斯军人会这样
治疗师在日常临床工作中所弄到的男男女女也都是如此。
拯救者防御与人格受限
总的来说 ,终极拯救者的防御方式不如个人独特性的","死亡焦虑, 存在性痛苦, 灵性需求",,,,
ku_pdfbook_855ab1ed,存在主义心理治疗.pdf,149-150,"以最高意义讲 ,即使通过完全不
去冒险(以最高意义来讲 ,正是冒险使人意识到自己)我就算获
得了-切凡世的利益+却丧失自己。那有什么意义?2
#不去冒险""使人一直嵌人他人之中 ,很可能导致他承受巨大的
危险
~失去自己 ,无法探索或发展自身内部多种多样的潜能。
过度使用拯救者这一防御时 ,会导致非常受限的生活模式,就像
莉娜的情况 ,她三十岁 ,是一个治疗困体的成员。莉娜的情绪非常低
落,满脑子都是自杀的想祛 ,她时常陷人抑郁的麻木状态,一天到晚
箪^部
死亡
待在床上。莉娜以一种孤独的状态生活着 ,她独自一人在空荡荡的
房间里度过大部分时间
她的打扮很是刺眼 ,从各个方面看都像是
青春期中期","抑郁情绪, 自杀意念, 哀伤与丧失",,,,
ku_pdfbook_8ba98806,存在主义心理治疗.pdf,149-150,"裤 ,从
破旧的夹克到年轻人特有的姿势 ,再到她容易轻停别人的状况。她
五岁丧母 ,十二岁丧父 ,她的成长极度依赖祖父母和其他的父母替代
者。随着祖父母年纪越来越大,身体越来越羸弱 ,她娈得对接电话感
到恐惧
电话带来父亲的噩耗
所以她拒绝接听电话,以免听
到祖父母死亡的消息
很显然 ,莉娜害怕死亡并且避免触及任何与死亡有关的主题,企
图以神奇却最无效的模式来处理恐惧
~我曾看到许多病人在使用
这种模式:通过拒绝生活来躲避死亡。就像君特
格拉斯所著《铁皮
豉 》 (Th Tin Drum )一 书中的奥斯卡一样,莉娜试图征服时间 ,借助
永远保持孩子气让时间停止前进。通过把自己完全交给保护者的","死亡焦虑, 未竟事务, 存在性痛苦, 抑郁情绪, 自杀意念",,,,
ku_pdfbook_f7b09c99,存在主义心理治疗.pdf,150-151,"也以
同样的方式回应着莉娜。莉娜总是与死亡擦身而过 ,总是令团体惊
恐不安 ,她总是从其他成员那里得到大显的关心。事实上 ,在最初的
几个月里 ,团体成员就己承担起让莉娜活下去 ,保证她进食 ,不让她
自杀的任务。治疗师不解的是 ,""莉娜从来没有一点儿好事吗?""
莉娜的意外发生在拜访朋友的路上。治疗师突然灵光一闪,问
了自己一个问题:""什么朋友?""莉娜对团体呈现的一直是个孤独的
人,没有朋友 ,亲人,甚至连点头之交的关系都没有。现在她却说开
车去一百五十荚里外看朋友。当治疗师提出这个问题后 ,才得知她
箅四音
死亡与心理病理现泉
有一位男朋友 ,与他共度每个周末 ,巳经持续了好几个月 ,而且 ","死亡焦虑, 自杀意念, 存在性痛苦",,,,
ku_pdfbook_69946e98,存在主义心理治疗.pdf,151-152,"理病理的出现。
致死性疾病。或许 ,致死性疾病是对终极拯救者效能的最严酷
考验。许多人深受打击 ,他们投人大量精力以维持他们的信念 ,即保
护者是存在的并且是有力量的。晁而易见 ,医生是拯敕者角色的最
佳候选人 ,这使得医患关系变得紧张而复杂。一方面 ,病人出于自己
的意愿把拯敕者的外衣套在医生身上;然而另一方面 ,医生也乐于套
上这件外衣 ,因为扮演上帝的角色是医生强化自身独特性倌念的方
笫一部
死亡
祛。两者的结果都一样;医生娈得过度膨胀 ,病人的态度也常常过于
恭顺。一般说来 ,罹患致死性疾病的病人不敢对医生生气或对医生
失望;这些病人会因为占用了医生的时间而逍歉 ,在医生面前 ,他们
","死亡焦虑, 预后不确定, 医疗决策, 抑郁情绪",,,,
ku_pdfbook_aa35de12,存在主义心理治疗.pdf,152-153,"中 ,描
逑了一个核心主题 ,""即病人患抑郁之前业巳存在且为抑郁""打下基
础""的生活观念。他的病人生活在一种间接的状态;他们活着不是为
了自己 ,而是为了""重要的他人""或者""重要的目标""
尽管使用了不
同的术语 ,阿瑞提描述的这两种生活观念其实非常接近我所描述的
两种对抗死亡恐惧的防御。为重要目标而活的人 ,就是围绕着个人
独特性和神圣不可侵犯的信念来塑造他或她的生活。如我先前讨
论过的那样 ,螺旋式上升的倩念(重要的目标)崩溃时 ,常常会导致
抑郁
为了""重要他人""而活的人,就是试图与提供保护和生活意义的
笫四章
死亡与心理病理现r
人合而为一。重要他人可能是配偶 ,母亲 ,父亲 ,情人,治","死亡焦虑, 抑郁情绪, 存在性痛苦, 生命意义",,,,
ku_pdfbook_ad1f7d18,存在主义心理治疗.pdf,152-153,"是
拟人化的商业或社会机构。这种生活观念的崩溃 ,可能有很多原因:
重要他人可能会死亡 ,离开 ,不再关爱和注意 ,或是表现出难以担当
垂任
当病人认识到自己的生活观念失败时 ,常常感觉备受打击;他们
可能感觉自己为冒牌货牺牲了一段生活。然而 ,他们却没有其他可
供选择的方法来进行应对。在讨论一位病人时 ,阿瑞提写道:
病人巳经到了重整心理动力和重建人际关系模式的关键
点 ,但她却无法整合它们。这是她的困境。她感到无助。她无
法设想通向康复的认知结构,或者 ,就算能够设想它们 ,它们似
乎也是无法实现的。有时侯,她似乎可以了解这些不同的选择,
但是没有用 ,因为她只会把全部的兴趱和欲望都投注在","存在性痛苦, 抑郁情绪",,,,
ku_pdfbook_df025c73,存在主义心理治疗.pdf,153-154," ,拒绝长犬,信
念崩溃时的抑郁。每一种行为在严重时都会产生特征性的临床症候
群。当自我牺牲处于支配地位时 ,病人就被称为""受虐狂"" =
卡伦四十岁 ,我巳经治疗了她两年 ,她使我深入了解到 ,极力把
痛苦加在自己身上的背后有着怎样的心理动力。卡伦前来治疗的原
因有很多:性受虐的偏好 ,无法与""正常""的男友得到性的满足 ,抑郁,
笫一部
死亡
懒散,可怕的梦魇和人睡前的幻觉。在治疗中 ,她裉快就发展出强大
的正性移情。她致力于诱发我的照顾和关怀。自慰时幻想自己病得
很重(包括肺结核之类身体疾病以及精神崩溃) ,然后我喂她吃东西
把她抱在怀中摇晃。她拖延从我办公室离开,为的是能多几分钟额
外的时","抑郁情绪, 存在性痛苦",,,,
ku_pdfbook_e9902022,存在主义心理治疗.pdf,154-155,"着设定
了界限 ,而且它们是由强而有力的人设定的。她的受虐倾向是由多
种因素夹定的:她不仅通过屈服来寻求生存 ,而且也通过受苦的象征
意义和神秘意义来寻求生存。毕竟,一次小小的死亡比真实的死亡
好得多
我的治疗非常成功地碱轻了急性抑郁症状 ,梦魇.自杀观念 ,但
是似乎妨碍了她的进一步成长 ,因为她继续牺牲自己以避免失去我。
于是我设定了结束治疗的日期 ,告诉她再过六个月 ,我就不再继续为
箪四章
死亡与心`病理现枭
她治疗了。接下来的几周 ,我们就像经历了一场飓风,卡伦所有的症
状迅猛地复发亍。不但严重的焦虑和梦魇再度爆发,而且还有可怕
的幻觉体验:每当她独自一人的时候,就有巨型蝙蝠向她俯冲","死亡焦虑, 自杀意念, 存在性痛苦",,,,
ku_pdfbook_a33e2afc,存在主义心理治疗.pdf,156-156,"融合,她就能逃避死亡:
我将死神当作主人,
他的皮鞭就像温柔的手,
我愿与他共骑进入那些可怕的洞穴
他的居所。
空气中充满夏日的气息
成熟的种子爆裂开来,
我愿放弃这一切,
与死袖井坐在冰冻的宝座上,
笫一部
死亡
深知他的爱。
随着终止治疗的日期迫近,卡伦使出了所有的撒手锏。她恐吓
我 ,如果我不继续治疗她的话 ,她就要自杀。另一首诗表现出她的愠
怒和威胁:
死神毫无矫饰。
它是残酷的现实,
像生命自身-样的全然呈现,
它是另一种终极选择。
我感觉自己正奔入暗影,
身披蛛网,
逃离你强加于我的现实。
我憩举起阴暗的斗篷,死亡,
以此要挟你
你了解吗?
如果你坚持 ,我将隐藏于死亡。
尽管我对","死亡焦虑, 存在性痛苦, 医疗决策, 预后不确定",,,,
ku_pdfbook_367c3ebe,存在主义心理治疗.pdf,157-157,"
十年,和丈夫分居十年;一直没有生育。她的丈夫热爱户外生活 ,是
个感觉迟钝 ,自我中心 ,独断专行的人。邦妮出于身体原因无祛陪丈
夫-起打猎 ,钓鱼,最终 ,她的丈夫弃她而去。在分居的十年中 ,他没
有给过邦妮一分钱,与好几位女性发生过婚外情 ,还把这些事情告诉
她。他每周去邦妮住处一两次,为的是使用洗衣机 ,听取他的商务电
话中的留言,一年中他会跟邦妮做一两次爱。出于强烈的迸德标准,
邦妮不愿在婚姻关系依然存续的情况下与别的男人约会。她仍对丈
夫念念不忘
-有时一看到他就会生气,有时却迷恋他。伴随肴生
病 ,弧独和丈夫每周一次洗衣机之访的折磨 ,她的生活越发消沉。然
而 ,她既不与丈夫离婿","存在性痛苦, 生命意义, 哀伤与丧失, 抑郁情绪",,,,
ku_pdfbook_6c788875,存在主义心理治疗.pdf,158-158," ,还要她把各项花费详细列表;他监听每一通电话 ,并措责她把时
间花在别人身上 ,而不是和他在一起。没过多久 ,焦虑和被压抑的愤
怒就让德洛雷丝痛苦不堪了;可是,每当想到分居或离婚 ,她就会非
常害怕
第一部
三十一岁的玛莎极其渴望结婚 ,从而建立一个家庭。她交往多
年的男友是一个神秘教派的成员 ,这个教派教导的是,一个人越少承
诺就越能获得更多的自由。因此 ,尽管他很喜欢玛莎 ,却拒绝与她同
居或做出长期的承诺。他对于玛莎的需求非常警觉;而且,她趱是紧
追不舍 ,他就越不愿儆出承诺。玛莎一心想和他在一起,也为他不愿
承诺而痛苦。可是,她对他如此痴迷,根本无法自由地离开;每次与
他分手 ,她都","抑郁情绪, 存在性痛苦",,,,
ku_pdfbook_be74de63,存在主义心理治疗.pdf,158-158,",他出奇地平静;虽然他喜欢她 ,但没有她也过得很好。玛莎
对他过于痴心 ,所以没有积极去寻找其他关系:她人生的主要计划就
是设法从他那里得到承诺
~裉据经验和常理判断,这个承诺显然
是不太可能得到的。
这三位病人各自承受着巨大的痛苦,其原因都是陷入了这样一
种关系之中:尽管知道延续关系会导致自我毁灭 ,但不能摆脱这种关
系。其实 ,这些无效的尝试构成了她们治疗的主题。脱离关系为何
如此困难?  是什么使她们与另一个人粘连得如此紧密?  当我分别向
她们询问 ,在她们想到和伴侣分开时心里浮现了什么肘 ,就发现这三
位病人的问题有着明显的共性
邦妮的婚姻己经有二十年了,她丈夫为她做所有的诀定。他是","存在性痛苦, 抑郁情绪, 家属沟通",,,,
ku_pdfbook_a2113a79,存在主义心理治疗.pdf,166-167,"得极端且僵
化时 ,就成为""神经症性""行为;我们看到 ,任何一种对抗死亡的主要
防御过度使用时 ,就会导致某种形式的神经症性适应。死亡恐惧造
成了神经症的生活方式;可是当这种生活方式到了限制人自发而有
创意地生活的程度时 ,对抗死亡的防御本身就是一种局部的死亡。
兰克说神经症患者为「逃避死亡的偾务而拒绝向生命借贷,就是这
个意思:通过每天造成一部分自我毁灭换取自己免除死亡恐惧。
可是自我限制并非是神经症性适应的全部代价。患有神经症的
人在仅存的残余生命里 ,会被内疚所折磨。内疚的传统定义为 ,继发
于自己对他人真实的或想象的伤害的感受。祁克果0和之后的兰克
与蒂利希4都强调内疚的另一个来源
~","死亡焦虑, 存在性痛苦, 灵性需求, 抑郁情绪",,,,
ku_pdfbook_054e818b,存在主义心理治疗.pdf,168-169,"的八年 ,我住过好几家不同的精神病院 ;我得重病
已经趄过二十五年了 ,它剥夺了我很多现实的机会 ,想憩我现在
第四章
死亡与心理病理现象
的年纪 ,我不太可能结婚生子了 ,而且也很可能要在医院里了却
殁生。我曾经也是-个家庭中的一员 ,这个家庭包括父母和七
个小孩 ,可是几年之中我目睹了一连串灾难打击了这个家]:我
那长年处于精神病状态的母亲在几年前去世;我兄弟中的-个,
年轻时得了精神病 ,需要长期住院;另-个自杀而亡;还有一个
死于二次世界大战中;我笫三个死去的兄弟是不久前被谋杀的 ,
在他律师生涯的巅峰时期 ,被一个患有精神病的当事人谍杀了。
我的父亲还健在 ,但早己不再是以前那个强壮","死亡焦虑, 存在性痛苦, 生命意义, 哀伤与丧失",,,,
ku_pdfbook_1ef8f8e3,存在主义心理治疗.pdf,169-170,"花在捡拾落叶上,常常花好几个小时
笫一部
死亡
搜寻偶尔出现的死鸟和死了的小动物 ,她到附近社区的商店买
来各式各样的东酉 ,然后 ,通过各种类似炼金术的过程 ,试图使它
们复原或变成另-种生命形式。
她觉得自己是上帝,这一点越来
越清楚了 (她自己证实了这点) ,她拣选各科落叶和其他东西,带
给它们生命。有好多次心理治疗是在医院的草坪上进行的;治疗
师坐在长椅上 ,而她在附近的草地里继续她终日不停的搜寻。
随着这几个月慢慢过去 ,否认死亡的阶段逐澌到达了终点 ,
她越来越明确地表达对这种活动的绝望。在-个秋日 ,会谈时
治疗师和病人坐在祖距不远的长椅上,一起凝视撒满落叶的草
地。她用大量无盲","死亡焦虑, 存在性痛苦, 生命意义, 哀伤与丧失, 灵性需求",,,,
ku_pdfbook_9d3b6b5b,存在主义心理治疗.pdf,171-172,"在心理融合与
完全无关这两种状态之间摇摆。病人对于与母亲关系的体验,像是
在穿过磁场区:靠得太近会被突然地吸过去 ,离得太远又会变得什么
都没有。共生关系的维持 ,要求双方都不觉得自己是独立的整体:每
一方都需要对疔来成就其完整性。于是,病人一直没有发展出全然
体验生命所必需的完整感
此外 ,精神分裂症病人发觉共生关系对生存而音是绝对必要的:
弟一部
死亡
病人需要保护 ,以对抗一
切对于关系的威胁;在这些威胁中 ,没有比
他(和他母亲)那种强烈的矛盾感更为危险的亍。孩子在感觉到对最
深爱的人怀有强烈恨意时 ,会有深切的无助感。同时 ,孩子在认识到
这个人对自己也是强烈地既爱又恨时 ,也会感觉","死亡焦虑, 存在性痛苦, 灵性需求",,,,
ku_pdfbook_dc7fe139,存在主义心理治疗.pdf,175-175,"在场者意见一致 ,会改变
自己对光点运动的判惭(自动运动的惰境翌求受试芥观寨啼室中固定的光点 ,评估光点足
否愁动。光点本身其实不会动 .但是主试或主武阿盟者在先前的评估,叮庞或多或少地髦
剌刭截让)
第四]
死亡与心理病理现象
常认为他们的症状提示着依赖 ,被动 ,无助的深层问题。多项研究
指出 ,这种病人表现的症状与不能发展出""独立身份认同感""有关。
包括酗酒 ,肥胖 ,人格缺陷 ,抑郁症 ,心身反应(如哮喘)。场依存的
精神病人容易产生幻觉
~相反 ,场独立的精神病人更容易产生
妄想。
场独立的人在心理病理上常表现出对外的攻击性 ,夸大妄想 ,欣
快感 偏执 ,以及抑郁的骚迫型人格结构。",抑郁情绪,,,,
ku_pdfbook_abb352df,存在主义心理治疗.pdf,177-177,"足以栓制我的人生方向。
还布一种用于学龄前儿童的钏目,如;
你祷于上们-个洞时 ,县田为
(8)你~破创。
(6)畿磨破的
如""你闪闪发光的菥钱币不见了
是因为
(a)你弄掉的
(b)你的衣袋有个洞。
弟四音
死亡与心理病理现象
高成就者 ,也更容易延迟获得满足感以得到更大的回报。外控者更
容易受到暗示的影响 ,比较容易成为吸烟者或是在赌博中冒险 ,在成
就 ,支配和恐耐方面得分较低 ,在渴望得到他人的援助和自卑感方面
得分较高
这些特征与先前的场独立 (或相停个人独特性)和场依存(或相
信终极拯敕者)的人是非常相似的。我们可以通过想象一个连续谱
把这些发现整合起来,一端是场依存 .外在控制点","死亡焦虑, 抑郁情绪, 存在性痛苦",,,,
ku_pdfbook_1da97f6f,存在主义心理治疗.pdf,177-177,"高的人
更容易感到能力不足;6更为焦虑,敌对 ,疲乏,烦恼 ,抑郁,。缺少活力
和弹性。严重的精神病人大多是外控者。精神分裂症病人非常可能
是外控者。许多研究都显示外在控制点与抑郁症有着高度的关联。:
这些研究发现与临床经验是一致的。大部分寻求治疗的人是因
为拯救者防御的失败(对依赖的渴望 ,低自尊 ,自卑 ,无助 ,受虐倾问,
失去重要他人导致的抑郁,或面临失去重要他人的威胁) ,而不是因
为独特性观念的崩溃。有一个研究小组曾报告外控模式与死亡焦虑
之间存在正相关。6换言之,与内控模式相比 ,外控模式在对抗死亡
焦虑方面的保护作用更弱(不过 ,另一个实验使用不同的死亡焦虑鼠
表,却没有得到相","死亡焦虑, 抑郁情绪",,,,
ku_pdfbook_12c9928d,存在主义心理治疗.pdf,179-180,"却蕴酒着值得
注意的萁理:不是悲观地将死亡看成生命痛苦的终结 ,而是乐观地认
识到对死亡的预见能使人的生命观更加丰富。描述自己的转娈时,
她说这是一个简单的过程:她觉得面对乃至战胜自身的死亡恐惧 ,使
其他一切恐惧都娈得徽不足道 ,她从中体验到强大的自我控制感。
生命无法拖延。四十五岁的伊娃严重抑郁 ,她罹患晚期卵巢癌 ,
对于是否该去作一次最后的旅行,她内心极为矛盾。在治疗中 ,她报
告厂一个梦:
有-大群人。看起来有点像塞酉尔 。德米尔电影中的场
狄更斯者圣诞^歌)中的丰人公
讦注
箅一部
死亡
景。我能看到我母亲在他们中间。大家-邋又一遍地呼喊着
""你不能去 ,你得了癌症 ,你生病了。""","死亡焦虑, 未竟事务, 生命意义, 告别与分离, 抑郁情绪",,,,
ku_pdfbook_fb87089b,存在主义心理治疗.pdf,181-182,"列逆转所构
成:向他诅咒过的喟圣歌的人行脱帽礼,捐钱给他所藐视的慈善工作
者 ,拥抱他奚落过的外甥 ,把煤 ,食物和钱给了他欺压过的克拉奇特。
盘点你的福气。面对死亡所激发的另一种改变机制 ,可以通过
一位患食道肿瘤的病人来儆很好的说明。随养吞咽越来越困难 ,她
逐渐改吃较软的食物 ,然后是煮烂的食物 ,最后是流质食物。有一天
在餐馆里 ,她甚至连清汤都咽不下去了 ,而后她环顾四周的食客.诧
异道:""难道他们不知道能吞咽是多么幸运?  他们有没有想过这些?""
笫一部
死亡
她把这个简单的原则应用在自己身上 ,开始了解自己能儆什么 ,能体
验什么:生命的基本事实,季节的更替 ,美丽的自然环境,可","死亡焦虑, 生命意义, 告别与分离",,,,
ku_pdfbook_855b41fa,存在主义心理治疗.pdf,181-182,"句来表述这个原则:
从绝望的深渊中 ,从严重的病痛中,人们回归到新生状态,
脱去一层皮肤 ,更怕痒 ,更敏锐 ,更能品尝快乐的滋味 ,有着对一
切好事更敏感的舌头,更愉悦的感宫,带着无邪的喜悦,像小孩
子般天真单纯 ,看东西时比以前细崴百倍。
盘点你的福气!我们怎么会忽酪这个令人获益的简单训诫呢?
通常 ,我们并不在意自己真正拥有的和能做的事 ,反而想者自己缺少
的和不能做的事 ,或者由于徽不足迸的忧虑和名声或自尊心受到威
胁 ,使我们的成长受到阻碍。牢记死亡于心 ,就会对数不尽的存在的
馈赠抱持欣赏和感恩之心。斯多葛学派所谓""如果你想学会如何生
活 ,就要深思死亡""5正是这个意思。重要的是,","死亡焦虑, 存在性痛苦, 生命意义",,,,
ku_pdfbook_9d631e70,存在主义心理治疗.pdf,188-188,"地位的人)使人更明确地觉察到 ,虽然我们努力地在世上双
双相伴同行,但是根本性孤独仍然是我们必须承受的。没有人可以
与他人同死或是为他人而死。
治疗师如果密切关注丧亲病人的联想和梦境 ,就会发现病人担
箫一部
死亡
心自身死亡的大量证据。举个例子,一位病人得知妻子患了无法手
术治疗的瘤症 ,当天晚上 ,他做了这个疆梦:
我住在我家的老房子里 (这个家族的三代人都曾住在这栋
房子里)。一个人形怪物在房子里追赶我。我非常害怕。房子正
在损坏 ,腐烂。瓦片正在脱落,屋顶漏了。漏下来的水淹没了我
母亲(他母亲在六个月前过世)。我和怪物搏斗。我选择了武
嚣一一一个带柄昀弧形刀,像个镰刀。我一通猛砍,然后","死亡焦虑, 未竟事务",,,,
ku_pdfbook_462ebc5f,存在主义心理治疗.pdf,197-197,"亡 ,以至
于围绕眷寻找终极拯救者来安排她的生活;所以,她在童年时装病,
在长大成人的过裎中 ,她一直生病从而留在治疗师身边。在观察团
体时 ,她惊恐地发觉自己为了加人到那个团体并坐在我身舜 ,或许还
笫五章
死亡与心理治疔
能握我的手(团体结束时有一段手拉手的冥想时间) ,她竟然甘愿患
上瘤症。当我指出显而易见的事实
-关系都不是永恒的 ,我和她
都将死亡
她说 ,她觉得如果能死在我的怀里,她将永远不再孤
独。这些唤起和随后对这些綦材的修通 ,帮助卡伦转人一个全新的
治疗阶段 ,特别是开始考感终止治疗
~这是她先前根本不愿涉及
的议题。
另一个前来观察团体会谈的接受日常心理治疗的病人名叫苏
","死亡焦虑, 存在性痛苦, 告别与分离",,,,
ku_pdfbook_d16f9288,存在主义心理治疗.pdf,197-198,"抑郁的时期之后 ,开始
逶步探索自己原有主动性的感觉,而不是-直以来她对限制的反应
她感觉到她的愤怒
深刻,强大,鲜明的愤怒;她感觉到她的悲
伤-并不是因为失去了丈夫,而是因为这么多年来失去了自己;她
对自己过去所容忍的一切约束感到愤慨(例如,为了确保丈夫在家中
有最佳的工作条件 ,他在家时 ,她不能看电视 ,打电话 ,去花园一因
为他的书房正对着花园 ,她的出现会让他分神)。她有陷人悔恨之中
的危险 ,悔恨自己如此地浪费光阴,治疗的任务就是使她余下的生命
获得新生。治疗两个月后 ,她观看了一个癌症团体的震撼性会谈 ,这
次经历使她深受感动 ,她立刻投身到有价值的工作中 ,最终认识到离
婚或许","抑郁情绪, 生命意义, 告别与分离, 灵性需求",,,,
ku_pdfbook_e54ff104,存在主义心理治疗.pdf,200-200," ,迟早会
娈得和他在团体之外与人互动的方式一样;这样 ,每个成员会展现出
自己的特征性人际小环境。这种情形很快就发生在查尔斯身上。在
他参加的最初几次团体治疗里 ,成员们就注意到 ,对于他们的大部分
谈话 ,他不是不感兴趣,就是进行挑剔和评判。他们逐渐发现:他是
弧立的 ,在与人亲近方面有困难 ,他无法体验或表达他的感受,而且
他对自己非常严苛。
他对团体中的女性特别不耐烦 ,并且表现出很强的优越感。他
认为其中一位女士是""讨厌鬼"" ,""傻里傻气的"" ,有时因为她的意见对
他无关紧要 ,而觉得她是个""无足轻重的人""。对另外一位女性 ,因为
她缺乏思维的逻辑训练,他对她很不耐烦 ,对她凭直觉给","存在性痛苦, 抑郁情绪",,,,
ku_pdfbook_5ab9a3ab,存在主义心理治疗.pdf,201-201,"活
多么乏味。
有两位成员的反应强烈而不当。一位是莉娜(我在笫四章简短
描逑过她) ,她在小时候失去了双亲 ,那之后一直惧怕死亡。她寻找
终极拯救者的保护,一贯地被动 ,依赖且孩子气。正如预料的那样,
莉娜变得非常怼惧并且以愤怒的方式儆出回应 ,她十分怪异地偎设
耷尔斯的瘤症与导致她母亲死亡的癌症类型相同 ,然后非常不合时
宜地向团体描述母亲逶渐衰弱时身体娈化的可怕细节。另一位病人
西尔维娅,是位有着严重死亡焦虑的四十岁妇女 ,查尔斯面对疾病的
消极态度,让她勃然大怒。她斥责查尔斯没有去研究其他可能的帮
助来源;宗教治疗者 ,苦杏仁苷 ,菲律宾的心灵手术师 ,大剂量的维生
萘等。当另一位团体成","死亡焦虑, 家属沟通",,,,
ku_pdfbook_dda38358,存在主义心理治疗.pdf,203-203,"理动力变
得更为清晰:亲近的人死去 ,令她觉得非常难以承受 ,于是她选择
种偎死的状态。她的规则是:""没有友谊 ,就没有失落。""莉娜有四位
年迈的祖父母 ,她每天都在提心吊胆地等眷他们的死讯。她的恐惧
笫五章
死亡与心理治疔
如此巨大,以至于剥夺了她去亍解他们,亲近他们的乐趣。她曾在困
体中谠:""我希望他们赶紧全都死了 ,那样就彻底纬束了。""逐渐地.她
打破了这个模式 ,以恰当的方式让自己向耷尔斯伸出援助之手。例
如 ,
她通过在会谈开始前帮他脱下外套的方式 ,开始小心谨慎地接近
他。对莉娜而音 ,查尔斯一直是团体中最重要的人;在与他的接近
中 ,她所感受的深深的愉悦,使她感觉承受最终分离的痛","死亡焦虑, 哀伤与丧失, 抑郁情绪, 自杀意念, 告别与分离",,,,
ku_pdfbook_021543ca,存在主义心理治疗.pdf,204-204,"感受。如果那样的话,人们就会给予令他透不过
气来的情感,这会让他觉得丢脸。
查尔斯最初的问题在会谈中得到了解答 ,不是通过""内容""(是指
由治疗师提出具体的建议)而是通过分析""过翟""(也就是分析他与其
他人的关系 )得到的
他认识到自己与包括前妻和女友在内的他人
之间亲密关系的问题,涉及他压抑自己的情感 ,恐惧他人""过多的""感
情 ,以及在期望得到权威者系统答案时 ,对同侪意见的批判和忽视。
几周过后上演了相似的一幕,证实并强化了这个给予查尔斯的
措导。会谈一开始 ,他就表现出明显的挑衅。必须支付的赡荞费常
常揽得他心烦意乱,于是他提到当天报纸的文章证明了女性和办理
离婚的律师是如何压榨无助男","死亡焦虑, 未竟事务, 存在性痛苦, 告别与分离",,,,
ku_pdfbook_38805907,存在主义心理治疗.pdf,205-205,"默中度过的 ,查尔斯为锖失如此宝贵的机会而感到绝望。自从儿子
离家后 ,查尔斯一苴心不在焉 ,不停地想""接下来是什么?""以及""所有
的卉恃似乎都接近尾声了 ,他感觉自己正进人一个全新的 ,最后的
无亡
弟五3
死亡与心理治疔
人生阶段。查尔斯说 ,他不害怕死亡或疼痛;他真正害怕的是残废和
无助。
显然 ,每个人都有查尔斯这种对残废和无助的恐惧 ,但是查尔斯
却感觉它们特别可怕 ,他害怕无助显然是不愿意坦露内心的脆弱或
是寻求帮助。在这次特殊的会谈中 ,查尔斯一开始就摆出亍好斗 ,疏
离的姿态 ,而不是坦诚地描述自己的痛苦并要求帮助。终有-天,癌
症会使他在身体方面依赖别人,他一直活在对那一天的","死亡焦虑, 存在性痛苦, 未竟事务",,,,
ku_pdfbook_5bf8316c,存在主义心理治疗.pdf,210-210,"其中生长并且成熟。
信念体系为治疗师提供了对病人的前后一致的观念:它让治疗
师知道耍探讨什么,不耍逼迫什么 ,这样就不至于让病人困惑。即使
没有完全而清楚地解译出病人问题的无意识根源 ,治疗师仍能做出
结论 ,通过巧妙的方式和良好的时机 ,在非言语的深层""敲击""病人的
无意识 ,使病人感觉到完全被理解了。信念体系实际上是基于最深
层存在的 ,是根深蒂固的 ,它特别有助于向病人传达没有什么禁忌
任何话题都可以讨论的信息 ,此外它还表达丁 ,最涤层的忧虑并不是
他特有的 ,而是全人类共同拥有的
治疗师基于某个心理病理诠释体系而有的确定感,对于本质就
是迂回曲折的治疗是有益的。治疗师的确定感耍有适'",存在性痛苦,,,,
ku_pdfbook_fc21cbf5,存在主义心理治疗.pdf,217-217,"进行治疗的治疗师必须捉醒自
己 ,有许多心理病理现象来自于死亡焦虑。雅克在讨论中年危机的
文章中 ,清楚地陈述「这-点:
一个步入中年的人 ,如果没有成功地建立起婚姻和职业生
此处从*文撞讦本。
译注
笫五章
死亡与心理治疗
活 ,或是将自我建立在狂热的活动上而无视随之而来的情感贫
乏,都是没有准备好面对中年的需求 ,无法享受来自成熟的乐
趣。在这样的情形下,步入中年的人突然意识到生活在不断接
近死亡的情形中 ,容易出现中年危机 ,经历一段心理困扰和沮丧
的崩溃时期。也有人会通过骚化狂热的防御来逃避崩溃 ,避开
衰老和死亡带来的忧挪和困扰 ,但是,当人最终需要承认衰老和
死亡的必然性时 ,会面","死亡焦虑, 存在性痛苦, 抑郁情绪",,,,
ku_pdfbook_8a6f22af,存在主义心理治疗.pdf,218-218,"她心烦意乱。另外 ,她有一个房客是
艺术家 ,她确信油彩的气味是有莓的。那天晚上 ,她的脸上起了轻微
的皮疹;午夜 ,她在强烈的惊恐中醒来,她认为自己就要死亍 ,死于对
沙发和油彩过敏导致的呼吸衰竭。
她越来趱恐惧,最后在午夜叫来
丁救护车。她又开始喝酒 ,并在耷尔斯进入团体三周后 ,因为醉酒驾
车而被拘捕。她表示那样开车是自杀的
-种形式;她觉得自杀是获
得对死亡掌控的一种方法 ,因为它绐予人们对自己命运的主动控制,
而不是等待""什么可怕的东酉乔噬你""。
儿个星期以来.她的焦虑水
平一直很高 ,因为太过难受而提出离开治疗团体。与此同时 ,她开始
认定自己""在团体的气数已尽"" ,我正试图除掉她","死亡焦虑, 自杀意念, 哀伤与丧失, 存在性痛苦",,,,
ku_pdfbook_1d85e2da,存在主义心理治疗.pdf,219-219,"
的十五年更加详细 ,更加清晰。这些主题一直存在 ,却从末在治疗中
正式处理过。
酉尔维娅的例子极好地证明了治疗师的理论框架是怎样影响由
病人提供的资料的。比如,酉尔维娅严重失眼已经十五年了 ,接受过
第五章
死亡与心珥治疔
多位医师 ,各种疗法的治疗 ,服用过多种镇静剂。在查尔斯进人困体
几周后 ,她再次谈起她难治的失眠 ,但是这一次,因为治疗师转向了
不同的取向 ,她补充了信息:多年来几乎是每天夜里两点到四点之
间 ,她都会全身冒着汗醒来,不停地对自己说;""我不想死,我不想
死。""在这之前的十年的治疗 (包括跟我治疗的两年)中 ,她从未向治
疗师讲过这件事!
当我把死亡焦虑作为一个核心组织",死亡焦虑,,,,
ku_pdfbook_067fe90e,存在主义心理治疗.pdf,220-220,"人切开了(回溯起来 ,她认为祖母曾接受
甲状腺手术)。她十二岁时,一位同学溺水身亡,她去参加他的葬
礼-一对她而言 ,又是一饮非常可怕的经验
西尔维娅儿时常常生病 ,母亲多次告诉过她(并且记得母亲告诉
过朋友和亲戚) ,她年幼时是多么接近死亡
五岁之前 ,她得过好几
次肺炎。六岁时 ,她撞断了手臂的骨头 ,还得了慢性骨髓炎,这在当
时需要手术治疗 ,她现在想起令人窒息的乙醚口罩,还觉得非常可
怕。从此以后 ,她对麻醉就非常焦虑。她每次分娩的时候,麻醉引发
的死亡焦虑都非常强烈,以至于造成短暂的精神病发作
她关于""濒死""的最早记忆是在很小的时候,一位阿姨在按摩她
的腱 ,或许是为厂救活她。她认为","死亡焦虑, 生命意义",,,,
ku_pdfbook_e3fa8bf8,存在主义心理治疗.pdf,224-224,"次会
谈,与治疗师突然中断联系。现在,她直接面对分离的过程(潜在意义
上是死亡的提醒) ,与面对死亡焦虑采用相同的方式:不是被焦虑征
眼 ,而是接受它 ,通过焦虑来体验比之前所认识到的更为丰富的人生。
笫一部
死亡
心理治疗的问题
病人和治疗师的否认
尽鲁死亡无所不在 ,并且有大量丰富的机会可以来探索它 ,可是
大部分治疗师却发觉增强病人的死亡觉察和修通死亡焦虑的任务格
外困难。否认使得这个过翟的每一步都充满困惑。死亡恐惧存在于
知觉的每一个层面一从最容易意识到 .最表面 ,最理性的层面,到
最深层的无意识领域。通常病人表面上对治疗师的解译表示领悟 ,
而在深层仍是一种否认。病人可能会对治疗师","死亡焦虑, 存在性痛苦",high,,,
ku_pdfbook_58971d9a,存在主义心理治疗.pdf,230-230," ,他
环绕着一个""黑色澡渊""的最边缘走动。另一个反复出现的噩梦是,
他正走在海边陡峭沙丘的狭窄山脊上 ,然后失去了平衡。他一次又
一次地从梦中醒来 ,念叨着:""我耍活不了了。""(他父亲是水手 ,在他
笫一部
死亡
出生前溺水而亡。)
菲利普并没有紧迫的经济顾虑:他有丰厚的离职金 ,最近还得到
-笔巨大的遗产 ,这些提供了相当大的安全感。但是时间!他该如
何打发时间?  没有什么事情是对菲利普有意义的 ,他陷人了绝望
一天晚上发生了一件重要的束情。那天他无法人睡 ,大约在凌晨三
点 ,走到楼下喝茶看书。他听到窗边有声响 ,上前察看时 ,发现窗外
是一个魁梧的蒙面男子。在吃惊与害怕平静之后 ,在","死亡焦虑, 存在性痛苦, 生命意义",,,,
ku_pdfbook_0588d62e,存在主义心理治疗.pdf,245-245,"了相当的自由
表达权;从青春早期就开始的对性的接纳己经成为现实 ,这在许多问
卷调查中有所显示。一代青年美国人在宽容,甚至可以说是强迫性
宽容的教荞环境中长大成人。任何形式的结构 ,仪式,界限都被无情
弟六章
责任
地瓦解了。在宗教领域 ,天主教修女可以公然违抗教皇 ,神父可以拒
绝独身,男女同性恋为争取神职分裂了英国圣公会 ,许多犹太教会堂
中由女拉比领拜 ,学生对教授直呼其名。那对脏话的禁忌 ,言谈中强
调的职业头衔 ,种种礼仪农眷规则 ,都跑到哪里去了?  我的一个朋友
是位艺术评论家,他以自己初次去加州时遇到的一件小事来形容新加
州文化。当时他在快餐店外卖窗口 ,拿到了他的汉堡包和一小",文化敏感性,,,,
ku_pdfbook_3e89e298,存在主义心理治疗.pdf,247-247,"虑降低了工作效孳
从而产生的对自我的不满 ,担心自己的性滥交可能为妻于发现而带
来的内疚 ,恐惧和自我蔑视
~发现自己把女性像物品一样利用等。
于是,伯纳德通过强迫性消除了选择,避免了责任的问题。他的
箪六章
责压
主观体验近似于将自己的生命寄托在一匹疯狂的 ,无法控制的野马
身上。他来治疗是因为想要摆脱不快乐 ,但是他却看不到 ,某种程度
上是他创造了自己的不快乐 ,自己的强迫性。简单地说 ,是他自己创
造了生活的每一个困境。
责任的转换
许多个体把责任转换到另一个人身上 ,以避免个人贲任。这个
篥略在治疗情境中尤为常见。我和伯纳德的治疗主题之一,就是他
努力把责任转移给我。他在治疗之间并不","存在性痛苦, 生命意义, 抑郁情绪",,,,
ku_pdfbook_a571cd17,存在主义心理治疗.pdf,251-251,"人说:""那是谁的无意识?""需耍注意的是 ,在
对这类病人进行检视的时候,治疗师会发现所谓""失控""行为绝对不
是亳无章法的 ,它们实际上是有目的的 ,能带给病人继发性获益 ,并
且自我欺骗性地逃避贵任。
第六章
责任
位病人受到庥木不仁的 ,有虐待倾向的情人的粗暴对待 ,并最
终被抛弃。她""失去了控制"" ,因""变得疯狂""而彻底改变了关系中的
控制优势。她连续几周跟踪他,多欢闯人他的公寓进行破坏 ,在他在
餐馆和友人就餐的时候当众大吵大闹 ,乱扔碗碟。她这些疯狂的,出
人意料的行为彻底把他打败了,他感到惊恐失措 ,寻求了警方的保
护 ,最终不得不接受紧急的精神科治疗。这时她达到了且的 ,说也奇
怪","抑郁情绪, 存在性痛苦",,,,
ku_pdfbook_71dc5d9a,存在主义心理治疗.pdf,253-254,"是
""我让他烦我。""每当病人说""不能"" ,治疗师就让他把说法改变为""不
愿意"" ,用这个方祛来增强对责任的觉察。只要人相信""不能"" ,他就
不会意识到自己对个人所处情形的责任。治疗师耍求病人说""妈妈,
除非你在我十岁那年以不同的方式对待我 ,否则我不会改变"" ,这实
际上是在让病人思考自己对改娈的拒绝 (而不是不能改娈) 。进一步
说 ,她也耍面对自己所处情形的荒谬性 ,并意识到因为怀恨她悲哀而
无谓地牺牲了自己的生活。
维拉
盏奇和莫里斯
特默林研究了心理治疗会谈的录像,并
揠出了一系列旨在增强贲任觉察的对质性干预方法:
当一个男人苦濯而又无可奈何地抱怨妻子不愿意和他儆爱
箫二部
自由
的时","存在性痛苦, 生命意义, 家属沟通, 医疗决策",,,,
ku_pdfbook_ee7b84c5,存在主义心理治疗.pdf,254-254,"死自己,真的要死的
话 ,没有人能阻止你,除了你自己。""一个被动的 ,停留在口欲期的
男子感到生俞没有任何意义,因为一位年纪较大的女性爱上了
他 ,而他不知如何回应 ,治疗师唱起歌:""可怜的小羊迷路了
显然这种干预的一般性原则是,每当病人衰叹自己的处境 ,治疗
师就要探询病人是如何自己创造出这种处境的。
如果治疗师记住病人最初的主诉,并在治疗的适当时候 ,将这些
主诉和后来治疗中的态度和行为相对照,通常会对治疗有帮助。例
如,一个病人因为感到弧独和寂寞而寻求治疗。在治疗中 ,他讨论了
他的优趣感和对他人的嘲讽轻蔑。对于改娈这种态度 ,他有着很强
的阻抗 ,这些态度是自我和谐的和固着的。治疗师为","生命意义, 抑郁情绪, 存在性痛苦",,,,
ku_pdfbook_c03724d2,存在主义心理治疗.pdf,256-257,"经不耐烦地对她说过一句话(关于
她的独占倾向) ,并在团体中多次提及。但是,她会忘记许许多多我
这几个月中曾经对她说过的积极 ,支持性的话语。
多莉丝在治疗现场与我的互动正是她和男性关系的缩影 ,显示
了她在自己生活情境中的角色(也就是她的责任)。她对我的感知歪
曲正如她对其他男性的感知歪曲 ,也就是把我们都看作是独裁者 ,对
她亳不关心。但是从这件事上我们还可以看到其他的方面。我费了
那么大力气才安排好和多莉丝的约谈时间 ,却被她在最后一刻取消
了,这让我十分恼火
而她面对其他团体成员的反对 ,仍坚持我曾捉
出过只能有一次个人会谈的""规则"" ,让我裉生气。我努力压制住了
笫六章
毒任
自己的","存在性痛苦, 抑郁情绪",,,,
ku_pdfbook_9d3640ce,存在主义心理治疗.pdf,256-257,"性 ,但是我很容易想象到在非治疗
情境中与多莉丝建立关系会是一件多么困难的事情。
多莉丝的核心问题是对于男性有特定的僖念 ,对于他们会如何
对待她有特定的预期。这些预期歪曲了她的感知 ,而歪曲的感知恰
恰导致她的行为会招致她最害怕出现的后果。这个""自我实现的预
言""很常见:人们先是预期某件事情会发生 ,然后依照预期行事使得
预期实现 ,最后将对行为的觉察掩盖在潸薏识中。
这件事在对多莉丝的治疗中起着关键作用,与她的基本问题有
着深远的联系。如果她能够理解和我的关系中的行为 ,并接受责任,
那么只需跨出一小步 ,稍作泛化,她就能够意识到她在生活中与其他
男性的相处模式。我认为,治疗师应该抓住并坚","抑郁情绪, 存在性痛苦",,,,
ku_pdfbook_573512a8,存在主义心理治疗.pdf,257-258,"种
严重的紧急问题时 ,他们只和父亲探讨。我揣摩自己对她的感觉 ,发
现她的语气中有着小孩子哭诉的意味 ,让我很难严肃对待她 ,总想把
她看作孩子。我和她分享了自己的感受 ,这对她非常有益 ,帮助她亍
解到她在很多方面的孩子气行为
这种对于治疗此时此地 (她的哭
诉)的分析对理解孩子为什么会这样对待她非常有帮助。他们其实
只是遵从她的指示 ,他们对待她的方式正是她要求被对待的方式(她
的哭诉 ,她软弱的借口 ,她无助的抑郁状态 ,都无言地传递了这样的
倩息)。
病人对责任的逃避不仅会在与治疗师的关系中重现 ,也会在病
人对治疗的基本态度中重演。在治疗师无声的配合下 ,病人舒适地,
簟二部
自由","存在性痛苦, 抑郁情绪, 照护负担",,,,
ku_pdfbook_6fe965dc,存在主义心理治疗.pdf,258-259,"讨该如何进行治疗。每
位有经验的治疗师都知逍 ,问题并不是病人不知道该做什么。上面
这些所有的花招都反映了同样的问题:病人拒绝承担改变的责任 ,就
像在治疗之外 ,病人拒绝承扭对其生活困境的责任一样。
露丝是一位参加团体治疗的病人,她的情况可以说明这一点。
她在生活中的所有领域都逃避贲任。她非常孤独 ,没有亲近的女性
朋友
因为太过依赖伴侣,她与男性的关系都很失败。三年多的个
体治疗没有什么效果。她的个体治疗师告诉我露丝在治疗中就像
""铅垂""一样原地打转。除了反复叙迷和男性的关系困难之外 ,她没
什么别的(包括幻想 ,移情)可说。三年来她没有报告一个梦。绝望
之余 ,她的个体治疗师把她转介到团",抑郁情绪,,,,
ku_pdfbook_64b9b28f,存在主义心理治疗.pdf,258-259,"的姿态。六个月后 ,她在团体治疗中没有做任
何工作 ,也没有任何进步
第六章
击任
在一次关键性的会谈中 ,她哀叹谠她觉得团体治疗一点帮助都
没有 ,并宜称自己怀疑这个团体或者这种治疗方式是否适合她。
治疗师:露丝 ,你在团体里儆的和你在团体外的行为一样。
你等待事情发生。可如果你不利用团体的话 ,你又怎么能够期
待它能对你有任何帮助呢?
露丝:我不知逍该儆什么。我每周都来,可什么也没发生。
我在团体中一无所获。
治疗师:你当然会一无所获。如果你不努力的话 ,怎么会有
所J获呢?
露丝:我现在觉得大脑一片空白 ,我无法思考该说什么。
治疗师:对你来说,永远不知遒该说什么或者该儆什么似乎
很重要","抑郁情绪, 存在性痛苦",,,,
ku_pdfbook_231d3794,存在主义心理治疗.pdf,260-260,"无助表示恼
怒。还有人准确地指出 ,这个团体总是在讨论成员应该如何更为有
效地参与(实际上,上次会谈就花了很多时间讨论这个问题)。有人
告诉露丝 ,她实际上有无穷多的选择。她可以讨论她的眼泪 ,她的悲
弟二部
自由
哀,她受了多大的伤害 ,她觉得治疗师是个如何苛刻的混账 ,或者她
对其他团体成员的感受。她知道有这些选择 ,每位团体成员都知道
她知逍。这让整个团体感到奇怪:""为什么她要保持这种无助的姿
态 ,儆出一副近似痴呆的样子?""
这句话激出了她的反应。露丝说过去三周在到团体聚会的路
上 ,她总是下决心要讨论她对团体成员的感受 ,但每次都没做到。她
说她今天想耍讨论自己为什么从不参加会谈后的","抑郁情绪, 存在性痛苦",,,,
ku_pdfbook_db161d1e,存在主义心理治疗.pdf,262-262,"他,避开他 ,利用他 ,害怕他等。
4.病人了解到自己的行为如何影响到自我评价。根据以上三个
步聚积累的信息 ,病人进行自我评估 ,他们判断自我价值和爱
的能力 ,并学习认识自己的行为如何影响判断依据
弟二部
白由
上述的每一步都是从病人自身的行为出发 ,试图显示行为产生
的影响。这个过程最终让团体成员认识到他对其他人如何看待自
己 ,对待自己和评价自己负有贲任。进一步说 ,他对自己如何评价自
己也负有贲任。成员的团体经验是他生活经验的缩影 ,这是显而易
见,令人信服的事实。从我的经验来看 ,病人可以亳无困难地将自己
为团体情境负有责任推广到对生活情境负有责任上。一旦到了这一
步,病人就进人了",抑郁情绪,,,,
ku_pdfbook_be0cb785,存在主义心理治疗.pdf,269-269,"使用下列谠法 ,
'我为此负
责。""例如:""我注意到我在移动自己的腿我为此负责。""我
的声音很轻我为此负贲。现在我不知遒该谠什么好
我为此负责。
珀尔斯要求病人为其所有的内心冲突负贲。如果病人陷人了痛
篥六章
责任
苦的困境 ,在讨论的时候 ,感觉到胄像绞成一个结一样 ,珀尔斯会请
病人与那个结进行对话。""把那个结放在另一把椅子上,和它说话。
你扮演自己的角色和结的角色。它对你说什么?""然后他让病人为冲
突的双方负起贲任 ,以使病人意识到没有什么事情是自己发生的 ,个
体才是每件事情 ,包括每个姿势 .每个动作 ,每个想法的创造者。
治疗师 :你有没有发现你的眼睛在儆什么?
病人:我现在知遒自","未竟事务, 存在性痛苦",,,,
ku_pdfbook_248a400e,存在主义心理治疗.pdf,272-272,"会努力操控他人,尤其是治疗师 ,以便使他人能够照顾自己。
治疗师有三个当务之急:认识熵人是如从他人获得支持
而不是自己给自己提供支持的 ,避免陷入病人的操控而去殿顾
病人 ,知道如何处理病人的操控行为
笫二部
自由
不陷人操控并不是一件容易的事情 ,治疗师必须习惯于辨识和
抵御病人多种多样的操控手段:
""在现在的情况下,我没有任何希望了 ,但是你能。我 `需
要'你告诉我该怎么儆 ,这样我才能够继续生活。""这种生活根本
不能算是生活 ,而是一种存在状态 ,病人将一系列的请求推给那
些喜欢掌控他人的人。治疗师不过是病人的又-次尝试。但愿
推卸责任能""到此为止""。
为了不被操纵 ,珀尔斯采取亍极端",自杀意念,,,,
ku_pdfbook_5ee5a0a0,存在主义心理治疗.pdf,280-280,"下,是劫匪。
""劫匪能控制你的思想吗?""
""他控制我的思想和钱包
(众人大笑)
""你是否为你那天早上从床上起来负责?""
当然。
""为走在那条街上负责?""
""是的。
#为看到一个手上拿把枪的男人负责?""
第二部
白由
#只是为看到他?""
""是的 ,肴到劫匪。
""为看到他而负责?""
""是的。
那我当然是看到他了。""汊克说。
如果那个时候你没有眼睛 ,没有耳朵 ,没有鼻子 ,皮肤地没
有感觉的话 ,就不会看到劫匪 ,是吗?""
""哦 ,我知道你的意思了。
""所以你要为你自己在那个射间 ,那个地点 ,身怀现金可能
被抢负责,是吗?""
""嗯 ,我明白你的意思。
#所以你要为你选择不冒生命危险去反抗 ,选择","存在性痛苦, 生命意义",,,,
ku_pdfbook_8bcf92e9,存在主义心理治疗.pdf,287-287,"
心理控制点展为表`的含义就是一个人是否为自己的行为和生活境遇负贲.或肴
一个人是杏相佶自己的fw和个人行为无兴.&个人无祛拉制的。
般认为汞担贲任的
个体介吞内控点 ,而不衣担贲任的个作存者外控点。
第六章
责任
不足感;%较大的情绪困扰;5更为紧张,焦虑,不友菁 ,混乱,
成就
更低 ,政治上不积极 ,更容易接受暗示;5想象力较差 ,更容易有挫折
感,也更常忧虑。0精神分裂患者更容易在外控点上获得高分。。1严重的
心理障碍思者相较于轻微心理障碍患者来说更可能具有外控点。
抑郁是应用心理控制点的概念进行研究最多的心理障碍。由于
抑郁症患者有明显的无助感和宿命论 ,即使是没有受过训练的观察
者","抑郁情绪, 存在性痛苦",,,,
ku_pdfbook_8f28e154,存在主义心理治疗.pdf,287-287,"以看到这些病人不相僖自己有行动的力量 ,不相信自己能够
影响经验世界。许多研究显示抑郁症病人具有外控点。作为必然的
结果 ,这样的病人就会发展出无助感和无望感。
赛利格曼捉出习得性无助理论来解释抑郁。
他偎设抑郁的不同
成分(情绪 ,认知和行为)是由于人在生命早期学到 ,无论什么纬果
(奖赏或惩罚) ,都是自己不能控制的。一个人若是认为自己的行为
和结果之间没有因果关系 ,不但会停止以有效的方式行动 ,更会开始
表现出抑郁症状。用存在主义的术语来说 ,那些相倩自己无祛为发
生在自己身上的事情负赉的人 ,会为此付出沉垂的代价。虽然他们
逃避了觉察责任时产生的存在焦虑 ,但是像赛利格曼所提出的 ,","抑郁情绪, 存在性痛苦",,,,
ku_pdfbook_2da6c7d7,存在主义心理治疗.pdf,288-288,"为无祛使
他们摆脱其处境时 ,以后的应对能力就会受损。而且 ,大卫 。克莱因
和马汀 .赛利格曼还发现 ,抑郁个体(没有暴露在不可躲避的噪音
中)的表现和那些接收过不可躲避噪音的非抑郁个体很接近。8威
笫二部
自由
廉 `米勒和赛利格曼在问题解央的实验情境中重复了这个结果。
在其他实验中 ,研究者发现抑郁的被试对实验任务未来是否成功的
期望耍低于非抑郁的被试,而且即使接受正强化 ,抑郁被试的期望也
不会提高。
总的来说 ,心理控制点是得到广泛应用的心理概念 ,它可以大致
对应于责任的承趄或者逃避。证据表明逃避责任(外控点)和某些心
理病理相关,尤其是抑郁症。抑郁症的习得性无助模型提供了更多
的",抑郁情绪,,,,
ku_pdfbook_11fb4cb8,存在主义心理治疗.pdf,289-289,"症患着觜会为显煞自己无法控副的事情自责(例如,精榈病性抑郁的瘸人可能会谴责
自己发动了战争或君自然灾舌) 。林忽
亚伯拉姆森和哈洛镱
]凯嫜在
筒文耷中对
于这
仍然不可词和的乔盾进行丁苻彩的回顾。穆
第六章
赉任
于提高贫民区青少年的内控感。好几项会心小组治疗的效果研究
表明小组体验能促进成员内控感形成。可惜这些研究的贡献有限,
因为它们缺乏严格的实验控制 ,缺少对照组 ,或者有对照组但是却没
有控制""霍桑效应""
而且 ,相关的结果并不能够让我们知道病人
的改善是因为心理控制点娈化还是相反 ,即病人的改善导致了心理
控制点的娈化。
另一种研究取向是调查病人在结束治疗后的主观报告 ,如果询
问","抑郁情绪, 自杀意念",,,,
ku_pdfbook_e215d546,存在主义心理治疗.pdf,299-299,"癌细胞的扩散?""
据我所知,目前还没有可靠的证据表明这种方祛可以延长病人
的存活时间。而且对于这种承诺很商 ,但是却忽略用相对简单的研
究方祛来支持(或者否定)其主张的体系 ,我们必须抱以怀疑的态度。
箅六章
责任
但是酉蒙顿的方法教导我们在处理严重躯体疾病时 ,责任的重要性。
这些运用视觉想象的病人 ,即使没有直接得到躯体帮助 ,也因为他们
对疾病承担起更主动负责的态度 ,而常常在心理上得到帮助。这一
点非常重要 ,因为无助和绝望常常是癌症病人进行治疗时的主要问
题。相较于其他疾病,癌症可能更容易造成无助感,病人觉得完全无
祛控制自己的状况。思有其他疾病的人(譬如心脏病或者糖尿病)有
诈多方","抑郁情绪, 存在性痛苦",,,,
ku_pdfbook_4548bd90,存在主义心理治疗.pdf,299-299,"运动计划
等 ,可癌症病人却经常感觉自己什么也不能做 ,只能等待 ,等到下_
个癌细胞在身体某处冒出来。这种无助感常常因为医生的态度而得
到强化,因为医生通常都不让病人参与到治疗决定中 ,许多医生不愿
意让病人了解过多的信息 ,常常趣过病人而与家属讨论关于末来治
疗的重要夹定。
可是,如果西蒙顿的方法没有得到研究支持,而且并不能延长病
人的存活时间 ,是不是就可说这种方祛只是个谎言 ,而注定被人遗忘
呢?  有哪些治疗方法可以帮助那些无祛接受西蒙顿的基本前提和方
祛的病人?  我个人相信承担责任的观念可以为任何癌症病人提供治
疗的荐力点 ,即使是那些己经身处晚期的病人。首先,需要注意的
是不簪","存在性痛苦, 生命意义, 死亡焦虑",,,,
ku_pdfbook_6624afb7,存在主义心理治疗.pdf,300-300,"
负责) ,而是指对自己的感受所采取的态度负责。弗兰克尔在说明这
一点时 ,讲亍一个笑话:
在第-次世界大战期间,一位犹太军医和他的朋友,一位非
犹太裔的贵族上校躲在猫耳洞里。此时外面响起密集的枪声。
笫二部
自由
上校嘲笑犹太军医:""你很害怕吧 ,这正好证明了雅利安人比闪
米特人要优秀。""军医回答道:""我当然害怕了 ,但是谁更优秀昵?
我亲爱的上校 ,如果你像我-样害怕的话 ,你早就跑掉了
治疗师如果能够对癌症病人的无助感和绝望绐予很多关注的
话 ,会对治疗起很大的作用。在针对癌症病人的支持小组中 ,我和同
事发展出了几种不同的旨在促进力量感和控制感的方祛。
辟如,癌
症病人经常在自己和医生","存在性痛苦, 生命意义, 医疗决策",,,,
ku_pdfbook_e4aa23a0,存在主义心理治疗.pdf,303-303,"斥或者自我否认的焦虑。人被要
求使自己咸为自己应该的样子,充分实现自己的俞运。人通过
实现自身的命运 ,通过实现潜在的可能 ,获得自我肯定。
蒂利希的观点是人被要求""使自己成为自己应该成为的样子 ,充
第六章
责任
分实现自己的命运"" ,这个观点源自祁克果。祁克果描述过一种因为
自己不愿意成为自己而产生的绝望。自我反思(对内疚的觉知)带来
绝望 ,然而不知道自己己然绝望则代表了一种更深形式的绝望。0'哈
酉德教派的拉比苏酉亚有着相同的观点 ,他在去世之前曾经说过:
当我到天堂的时候 ,他们不会问我 `你为什么不是摩酉?'他们会问
我的是`你为什么不是苏酉亚?  为什么你没有成为你本可以成为的
","死亡焦虑, 存在性痛苦, 生命意义",,,,
ku_pdfbook_bb01c2b9,存在主义心理治疗.pdf,305-305,"存在
的核心之处 ,人是认识自己的。约翰
斯图亚特 。密尔在描述他的
多重自我时 ,曾经提到过存在一个基本恒久的自我 ,并称之为""持久
的我""。25没有人把这一点表达得比奥古斯丁更好:""在我内心有一个
比我的自我更真实的我。
一段临床案例可以说明存在的内疚作为向导的角色。曾有位病
人因为严重的抑郁和无价值感来找我咨询。她当时五十岁,己纬婚
三十二年,她的丈夫是一个心理很不正常 ,充满仇恨的人。她一生有
很多次考虑寻求治疗 ,但每次都决定放弃,因为她害怕自我检视会导
致婚姻破裂,而她无法让自己面对孤独 ,痛苦 ,他人的否认 ,经济的困
难 ,以及承认失败。最后她的日常生活功能受到严重的困扰 ,迫","存在性痛苦, 未竟事务, 生命意义, 抑郁情绪, 死亡焦虑",,,,
ku_pdfbook_8cb6db47,存在主义心理治疗.pdf,306-306,"中解脱 ,从自我悄恨中解脱 ,以及从不
断在内心啃啮的内疚感中解脱。布鲁斯并不认为他是自己生命的主
人,其实这种说法还有些保守。对布鲁斯来说 ,所谓他对自己的生活
状态负有贵任这个概念简直就是外国话。
他的感受是永无休止地被
驱动 ,永无止境的恐慌 ,就像是卡夫卡,他感到""能够有个角落坐下并
且呼吸己属幸运"" 。127
在多月的治疗中 ,我们检视了他的内疚和自我憎恨。他为什么
感到内疚?  他都犯有哪些过失?  他在治疗中花了一个小时又一个小
时不断地检阅那些平庸 ,琐碎 ,令人厌倦的罪过 ,譬如还是个孩子的
时候从父亲那里愉了点零钱 ,在保险理赔时夸大了数额 ,在申报个人
所得税时作偎 ,愉","未竟事务, 存在性痛苦, 抑郁情绪",,,,
ku_pdfbook_635eb2b0,存在主义心理治疗.pdf,307-307,"可以大声说出来,`那都是过去了。现在
我巳经改娈了 ,我巳经和过去不一样了。
布鲁斯逐渐地开始听懂自己的话 ,实际上他在说:""我现在的行
为,我此刻做的事,才是我缺乏自信的来源 ,也是我的自我轻蔑和内
疚的原因。布昏斯渐渐认识到他的自我憎恨全部是由他自己造咸
的 。如果他想要对自己的感觉变得好些 ,甚至能够开始爱自己的话,
他必须停止做那些让他感到羞耻的事情。
之后布鲁斯有了更多的体悟。布鲁斯儆了一个决定(我在第五
章描述过) ,在平生第一次选放弃勾引女人上床之后 ,他的生活逐
渐开始改菁。在接下来的几个月中 ,他的身上发生了很多变化 (包括
预朔会出现的阳痿阶段 ) ,但是他的强迫性逶渐开始","抑郁情绪, 存在性痛苦, 生命意义",,,,
ku_pdfbook_5270d076,存在主义心理治疗.pdf,321-322," ,数干年道德规范的对立意志之间的意志冲
突。""兰克带着讽刺意味继续说道:""儿童必须受道德规范约束,意义
不在于让父亲活下去,不与母亲结婚.而在于知道自己不能随心所
欲 ,不是一切以自己的意志为转移。
兰克描述「意志的三个发展阶段:(1)对立意忐
反抗别人的
笫二部
自由
意志;(2)正面意志一
愿意做自己必须儆的M;(3)创造性意志
愿意儆自己想儆的事。养育儿童(和治疗)的目标就是把前两个阶段
的意志转娈为创造性意志,兰克认为 ,养育儿童的主要""错误""是压制
神动状态和初期的意志(""对立""或""消极""的意志) 。如果父母教导儿
童所有自由的冲动都不能表达 ,所有的对立意志都是坏的 ,儿童就会
","存在性痛苦, 生命意义, 抑郁情绪",,,,
ku_pdfbook_5e6144b6,存在主义心理治疗.pdf,327-327,"中达到顶峰。
""愿望""为""意志""提供了温暧 .内容 .想象力 ,兴味 .新鲜感和
丰富度。""意志""使""愿望""得到自主和成熟。没有""愿望"" ,意志
就失去了其赖以为生的生命之血,在自我矛盾中走向死亡。如
果只有""""意志""而没有""愿望"",人就是干癔的 ,像维多利亚时代的
新清教徒。如果只有""愿望""而没有""薏志"" ,人就是被动 ,不自
由 ,幼稚的 ,就像长大的霎儿 ,或是像机器人。
意志与临床实践
意志不是一个深奥的概念,也不是只有特殊的病人和治疗师才
会感兴趣的概念 ,它以多种方式进人每一个病人的治疗过程。有些
病人因为意忐失调的问题而寻求治疗。当然 ,由于在标准的疾病分
类中没有意志的位置 ,","存在性痛苦, 生命意义, 抑郁情绪",,,,
ku_pdfbook_7fec539f,存在主义心理治疗.pdf,329-330,";""诀定""比较偈向于社会
心理学用语。交替使用它们 ,也反映了,在讨
论中鹫越不同学科的努力
笫二部
自由
#什么不让你儆自己想儆的事?""
""可是我不知逍我想耍什么!如果我知道 ,我就不在这儿了 !""
治疗师多长时间会遇到一次类似这样的场景呢?  治疗师多长时
间会遇到一位知逍自己应该儆 .本该儆 .必须儆 ,却对自己想做什么
设有体验的病人呢?  治疗完全感受不到愿望的病人,是极其令人沮
丧的体验,没有几个治疗师不想像罗洛 。梅那样大喊:""难道你从来
没想耍过任何东酉吗?""50愿挈受阻的人有很严重的社交困难 ,其他
人也同样想对这种人大喊。他们没有意见 ,没有喜好 ,没有自己的愿
望。他们寄","存在性痛苦, 生命意义, 抑郁情绪",,,,
ku_pdfbook_86035aa2,存在主义心理治疗.pdf,330-331,"。当别人满足了自己末说出口的愿望时,
他们会感到极大的安慰。还有些人非常害怕被照顾者抛弃,以至于
克制一切个人欲望的直接表达。他们不允许自己拥有愿望的权利,
就好像他们的愿望会激怒 ,威胁或赶走别人=
无法感受
失去愿望的能力或不能体验自己的愿望,在临床文献中没有广
泛,明确的讨论;人们通常把它置于一个总括性的障碍里
无法感
受。心理治疗师常常见到一些病人 ,他们似乎无法感受或不能用语
言来表达感受。他们无法区分不同的情感 ,似乎用同样的方式体验
喜悦 愤怒 ,悲伤.烦躁等一切恃感。他们不能定位身体内部的感觉,
箫七章
奄志
对内在的驱力和情感尤其缺乏想象力。彼得
酉夫诺斯在1967  年
提","存在性痛苦, 抑郁情绪",,,,
ku_pdfbook_14017d41,存在主义心理治疗.pdf,331-332,"是非常流行的观
点 ,在众多好莱坞电影中都有所体现。当代观点是,虽然宜泄不是改
变,宣泄本身也不产生改变,但它在治疗过程中却是不可或缺的。的
确有相当多的研究支持这个观点。例如,我和同事研究了若干位病
人,他们心理治疗的结果非常成功。3为了准确描述产生效果的治疗
机制 ,我们设计了一份包舍六十个条目的调耷表(见第六章) ,请病人
依据对他们个人改变的重要性逐条评分。六十个条目中 ,两个与""宣
泄""有关的条目重要性位列第二和第四。
最近有很多新疗祛涌现出来(例如,完形治疗 ,强烈感受治疗5
爆发疗法55 ,生物能疗法6 ,情绪迸发疗法6 ,心理剧 ,尖叫治疗68 ) ,它
们彼此极其相似 ,都注","抑郁情绪, 家属沟通",,,,
ku_pdfbook_1d26b271,存在主义心理治疗.pdf,332-333,"成千上万的人看到报纸时
都会感党到有一团愤怒堵在喉咙里 ,成千上万的人握紧拳头嘟
囔着:""该死!""马修握紧他的拳头也嘞囔了一声:""该死 !""但却觉
得很自责。如果他能在内心至少发现一点点真正的恃绪就好
了 ,那种适度活跃,可以意识到其界限的真正情绪。可是没有:
他是空洞的 ,他面对巨大的愤怒 ,极度的愤怒 ,他看见了它,几乎
碰到了它。但是它亳无生气
~如果它能活跃起来,能够表达
和体验的话 ,他一定全身投入。那是别人的愤怒。""该死 !""他握
紧拳头 ,跺着脚 ,但什么也没出现,愤怒仍然在他奥外'有什
么东西在存在的门橙外 ,是怯生生的愤怒的萌芽。终于!但是
它澌渐缩小 ,枯萎,把他抛给了弧独","存在性痛苦, 抑郁情绪",,,,
ku_pdfbook_557449e1,存在主义心理治疗.pdf,334-334,"当中。他用手帕擦了擦额头 ,心想:""人
不能勉强最深处的感受。""那边的事态惨绝人寰,本来应该唤起
人们最深处的情绪""没用的 ,那-刻不会到来.
感受是愿望的前提 ,但并不等于愿望。人可以有感受而没有愿
笫二部
自由
望,所以也就没有意志。现代文学中一些著名的""没有愿望""的人
比如 ,阿尔贝
加缪《局外人) (The Stranger )里的默尔索 ,安
德烈
纪德《违背逍德的人  (The Immoralist ) 中的麦克一都是有
强烈感觉的人 ,但都脱脔了他们自己的愿望 ,特别是人际关系方面
的愿望。他们的行动是冲动的爆发 ,最终深深地伤害亍他们自己
和别人。
情感阻塞和心理治疗
情感阻塞",抑郁情绪,,,,
ku_pdfbook_f85e6fe7,存在主义心理治疗.pdf,335-335,"唤起也没有人际
互动。结果表明 ,在周末团体期间 ,虽然许多病人有强烈的情感突
破 ,却没有持续性 ,对接下来的个体治疗进程没有明显的影响
所以 ,虽然引发悄感在治疗中很重要 ,但是没有证据0示快速集
笫七音
鼋忐
中地情感唤起本身具有疗效。不管我们愿不愿意 ,心理治疗是""循环
治疗%71
长期 ,缓慢的过程 ,同样的议题不断地重复修通 ,并且
在病人的生话环境中检验,再检验。如果情感突破不是一个有效的
治疗模式,那么与之相反的方法
枯燥乏味,过度理智化,高度理
性的方式
同样无效。成功治疗的一个要萘是情感投人--弗朗
兹 `亚历山大称之为""矫正性的情绪经验""72
虽然许多早期的治疗
师(比如","抑郁情绪, 存在性痛苦",,,,
ku_pdfbook_3ca9e618,存在主义心理治疗.pdf,336-336,"通过询问""你慝意哭
吗?""来鼓励情感的表达。
珀尔斯的治疔从觉察开始 ,逶渐转向""愿望
心理汾疗 ( psychotherapy ) 和榍环治疔 (eyele (herapy ) 萸语读音相同。
译者
弟二部
自由
我确信单是觉察的技巧就能产生有价值的治疗结果。如果
治疗师受到限制 ,在治疗中只问三个问题 ,就能最终使几乎所有
最严重的病人获得成功。这三个问题是:""你正在儆什么?""""你
有什么感觉?""你想要什么? 7
珀尔斯试图帮助病人感觉幸物 ,去""拥有""这些感觉,然后开始亍
解自己的愿望和期望
例如,病人如果理眢化或谦恭地向治疗师提
问 ,珀尔斯就会鼓励他们用陈述句来表达 ,并说出问题~后","存在性痛苦, 生命意义",,,,
ku_pdfbook_c278e6be,存在主义心理治疗.pdf,337-337,"骗子式治疗的阶段 ,认为如果获得了某种突破 ,病人就
痊愈了我得说 ,我对目前的情形非常担心。
技术是个伎俩。伎俩只能用于特殊的案例。我们己经
听到有太多的人四处搜集伎俩,滥用它们。这些技巧 ,这些工
弟七章
意志
具 ,在某些感官觉皋或快乐工作坊中是相当有用的'但是不
幸的事实是这种一时的兴奋常喾成为一种危险的替代活动 ,成
为另一种阻碍成长的蜃假治疗。
其他治疗方式。珀尔斯不是唯一设祛解央情感阻塞问题的治疗
师。理剧 ,会心团体,催眠治疗和生物能疗法都有各种成熟的技
巧 ,用来唤起情感 ,增加人们对愿望的觉察。其实这类方祛还衍生出
来大显技巧 ,已经无祛追溯它们的渊源了。然而 ,所有技巧均",存在性痛苦,,,,
ku_pdfbook_e07bcb75,存在主义心理治疗.pdf,348-348,"为了对抗这些压制而产生的。如果不幸遇到了试图镇
压所有冲动表现的父母 ,那么儿童的意志就会充满内疚 ,体验到一切
的决定都是邪恶的 ,被禁止的。这样的个体无法儆出央定 ,因为他觉
得没有做染定的权利。
笫二部
自由
受虐性格的人与父母陷于共生关系 ,他们有着内疚和央定带来
的特别困扰。埃斯特
梅纳克认为,这种病人的父母其实是在说:
""你不敢成为你自己 ,你没有能力成为你自己 ,你的生存需要我的存
在。9在成长过翟中 ,任何自由表达的选择都是被禁止的,因为这代
表违背了父母的命令。在成人期 ,重大央定引发的焦虑不安不但源
自分离恐惧 ,而且源自违抗支配者的内疚。
一般的内疚定义为个体对真实或想象","存在性痛苦, 未竟事务, 抑郁情绪",,,,
ku_pdfbook_64339947,存在主义心理治疗.pdf,350-351,"自由(和不
安)的感觉就越强烈。所以 ,舒适的夹定策略需要把选择的项目看成
是很有吸引力的 ,把未被选择的项目视为亳无吸引力的。在潜意识
层面,人会放大两个近乎相同的选项间的徵小差异 ,以便从中儆出明
确且亳不费力的央定。这种轻松的夹定完全避免了面对自由的痛苦。
笫七音
意志
例如 ,
一位分裂样情感阻塞的病人多年来""决定""不为改变而努
力。出于与目前讨论无关的理由 ,改娈对他来说是非常可怕的前景 -
因而他拒绝投入治疗 ,并且为自己创造了一种寂静的 ,与世隔绝的生
活。客观地看 ,他的两个选项一是与自己和他人内心的完全隔绝,一
是自发而富于感情的生活。为了延续不要改变的央定 ,这位病人歪
曲",存在性痛苦,,,,
ku_pdfbook_f3d598e4,存在主义心理治疗.pdf,350-351,"的另-
个。他视情感压抑为""高贵""或""风雅"" ,视自岌表达情感为""兽性的失
控"" ,这将让他冒被暴怒和泪水淹设的危险。我的另一位病人央定留
在令她极为不满的婿姻里,因为另一种选择(被她歪曲和贬低为)是
加人单身一族""众多可悲的怪人,被遗弃的人和不适应环境
的人
社会心理学研究证实,贬低未被选择的项目是常见的心理现
象。受试者在选择之后 ,如果所选的项目没有比末被选择的项目具
有明显的优势 ,往往会感到后悔。未被选择项目越是有吸引力 ,就趣
令个体不安 ,有一种""我儆了什么?""的感觉 ,这在文献上通常称为""认
知失调"" :是指个体做出的选择显得与自身的价值观不-致(失调)。
认知失调理论认为失调","死亡焦虑, 存在性痛苦, 医疗决策, 告别与分离",,,,
ku_pdfbook_549324e2,存在主义心理治疗.pdf,355-356,"逍爸爸是不是还会让我继续留在学校。""系
主任表示同情 ,但是很显然 ,她别无选择。
学生离开后 ,斯托德特主任在椅子上坐了-会儿,相互矛盾
的感觉使她很激动。-方面 ,她觉得很满意 ,当规则要求坚定立
场的时侯,她终于剐伏了她的感受和判断。困为多年以来 ,她发
现自己会被同情心牵着鼻子走,以至于她几乎不能兼顾理解和
坚持规则
斯托德特主任感慨地想 ,处理刚才的那个情形着实不易啊。
然雨出乎意料的是,不知为什么 ,她并不满意。她-再安慰自己
第二部
自由
刚才做得很好 ,还是有种臆隐的不安。当天的晚些时侯 ,她坐在
我办公室的治疗椅上 ,她发现自己在反复思考:""不知逍为什么'
跟那个学生的谈话一","存在性痛苦, 医疗决策",,,,
ku_pdfbook_2d812b33,存在主义心理治疗.pdf,356-357,",也许治疗师相信
改娈是通过规劝 ,解译或治疗关系而产生的 ,但决定仍是悄然启动改
娈的装暨。没有努力就不可能有改娈,而决定正是努力的启动者。
在此 ,我要讨论一些对于决定的治疗方法
~包括薏识和潸意
识的-定。病人寻求治疗 ,有些是陷于当前-定引发的痛苦,有些是
在治疗过程中不时出现央定危机 ,有些是长期无法儆出决定的问题
虽然治疗师并不以央定困难来描述病人的心理动力 ,但是正如我在
第七章
意志
第二部分的引音中所说:""心理治疗的目的是把病人带到能够自由儆
出选择的境地
决定的治疗方式:意识层面。比阿特丽斯是我治疗团体中的一
位成员 ,由于突发的央定危机而打电话给我 ,要求一欢紧急会谈。三",抑郁情绪,,,,
ku_pdfbook_4f6b6678,存在主义心理治疗.pdf,356-357,"她的意大利男友住到她这儿来。当时看 ,这只是个短
期安排 ,因为他计划一个月后就回国。然而 ,他启翟的日期延后 ,而
他们的关系却急转直下。他酗酒 ,辱骂她,借了数目很大的钱,还使
用她的汽车利公寓。
比阿特丽斯深感焦虑,而且对自己的无所作为
也很绝望。经过数周挣扎 ,她终于决定了 ,c求他一早就离开,但他
拒绝离开,声称自己既没钱也没地方住。此外 ,由于她住的公寓没有
签租约 ,所以他对这间公寓有着跟她一样的权利。她考虑报警 ,但是
怀疑他们不能有效地处理。况且 ,她害怕激怒男友 ,因为他的脾气很
坏 ,完全有可能困心怀怨恨而没完没了地找她的麻烦
她该怎么做?  四五个星期之后他才会离开;她","存在性痛苦, 抑郁情绪",,,,
ku_pdfbook_3211b09c,存在主义心理治疗.pdf,360-361,"发现自己采取的一个又一个逃避赉任的策略。
如果完全认可自己的类定无处不在 ,人就会以真实的方式面对
自己的存在处境。拖延是一种决定
如同失败,酗酒 ,被诱惑,受
利用或受骗。甚至 ,活下去也是个类定。
尼采谠 ,人们只有彻底思考
过自杀之后 ,才能认真地对待自己的生命。我治疔过许多切除亍肾
上腺(转移性乳腺癌治疗计划的一部分)的癌症病人,她们必须每天
服用可的松。很多人就像天天刷牙一样自然而然地服药,但也有些
人非常清楚地知道自己是每天都在做着继续活下去的决定。我的印
象是,对这种m定的觉察使生命得以充实,并且激励人们尽其所能
全身心地投人生活的任务之中。
一些治疗师通过提醒病人必须为治疗做出","死亡焦虑, 存在性痛苦, 生命意义",,,,
ku_pdfbook_c731977d,存在主义心理治疗.pdf,362-363,",但无法人眠""。10治疗师偶尔能通过
改变央定的架构 ,通过向病人提供看待央定的不同视角 ,来影响较深
层的意志。我自己的一段往事就是例证。
多年前 ,我一度遵受严重失眠的困扰。失眠与压力有关,并且每
当我为演讲而旅行时失眠就会更加严重。我特别担心即将到来的克
利夫兰之旅 ,因为我曾在那里度过了一个非常不舒服的无眼之夜 ,所
以我视克利夫兰为""无眠之城"" 。这种忧虑当然会引发恶性循环:担
心无祛人睡反而招致失眼
我一直把自己的困扰当作是让我熟悉各种治疗方祛的机会来利
用 ,这一回我去请教一位行为治疗师。在我跟他的四五次会谈中 ,我
们用系统脱敏疗法和肌肉放松的磁带进行治疗 ,都没什么特别的帮
","疲劳与虚弱, 抑郁情绪",,,,
ku_pdfbook_86d0f0e6,存在主义心理治疗.pdf,366-367,"自己隐藏的真理。
虽然关于最可能产生改变的领悟类型的讨论和争议有很多 ,但
是关于领悟如何引起改变的文献却是少得可怜。许多传统的解
释
比如 ,让潜意识的内容意识化 .去除阻抗 ,修通过去 ,重新整合
解离的材料 ,矫正情绪体验
-都只是详细说明了问题 ,但还是在回
避问题的本质,仍然没能说明领悟产生作用的精确机制。
意志的心理结构 ,特别是决定的概念
从意愿发展到行动的
过翟
~为临床工作者提供了一个领悟如何催生改娈的解释模型
治疗师的任务是消除意志的障碍 ,领悟是治疔师达成任务的重要工
具之-
在接下来的一段 ,我将论证领悟引发改娈的方式是:(1)领悟促
进治疗师一病人关系的发展;(2)治","存在性痛苦, 生命意义",,,,
ku_pdfbook_4e35556e,存在主义心理治疗.pdf,367-368,"
接下来是意忐受抑的病人在治疗师帮助下,产生的四种最常见的促
发改变的""领悟""
""只有我能改变我创造的世界。""我在前面的章节中 ,描述过一些
帮助病人认识到他们对自己生活困境负责的技巧。一旦病人真正领
会了他的贲任的完整含义,治疗师就必须帮助病人理解贲任是持续
的:人们不是一下子铸就亍自己生活的处境;恰恰相反,人们是持续
不断地创造着自己
所以,为过去的创造负责必然包含着对末来的
改娈负责
接下来,治疗师帮助病人在认识上再迈进一小步 ,那就
是;正如人耍为自己现在的样子负全责一样,人也要为自己将来娈成
的样子负全责。即将改变的病人必须达到这样的领悟:""如果我,而
且只是我 ,创造了我的世界 ,","存在性痛苦, 生命意义",,,,
ku_pdfbook_8d02444e,存在主义心理治疗.pdf,376-376,"起过
去的素材一样有效:
相当多的时候 ,我们无法成功地让痫人回忆起被潜抑的事
情来。如果仍然正确实施精神分祈 ,那么取而代之的是 ,我们在
他内心制遣一种确信 ,相信建造真实性 ,而这个建构可以获得
第二部
白由
与重温记忆-样的治疗结果。
这段陈述与我之前谈到的要点-致
也就是,重要的不是内
容而是解译或解释的过程。
弗洛伊德把过去的建构作为一种解释系统加以强调 ,这和他的
l定论密切相关:所有行为和精神体验都是先前事件的结果-一无
论是环境的事件 ,还是本能的事件。这样一个解释系统的问题是,治
疗中包含了绝望的种子。如果我们由过去所-定 ,那改娈的能力从
何而来呢?  在弗洛伊德晚期著作","存在性痛苦, 生命意义",,,,
ku_pdfbook_c220bbc2,存在主义心理治疗.pdf,376-376,"别是从《限期和无限期的精神分
析》 (Analysis Terminable and Interminable ) 中 ,我们可以非常明显
地看到 ,坚定的决定论观点导致他站在了虚无主义的治疗立场之上
任何解释行为和精神体验的体系 ,如果依据是个人责任范畴之
外的现象(如过去或当前的环境事件 ,本能驱力) ,都会导致治疗师处
于危险的境地。正如兰克所说:""团果法则意味眷否定意志原则 ,因
为它导致人们认为感受 ,思懋和行为都依赖于外在力甚 ,这使人摆脱
了责任和内疚。116
当然 ,使人摆脱对过去事件和行为的内疚,常常是有益的。坚持
决定论的治疗师以这种方祛检视过去时 ,能够向病人证明他是环境",存在性痛苦,,,,
ku_pdfbook_df5187b8,存在主义心理治疗.pdf,381-382,"如大家庭 ,稳定的社区邻里 ,教堂 ,本地的苓售商
贩 .家庭医生等)逐渐式徵,无可避免地导致了人与人之间越来越疏
远(至少在美囤是如此) 。
心理孤独 *是指人把自己内心分割成不同部分的过程。弗洛伊
德用""隔离""来描逑一种防御机制。这种防御机制在强迫型神经症的
此处蔹译作^独的英文原词 isolation 也有隔离的意思
箪三部
斑独
个体身上格外明显。对不愉快的体验 ,个体去除丁其中的情绪 ,阻断
了它的来龙去脉 ,使得这种体验脱离了通常的思维过翟。沙利文对
这种现象(个体把经验从意识中隔离 ,使自己无法碰触心灵的这些部
分)很感兴趣。他摒弃了""压抑""这个概念,而把这个过程称为""解
离"" ","存在性痛苦, 抑郁情绪",,,,
ku_pdfbook_d6ab6e56,存在主义心理治疗.pdf,384-384,"是患有睡眠恐惧症,因为他根本
就害怕睡觉。这个噩梦的不寻常处在于做梦者本人在梦中没有受到
任何忻害。只是在梦中他的世界消融了 ,他不得不面对虚无:
我在自己的房问 ,突然发现每样东西都在变化。窗框开始
第三部
珂独
拉长 ,然后像波浪一样扭曲;书柜被压扁;门把手不见了 ,只留下
一个空洞在门上,洞趱来越大。每样东西都失去原本的形状 ,开
始黜化。然后什么东西都不见了 ,我开始尖叫
托马斯
沃尔夫因为对存在孤独有着不同寻常的敏感觉察而受到
困扰。在他的自传式小说《天使,望故乡》 (Look Homezuard , Angel ) 中 ,
主角还在襁褓时就已经开始思索孤独的问题;
深不可测的寂寞和","死亡焦虑, 存在性痛苦, 生命意义",,,,
ku_pdfbook_f39d16d5,存在主义心理治疗.pdf,385-385,"死亡可以被
带走。没有人可以消除另-个人的死亡。3虽然我们可能有很多朋
友 ,虽然有人可能与我们死因相同,甚至死期相同(好比古埃及杀死
仆人为法老殉葬的做法 ,或者约定-起自杀) ,但是从最根本的层面
笫八章
存在弧独
弄 ,死亡仍然是{孤独的人类体验。
著名的中世纪道德剧《世人》 (Eueryman ) ,用一种简单有力的方
式,描绘了人面临死亡时的孤菽。死神拜访世人(剧中主人公) ,告诉他
必须走上朝见上帝的最终旅程。世人恳求怜悯 ,却亳无用处。死神告
知他必须为""没有一个活着的人能逃得了的""那一天儆好准备。绝望
的世人急忙到处寻找帮助。他吓坏了 ,更重要的是他感到非常孤单。
世人请求别人","死亡焦虑, 存在性痛苦",,,,
ku_pdfbook_a55392a1,存在主义心理治疗.pdf,390-390,"在用相
巡 ,不到它的空用无倩。黛; ,这也就县说 .戎们苦苦笄荇 ,只)发现自己不能理解自己 ;我们发现的旯这卅界的]无。15
及关语 ,可解读为人什么世不怕
也可解读为人a怕的县""升么郗役有
讦注
笫三部
珂独
些人报告了他们的幻想(如""一个无形的精灵滑人虚空"") ,清晰地说
明剥离角色会促使人体验到存在性孤独。
对孤独的体验和日常措导原则突然被剥离的体验 ,能够引发诡
异感 ,或者说是在此世的陌生感。迷路的徒步旅行者 ,突然发现自己
脱离轨道的滑雪者 ,在浓雾中看不到眼前道路的驾驶者 ,在这些处境
中的个体常常体验到一种突然的恐惧,一种与实际威胁无关的恐惧。
这是一种孤独的怼惧 ,从自己","死亡焦虑, 存在性痛苦, 生命意义, 灵性需求",,,,
ku_pdfbook_95201a96,存在主义心理治疗.pdf,391-391,"的""普世冲突""=
""成为一个个体就必须承担全部的 ,根本的 ,永恒的 ,无法克服的孤
独。
'弗洛姆在其作品《逃避自由 %中提出亍相同的看法:
孩子在这个世界上诞生 ,逶渐意识到自己是孤独的 ,是与其
笫八享
存在珂独
他人彼此分离的存在。这个与个体分离的世界.相较于个体自
身的存在来说 ,具有压倒性的力量 ,经霈让人感到危险和受到威
胁,从而产生了无助感和焦虑。只要个体仍然是这个世界中无
法分离的一部分 ,只要个体没有觉寨自身行为的可能性与责任,
个体就不需要害怕这个世界。当一个人成为独立的个体时 ,就
要孤独地站立,面对这个世界所有的危险和5大棼力。
放弃与他人共生融合的状态 ,就意味着面","存在性痛苦, 灵性需求",,,,
ku_pdfbook_12742b2e,存在主义心理治疗.pdf,397-397,"活在""我
它""的世界 ,仅仅活在""汝""的世界里会使人的自我在""汝""的白色火焰
中燃烧殆尽。
""我一它""世界是我们必须生活其中的世界,也是我们能够
舒适生活的世界 我-汝的时刻是奇特的 ,抒情而又激烈的
第八音
存在弧独
时刻。它具有骚烈的魅惑 ,但会把我们推向危险的极端人
无法活在纯粹的当下(也就是我-汝中) ,那会将我们耗尽一
听我谠 ,关干生活在""我一汝""的真理是:没有它,人无法活下去。
但是只生活在""我一汝""中也不符合人性。
这种对平衡的诉求使我们联想到希列拉比的著名格音:""如果我
不为自己 ,谁会为我呢?  如果我只为我自己 ,那我又是什么呢?""3
我大量引逑布伯的观点 ,因为他对无所","存在性痛苦, 生命意义",,,,
ku_pdfbook_95d95b42,存在主义心理治疗.pdf,404-404,"命中。这种
过去的爱 ,是力量的源泉,而现在的去爱则是拥有力量的结果。
7.关爱是相互的。一个人若能真正地""转向他人"" ,他自己也会
相应地发生变化。一个人能把对方带人生命,自己也会变得更充满
生机。
笫三部
孤独
成熟的爱并不是没有回报。人会改变 ,变得更丰富 ,感到自我
被实现 ,存在孤独也得以减轻。通过爱人,自己也得到了关爱。但是
这些回报只源自真正的爱 ,它们也不是爱的原团。借用弗兰克尔的
说法 ,这些回报是自淼产生 ,而无祛求得的。
存在孤独与人际心理病理学
如果我们无法发展能够让我们面对荐在孤独的内力量 ,自我
价值感 .坚实的认同感 ,无法接受事物本来的面貌 ,接纳焦虑的话 ,我","存在性痛苦, 生命意义, 死亡焦虑",,,,
ku_pdfbook_b8b363e1,存在主义心理治疗.pdf,405-405," ,最糟的
想法就是那
~刻整个世界没有人会想到我 ,这种想法简直要把我逼
疯了。""这个病人因为一个人独处时出现惊怼发作而人院。在这个住
院病人组成的治疗团体中 ,他这种说法立刻获得了其他病人的认同。
第八章
存在-独
一位十九岁的病人因为失恋后割腕而人院 ,她很直接地说:""我宁可
死 ,也不要孤独 !""另一位病人说:""我独自一人时会听到声音 ,也许幻
听是避免孤独的方法 !""(这是对幻听的引人关注的现象学解释。)还
有一位数度自残的病人说她之所以伤害自己是困为对和一个男人的
关系不满而绝望。可是她无法离开这个男人,因为她害怕孤独。我
问她为什么害怕孤独 ,她的回答带有一种赤裸裸的,直接的 ,","存在性痛苦, 死亡焦虑, 生命意义",,,,
ku_pdfbook_bf5e0526,存在主义心理治疗.pdf,405-406," ,那我很想知逍 ,你们是什么?""
""和你-样,""叮当兄谠
""和你-样,和你一袢!""叮当弟大喊。
他叫的声音很大 ,爱丽丝忍不住说:""殪 !你会把他吵醒的。
笫三部
玎独
莪很害怕 ,你不要那么大声。
叮当兄说:""你只是他梦里的一样东西,谈论会不会吵醒他
根本无济于事,你很清楚知遒自己不是真实的
""我是真的.""爱丽丝说 ,然后开始哭泣。
""你哭也没有用,""叮当弟说,""没什么好哭的。
如果我不是真的 .就应该不会哭才对。""爱丽丝挂着眼泪半
笑着谠 ,看起来非常滑稽。
叮当兄用一种非常轻蔑的口气插嘴说:""我希望你不会以为
那是真的眼泪 !""55
在团体治疗中有一位病人说 ,她曾接受几个月的治疗 ,","存在性痛苦, 生命意义, 告别与分离, 哀伤与丧失, 自杀意念",,,,
ku_pdfbook_e09ceea3,存在主义心理治疗.pdf,406-407,")。在这
次团体会谈后半段时 ,这位病人说她开始了解自己为什么一直考虑自
杀,因为她相信如果自杀的话 ,其他人会在很长的一段时间内记住她。
这是对我笫二章中描述的""自杀作为一种具有神奇作用的行为""的绝
佳例证。在她眼中,自杀并不是死亡 ,刚好相反.自杀是对抗死亡的方
祛 ,她相僖如果一个人存在于他人的意识中 ,就等于继续活下去。
神经症患者会通过寻求爱情 ,逃避对处于存在核心的孤独感和^
空虚感的隐秘觉察。他们借着被人选择 ,被人重视而觉得自己的存
在得到了肯定。纯粹的存在感 ,所谓""我在""的感受 .作为幸物来源的
感受
,这些对于个体来说都太可怕厂。因此 ,个体否认自我在创遣
岩的正氽物囚戎","自杀意念, 存在性痛苦, 死亡焦虑",,,,
ku_pdfbook_25a52882,存在主义心理治疗.pdf,412-412,"人触合
的短暂幸福是缺乏反思的,即自我感是丧失的。个体甚至不能说""我
丧失了自我感"" ,困为融合中没有独立的""我""可以说出这话。在浪漫
的爱情中 ,最美妙的事情就是困惑寂寞的""我""消失在""我们""中。正
笫三部
弧独
如肯特
巴赫所说:""爱是在没有问题时的答案。
'失去自我意识的
体验通常是舒适的。祁克果说过:""意识的程度每增加一分,绝望的
r61
强度也以同样的比例增加;越是清醒 ,就越绝望。
人也可能借着与""某物""融合,比如某个团体 ,使命 ,国家,项日,
摆脱孤独的自我感。与集体的融合中,有着深深吸引个体的因豢。
凯泽最初是在观赏溜冰表演时意识到了这一点 ,当时有两位表演者 -
穿着同样的","存在性痛苦, 生命意义",,,,
ku_pdfbook_f1e2331b,存在主义心理治疗.pdf,418-419,"样一位女性接触提高自己的言语技巧。他还
希望伴侣能够提供给他更广阔的社交生活。此外 ,他很趄心如果两
个人单独在
'起的时间过多 ,彼此太过相爱 ,他把所有的关爱都给了
她,就没法再给别人一点关爱了。
巴瑞的话反映了很多非常常见的问题,它们阻碍真诚的 ,相爱的
关系的发展。最基本的一个问题是巴瑞的关系模式是为了提供-个
功能。他寻找关系的出发点是极端的需求 ,他寻找某个人能够满足
第八章
存在玩独
这些需求。他的需求是为了""提升自己 "" ,他寻找能够""提升自己 ""的
""伴侣"" ,能起到社交生活的老师 ,治疗师和供应者功能的伴侣。
巴瑞经常绝望地谈到他长期以来试图寻找关系却亳无成果。我
感觉他用","存在性痛苦, 生命意义",,,,
ku_pdfbook_d8513393,存在主义心理治疗.pdf,427-428,",导致的是
别人觉得她不重要。伊芙因为箫要太过强烈,反而得不到她想要的
东酉。
这个例子说明,了解当前的关系具有极大的治疗潜力。在当前
的关系中 ,治疗师和病人的关系是最容易运用的关系 ,能够产生极大
的治疗效果。但是,治疗师也必须和病人探讨病人和其他人的关系。
治疗中 (治疗小组 ,住院病人的康复机构 ,日间医院等)的病人之间裉
少发展成长远 ,有益的治疗外的友谊。但是 ,通过这种关系 ,病人能
够显示出其人际关系上的病理 ,通过我已经描述过的那些方祛 ,治疗
师可以把这些一手资料作为引导 ,用来了解病人有什么样的关系问
题 ,帮助病人了解其人际行为的性质 ,对别人的影响以及自己对孤独
所应","存在性痛苦, 死亡焦虑, 哀伤与丧失",,,,
ku_pdfbook_77a0f930,存在主义心理治疗.pdf,428-429,"
过眼云烟般的关系呢?
有一个临床案例可以帮助我们更深地认识这个问题。安娜是一
位有边缘型人格的病人,她因为一次作势要自杀而入院。她是一位
特别孤立的 ,充满怨愤的年轻女性。她一直在思考的一个根本问题
是""关系到底有什么作用?""她避免和小组中其他成员建立关系 ,因为
她说她不想沉溺在肤浅关系的虚伪中。每当她接近别人 ,或者表达
任何感情时 ,她内心的声音会提醒她自己是如何虚伪 ,她说的话实际
上都不代表真实的感受。安娜觉得很弧独 ,很恐惧。她总是独自走
在褰冷 ,黑暗的街上 ,像旁观者般地观察,羡慕别人家里温暧的灯光
和舒适的聚会。在小团体会谈中 ,我一直鼓励她试着和他人建立关
系。我建议她""","存在性痛苦, 生命意义",,,,
ku_pdfbook_8eb87bd7,存在主义心理治疗.pdf,432-432,"不能安于孤独
的痛苦,而是在其中痛苦地挣扎。在这个问题上似乎是强者愈强 ,弱
者愈弱。那些能够面对和探萦自身弧独的人能够学习以成熟的爱和
他人建立关系;而只有那些能够真正和他人建立关系 ,己经达到某种
第三部
珂独
裎度的成熟的人 ,才能够忍受孤独。例如 ,罗伯特
博伦多夫发现在
经过了十六个小时的单独禁闭之后 ,自我实现程度高的个体(用个人
取向问卷测量)表现出较低的孤独焦虑(用 IGPE 问卷的焦虑分量表
测量)
奥托 。韦尔根据其长期治疗育少年和成人心理困扰的经验 ,发
现来自互相关爱 ,彼此尊重的家庭的个体更容易在成人初期离开家
庭 ,忍受分离和弧独。成长于痛苦的 ,充满冲突的家庭的人",存在性痛苦,,,,
ku_pdfbook_5fe3211a,存在主义心理治疗.pdf,436-436,"爆发了:""我开始用拳
头猛敲桌子并喊遒 ,你能不能别再谠这些让人恶心的话 ,让我
们儆点正事儿,试着更好地了解你自己 ,别老是攻击我?  我的
确有很多缺陷 ,可不管我有哪些缺陷 ,都跟你的问题没有关
第三部
环独
系。我尥是个人 ,今天真是个烂日子
一位病人曾经被遗弃在一栋建在悬崖边的房子里,遁往这房
子的只有一座摇摇晃晃的木桥。在绝望中 ,她给治疗师打电
话 ,治疗师来到这个地点 ,走过木桥 ,安慰了她,并且开车把她
送回家
书中其他的关键事件和以上这些类似 ,每一个关键事件的要点
都在于人和人之间的真正相会,而绝不是特意的 ,理论体系规定的
处理方法""
各种文献里面有很多支持这个现象的例",存在性痛苦,,,,
ku_pdfbook_f71731c6,存在主义心理治疗.pdf,451-453,"解为什么我们会丧失彼此的连结。
突然我们彼此感觉更亲近了。她不再是亳无吸引力了。我对她这个
人,对她现在的状态 ,对她可能成为的人,都有很深的同情。表上的
指针像是飞跑起来一样,一个小时很快就过去了。
第四部
无意义感
第 十  章
无意义感
有-群快乐的愚人在工作。他们在-块开阔地上搬运砖
头。砖头在-边垒好之后 ,他们再把这些砖头运到另一边去。
就这样 ,他们年复-年,日复-日地从事着同样的工作 ,从无停
顿。一天,一个愚人停下来足够长的时问 ,让他可以问自己 ,我
在儆什么。他想知道擞砖头的目的是什么。从这一刻起,他再
也不能满足于以前儆的事情。
而我 ,就是那个想知道自己为什么要搬砖头","存在性痛苦, 生命意义",,,,
ku_pdfbook_83361ee7,存在主义心理治疗.pdf,454-454,"三百匹马,那又怎么样呢?""3实际上 ,他也质疑自己为什么要写
作:""好吧 ,就算我能够在名气上超越果戈里 ,普希金 ,莎士比亚 ,莫里
裒,超越世界上所有作家 ,那又怎么样呢?  我不能找到一个答案。
我
急切地需要回答这类问题 ,否则我就无法生活。可是没有答案。
生命的薏义瓦解丁 ,托尔斯泰感到他生活的根基也随之崩溃]。
#我感到我生命的立足点在分崩离析 ,没有任何地方可供我立足 ,我
在生活中一直追求的东酉实际上是虚无的 ,我没有生存的理由:
生活是没有意义的 ,这才是真实情况。生活的每一天,每一步,都让
我愈来愈接近悬崖 ,我很清楚地看到 ,前方什么也没有 ,只有毁灭。
在玉十岁的时候 ","存在性痛苦, 生命意义, 自杀意念",,,,
ku_pdfbook_cccc58b0,存在主义心理治疗.pdf,455-455,"蔽在每个人一从未成熟的小
孩子到伟大的眢者-一灵魂的问瘛,开始让我考虑自杀。
托尔斯泰有着大批""同伴"" ,他们都经历着意义危机 ,被""生命休
止""所折麝。加缪就是另一个例子。他认为唯一严肃的哲学问题就
第十章
无意义感
是一旦充分意识到人生的无意义之后 ,是否还要活下去。他说:""我
已经看到过许多人因为感到生命不值得一活而死去。据此我得到
个结论:生命意义的问题是所有问题中最为紧要的一个。
有多少有着和托尔斯泰相同问题的病人寻求治疗呢?  虽然对此
问题并没有严格的 ,全面的实证研究 ,但许多能够理解意义问题的,
有经验的治疗师认为 ,这种临床症状是十分常见的。譬如 ,荣袼感到
无意义感制约亍","存在性痛苦, 生命意义, 抑郁情绪, 自杀意念",high,,,
ku_pdfbook_3fcd0354,存在主义心理治疗.pdf,457-457,"义感这片沼泽的小径 ,使他们可以明眢地 .创
造性地指导陷人意义危机的病人。
意义的问题
我们面对的是两个真实的 ,但又绝对相互矛盾的命题:
1.人追寻意义。没有意义,目标 ,价值的生活会带来巨大的痛
第十章
无奄义屈
苦。在严重的情祝下 ,可能会导致人儆出结束生命的央定。弗兰克
尔观察到:在集中蒈中 ,感到无意义的人很难生还。我之后也会讨论
到,面对死亡的个体 ,如果他们具有意义感,那么他们就能够生活得
更好 ,更充实和有激情。显然 ,我们:要某种绝对性,箫要可以让我
们去努力追求 ,指导我们生活方向的实实在在的理想。
2.但是在第六章和第七章所描述的自由 ,却让我们发现唯一的
绝对就是没有","存在性痛苦, 生命意义, 死亡焦虑",,,,
ku_pdfbook_238cebf0,存在主义心理治疗.pdf,461-462,"么是更重要的 ,任何
事惜都无关紧要。在加缪的小说《快乐的死亡》(4 Happy Death ) 30
和《局外人   (The Stranger )中 ,他描写了人们生活在无意义 ,虚无
的状态中。
《局外人)中的默尔索存在于迸德世界之外 ,他不断地说:
""对我来说 ,什么都一样。""无论是参加母亲的葬礼 ,做爱,工作 ,还是
在海边杀死一个阿拉伯人 ,他都处于全然相同的完全无动于衷的状
态中。
在更阜期的作品《酉酉弗断的神话 》 (The Myth of Sisyphus)
申 ,加缪探索了他的虚无主义和伦理要求之间的冲突 ,并且逐步发展
出一种全新的 ,世俗的 ,人道主义的个人意义观点以及","存在性痛苦, 生命意义",,,,
ku_pdfbook_1e3a5cdc,存在主义心理治疗.pdf,462-463,"此之上建立
的生活行为准则
他提出我们通过珍爱自己""绝望的深夜""建立新的
生命意义,通过直面无意义的""漩涡""达到英勇的虚无主义的姿态。
加缪相停 ,作为个人只有有尊严地面对荒谬 ,才能够获得意义。世界
本身的无意义要通过反抗来超越 ,这是-种对自身处境的高傲的反
抗。""没有什么能够媲美人类的尊严。""蔑视可以征服任何命运。3
加缪的观点在第二次世界大战之后得到进一步发展。战争中他
在法国从事地下工作 ,他设想以真诚的反抗来对抗荒谬 ,以人类团结
一致的名义迸行反抗。在他的小说《鼠疫》 (The Plague ) 中 ,加缪描
写了人类面对鼠疫的不同反应(在书中 ,鼠疫用来暗喻纳粹对法国的
占领 ","存在性痛苦, 生命意义, 死亡焦虑",,,,
ku_pdfbook_9d872765,存在主义心理治疗.pdf,462-463,"理想自我形
象的角色是里厄医生 ,他坚韧不拔地与瘟疫斗争 ,始终以勇气 ,活力,
爱心以及深刻的共情面对鼠疫的众多受害者。
第十章
无意义感
总之,加缪起始的立场是虚无主义(因为世界缺少意义 .目的和
价值而绝望) ,然后裉快发展出一个个人意义系统 ,这个系统包含几
个突出的价值和行为准则:勇气,高傲的反抗 ,齐心协力 .爱以及尘世
的圣洁。
萨特比 20世纪任何一位哲学家都更坚定地相信世界是无意义
的。他对生命意义的看法简练而无恃:""所有屯物不因任何理由而存
在 ,从开始到衰落到死亡,一切都是出自偶然 .我们的诞生亳无意
义 ,死亡同样没有任何意义。 萨特对自由的观点 (在第六章中讨论
过)","存在性痛苦, 生命意义, 死亡焦虑",,,,
ku_pdfbook_45b703cc,存在主义心理治疗.pdf,466-466,"自己是孤独的'天堂里什么
都没有 ,没有对与错 ,没有人告诉我要儆什么'除了自己的规
则 ,我永远不会有其他规则.每个人必须寻找自己的路。
当他打算开启市民的心智时 ,宙斯提出异议 ,他说如果俄瑞斯忒
笫四部
无意义庭
斯撕开人们眼前的遮蔽 ,""他们会看到自己生活的真实景象:污浊 ,徒
劳。可是俄瑞斯忒斯坚持说人应是自由的 ,人应该面对自己的决定,
并说出了著名的存在主义宰言:""人的生活始于绝望的另一端。
当俄瑞斯忒斯牵着姐姐的手踏上他们的旅途时 ,最终的目的 ,即
自我实现,浮现在远方。厄勒克特拉问:""我们去哪里?""俄瑞斯忒斯
回答:
走向我们自己。越过河流和山川 ,有一个俄瑞斯忒斯和 一
","死亡焦虑, 存在性痛苦, 生命意义",,,,
ku_pdfbook_5d14248f,存在主义心理治疗.pdf,467-467,"己的意
义(丽不是寻找上帝的或者是自然的意义) ,然后人必须全然投人去
实现这个意义。这要求人得像戈登 。阿尔波特说的""半停半疑 ,全心
投人"" ,6这可不是一件容易的事情。萨特的伦理要求跃入参与中。
第十章
无意义感
在这一点上 ,大多数酉方神学家以及无神论的存在主义体系都同意:
人完全浸入生命之流中是既美好又正确的。
下面让我列举一些能够绮人提供生活目的感的世俗活动。支
持这些活动的理由 ,也是萨特支持俄瑞斯忒斯的理由:它们乔起来
是正确的 ,美好的;它们提供内在的满足 ,而并不需要靠别的动机
来支持。
利他。给世界留下较好的居住环境,服务他人,参与慈善活动
(最大的美德) ,这些活动都是",生命意义,,,,
ku_pdfbook_102eca8c,存在主义心理治疗.pdf,467-467,"和
受祝福的绝望。
在和晚期瘤症患者的临床工作中 ,我有幸观察到意义系统在人
类生存中的重要性。我一再发现,体验到深刻意义的人生活得更为
充实,面对死亡时比缺少意义的人更少绝望。(荣格说:""薏义使人能
够忍受许多事情 ,也许是所有事恃。4 )虽然病人在这个时刻体验到
几种不同的意义 ,但最重要的似乎是利他。有些临床病例可以生动
地说明这一点。
萨尔是一位三十岁的患者 ,他在罹患多发性骨髓瘤(一种十分痛
苦的致残性癌症)之前,一直精力充沛 ,身体健壮。得病两年后 ,他去
世了。虽然他活在巨大的痛苦中 ,虽然他因为多处骨折不得不蹩个
人包裹在石膏里 ,他却通过服务许多年轻人而找到人生的重大意义。
","存在性痛苦, 生命意义",,,,
ku_pdfbook_ba1139df,存在主义心理治疗.pdf,468-468,"坏自己的身体吗?  你们想要在车祸中摧毁它
吗?  你觉得心情抑郁,想要跳下金门大桥码?  那么把你的身体给我 !
让我使用它!我椹要它!我会要它!我想要活下去!""每当这时 ,整
个礼堂的人为之震动。
第四部
无意义恧
伊娃在五十岁刚出头的时候死于卵巢癌。她的一生充满了对生
活的热望 ,而她通过参与利他活动获得了强烈的生活目的感。她以
同样的方式面对死亡,虽然""好死""这个词让我不很舒服 ,但她的死亡
的确可称得上是""好死""
几乎所有在她生命最后两年中接触到她的
人 ,都因她而获得成长。当伊娃刚刚得知自己患瘤的消息,以及当她
得知癌细胞扩散 ,无药可医的时候,她立刻陷人深深地绝望中;但是
很快 ","死亡焦虑, 生命意义, 告别与分离",,,,
ku_pdfbook_727bb437,存在主义心理治疗.pdf,470-471,"参与协作的一部分""。
为理想奉献""作为个人意义的一个来源 ,是很复杂的。杜兰特
的话包含了几个不同的方面。首先,其中有一个利他的成分,人通过
为他人奉献而找到意义。许多理想都有利他的成分,无论是献身于
直接眼务的理想 ,还是更复杂的 ,最终耳标是利他主义的理想(""为了
最多个体的最大利益"")。如果一个话动要提供意义.那么很重要的
一点是它能够""使个体超越自我"" ,即使这个活动本身并不明显是利
他主义的。这个""自我超越""的概念是生命意义架构的核心 ,稍后我
第十章
无意义N
会迸一步探讨。不过 ,当杜兰特谈到""不因死亡而泯灭""或者是""成为
某种比自己更宏大的东酉的一部分""时 ,他指的并不是无意义","生命意义, 存在性痛苦",,,,
ku_pdfbook_d302b542,存在主义心理治疗.pdf,471-472,"岁的时候,当贝多芬
因为耳聋绝望的时候 ,他写道:""没有什么能阻止我结束生命 ,只有艺
术能让我驻足。唉 ,在做完所有我想做的事情之前 ,恐怕我没有办法
离开这个世界 ,于是我在悲惨的生活中苟延残喘。
通过创造带来意义这条路绝不仅仅限于有创造力的艺术家。科
学发现也是最高的创造行为。即使是管理也可以应用创造性。
一位
科学研究者转换了职业领域之后 ,描述了在行政职位上运用创造力
的可能性。
如果你进入行政管理岗位 ,你必须相信它本身是一个创造
性活动 ,两你的目标不仅仅是让办公桌保持整洁。你是一个中
间人和仲裁者 ,你必须公正地和许多彼此不同的人打交道 ,你也
必须有自己的想法 ,必须能够让别","存在性痛苦, 生命意义, 灵性需求",,,,
ku_pdfbook_fe2da43e,存在主义心理治疗.pdf,474-474,"义和个人主义的框架
内。萨特剧本中的俄瑞斯忒斯走上的旅途并不是以上帝为目标 ,而
是以实现潜在自我为目标 ,以那个等待获得完全实现的自己为目标。
自我实现对马斯洛来说有着特别的重要性。马斯洛认为人有肴
趋向成长和人格整合的倾问 ,有着一个内在的蓝图或模式,其中包括
整套独一无二的特性组合,以及表达这些特性的自我驱力。根据马
斯洛的说法 ,人的内在动机存在等级。从生存的角度看 ,最基础的动
机是生理动机。满足了这些动机之后 ,人转向更高的寤要 ,即对安全
感 ,爱 ,归属 ,自我认同和自尊的需要。在这些需要满足了之后 ,个体
转向自我实现的需要 .包括认知笫要(知识.洞见 .眢慧)和审美需要
(","生命意义, 存在性痛苦",,,,
ku_pdfbook_97d724f1,存在主义心理治疗.pdf,475-475,"迫使个体放弃
自身独特的发展路线 ,接受不适合的社会角色以及令人窒息的习俗。
我想起-本很老的理学教材上有两张并列的图片。一张是一群小
孩一起玩 ,表现出童年的生气勃勃和天真无邪 ,充满了新鲜感和自发
箪十章
无音义恧
性;另一张是纽约地铁的一群乘客,他们目光茫然,一张张布满暗能
的灰色面庞毫无生气地在地铁吊环下或者栏杆旁边晃动。在两张图
片下面 ,只有一个简单的标题:""发生了什么?""
自我趄趑。前面提到的最后两种意义(享乐主义和自我实现)与
之前的几种意义(利他主义.献身于理想 ,创造性)在一个重要的方面
有所不同。享乐主义和自我实现是与自我相关的 ,而其他几种意义
反映出超趣自身利益 ,为","存在性痛苦, 生命意义",,,,
ku_pdfbook_876a7cfd,存在主义心理治疗.pdf,476-476,"的强调持强烈
的保留态度。他常常使用一个比喻来说明这一点:飞去来器在没有
达到目标时 ,才会飞回猎人手中;同样的 ,只有人在错失生命的意义
时.才会全神贯注于自身。他又用另一个比喻来谠明这一点:当人的
第四部
无意义感
眼腈看不见外在的东酉时 ,才会看见眼睛本身或者眼腈里的其他东
酉(看到晶状体 ,房水或是玻璃体液中的一些东酉)
非自我超趑的态度的危险 ,在人际关系中特别明显。一个人越
是关注自我(例如,在性关系中) ,就越是难以获得满足。如果一个人
总是观察着自己 ,只关心自己的兴奋和释放 ,那这个人很可能会出现
性功能障碍。弗兰克尔认为当代把""自我表达""过于理想化,如果以
此为且标的话 ,","存在性痛苦, 生命意义",,,,
ku_pdfbook_80f66df8,存在主义心理治疗.pdf,478-478,"统上 ,
女性被期望先于自身的需要去满足他人的需要 ,为丈夫和子女而活
在社会上扮演照顾者的角色 ,譬如护士 ,志愿者 ,慈善活动组织参与
者。这种利他主义是强加在女性身上的 ,而不是女性自主选择的。
第四部
无意义蛮
于是 ,在男性同龄人得到了世俗的成功 ,开始转向利他主义的时候,
许多中年女性则是有生以来第一次开始关心自己甚于他人。
维克多
弗兰克尔的贡献
自我超越是弗兰克尔处理意义问题的主要特色 ,因此我将在此
处讨论弗兰克尔对意义和心理治疗的某些观点
临床工作者很少对意义在心理治疗中的作用问题儆出实质性的
贡献 ,几乎没有人在其出版的著作中持续对这一领域保持兴趣。弗
兰克尔则是唯一的例","生命意义, 存在性痛苦",,,,
ku_pdfbook_59221a15,存在主义心理治疗.pdf,482-482,"能去实现自
己的创造。弗兰克尔认为只有他才能够写出阐明意义在心理治疗中
所扮演角色的书 ,这是使他熬过奥斯维辛集中菅的重要因紊(除了运
气之外) 。许多语动如果以创造性的方式进行的话 ,就可能使人感到
有意义。弗兰克尔说:""重要的不是活动的半径有多大,而是你如何
能够填好这个圆
弗兰克尔对于从经验和经历中获得意义描迷得并不是裉清晰 ,
但是他通常是指个人从美 ,从真理 ,特别是从爱中获得意义。深人地
投入经验会带来意义。""如果有人在你欣赏最喜欢的音乐时 ,拍拍你
的肩膀 ,问你是否认为生命有意义 ,你难道不会回答`是'吗?  热爱自
然的人站在山巅 ,虔诚的人参加难忘的宗教仪式 ,知识分子听到","存在性痛苦, 生命意义, 灵性需求",,,,
ku_pdfbook_3efd1676,存在主义心理治疗.pdf,485-485,"有关的。这样 ,四十位病人中有十二位(百分之三十)的主要
问题是和意义有关(根据自我报告 ,治疗师以及三位根据录像评分的
临床工作者的判断)。
吉尔
加德纳研究了八十九位寻求治疗的门诊病人 .8要求他
们针对十六项接受治疗的不同原因评定其重要性。百分之六十八的
病人将""希望增加生命的意义""评为""中等""或者""非常""重要。这个项
目的评分在十六个原因中排名第九 ,比""改娈我与他人的关系""和""寂
寞""等在重要性上耍远远靠前
无意义感很少被作为一个临床概念来谈论,因为它常常被认为
是其他某种垂要的 ,常见的临床综合征的表现之一。实际上 ,弗洛伊
德曾经说过:""当-个人询问生命的意义时 ,他已经病了询问","存在性痛苦, 生命意义, 抑郁情绪",,,,
ku_pdfbook_06e886ec,存在主义心理治疗.pdf,486-486,"中 ,体验到
存在的空虚的年轻人从百分之三十跃升到百分之八十。虽然在这
些报告中并没有谈到获 数据的方法(只是提到""现场编制的统计问
卷"") ,我们并不能够完全接受这些被夸大的数据 ,但是,即使这此报
告略微反映了存在的空虚的发生率 ,这数字也是十分可观的了。
如果病人除了明确的无意义感之外 ,还有其他显著的神经症症
状 ,弗兰克尔将之称为存在性神经症或者""空虚产生的""神经症。他
偎设有一种心理上的可怕的空虚状态:当出现一个显著的存在性空
虚时 ,症状就会""涌入""以填满空虚。弗兰克尔措出 ,空虚产生的神经
症可能会表现为任何一种临床上的神经症 ,他提到过不同的临床症
状 ,包括酗酒 .抑郁 .","存在性痛苦, 生命意义, 抑郁情绪",,,,
ku_pdfbook_6a86bdb7,存在主义心理治疗.pdf,487-487,"听从本能知道自己必须做什么,也无法
根据传统了解自己应当儆什么。人自己也不知道自己想要儆什么。
对这样的价值危机有两种常见的行为反应:从众(儆别人儆的事情 )
或是顺从权威(做其他人想要自己儆的事情)
第十章
无奄义感
十字军主义 .虚无主义和无所谓。萨尔瓦多 .马蒂提出当前心
理症状的很大部分来自一种无意义感4 (不过,需要注意的是,马蒂
的临床资料有限 ,9他的基本职业角色是宏观理论家和学术心理学
家)。他描述了三种""存在性疾病""(他称为广泛性无意义感)的临床
表现形式:十宁军主义 ,虚无主义和无所谓。
十字军主义(也被称为""冒险主义""9 )的特点是强烈地倾问于寻
找宏大的和重夔的理想并为","存在性痛苦, 生命意义",,,,
ku_pdfbook_c5b83536,存在主义心理治疗.pdf,487-488,"作,
这一点和十字军主义者不同。马蒂指出 ,十字军主义实际上是一种
反向形成 ,个体几乎带有强迫性地参与运动是为了对抗内心深处的
无目的感。
虚无主义是一种突出的 ,普遍的倾向,虚无主义者总是在怀疑其
他人认为有意义的活动。虚无主义者的精力和行为均源自绝望,他
们在破坏中寻找带有愤怒的快乐。马蒂曾经说过:
他会很快指出 ,爱并不是利他 ,而是自私;博爱则是一种赎
霏的形式;儿童并不天真,而是邪恶的;领导者并不是被伟大的
远景所激励 ,而是为虚荣和权力疯狂;工作并不是真正有益 ,那只
不过是用以掩藏每个人内心野兽的一层薄薄的文明装饰品
马蒂认为 ,虚无主义是如此普遍 ,以至于它己经不被看作是一个","存在性痛苦, 生命意义",,,,
ku_pdfbook_6fbe2961,存在主义心理治疗.pdf,487-488,"实际上 ,它常常被伪装成是对生活的高度清醒和成熟态度。
笫四部
无宦义憨
他引用了小说家蒹制片人阿兰
罗布一格里耶的电影《去年在马里
昂巴德 》 (Last Year at Marienbad ) 。
这部影片中包舍许多看似有意
义的线索 ,但是每一条线索都在试图让观影者寻求意义的愿望落空。
马蒂认为 ,这部电影试图挫败任何一种寻找意义的企图 ,以显示相倩
任何的存在意义只是徒劳无益
存在性疾病的第三种形式是无所调 ,这是最极端程度的缺乏目
的。人既不强迫性地从理想中寻求意义 .也不愤怒地抨击别人的人
生意义。实际上 ,人陷人了严重的无目标和冷漠的状态。这种状态
有大显认知 ,情感和行为的表现","存在性痛苦, 生命意义, 抑郁情绪",,,,
ku_pdfbook_13dc1ea3,存在主义心理治疗.pdf,487-488,"无法相停任
何在生活中作出努力的用处或者价值。情感上的表现是弥漫的乏味
和无聊感,伴有阶段性的抑郁
当情况恶化的时候 ,个体会完全没人
无所谓中 ,阶段性的抑郁会碱少。从行为上说 ,个体的行为较少或者
适中。但是更重要的是缺乏对行为的选择 ,对个体来说不?从事什
么行为都无所谓。
无所谓在当代文化中广为传擂。马蒂认为-些艺术创作明显反
映出这种倾向,譬如安东尼奥尼的电影,艾略特的《荒原》 (The Waste-
land) , 爱德华
阿尔比的《动物园故事 ) (The Zoo Story ) , 让 。热内
的《阴台》 (The Balcony ) 。 当代电影《逍遥骑士 "" (Easy R","存在性痛苦, 生命意义, 抑郁情绪",,,,
ku_pdfbook_1f3919e2,存在主义心理治疗.pdf,488-489,"主诉通常是相关
的抑郁和痛苦的怀疑。治疗师会发现这样的病人并不受内疚或者自
我认同感问题的困扰 ,也没有性驱力或者攻击驱力的相关问题。这
些病人表达的烦恼是:如果每个人最终都会死的话 ,为什么霎工作一
辈子呢?  为什么花那么多时间上学呢?  为什么要纬婚?  为什么要养
家?  为什么要忍受分离?  所有的价值难道不都是武断的吗?  所有的
目标难道不都是虚幻的?
如果这种状况一直发展下去,病人会更深地陷人冷漠。他们可
能会远离生活 ,成为遁世者 ,长期酗酒者 ,游民或者是任何采用类似
生活方式的人。马蒂认为许多住院病人其实处于""存在性疾病""的无
第十章
无意义憨
所谓状态 ,但因为必须得做","死亡焦虑, 存在性痛苦, 生命意义, 抑郁情绪",,,,
ku_pdfbook_610684d5,存在主义心理治疗.pdf,488-489,"常被看作是单纯型精神
分裂症(现在己经知道这个术语有误)。一些这样的病人可能被诊断
为精神病性抑郁。虽然他们可能并没有表现出抑郁的症状 ,但假设
是只要他们表现得对什么都无所谓 ,那他们肯定是抑郁了。
马蒂指
出 ,至少一部分带有这些诊断的住院病人(以及被给出其他权宜诊断
的病人) ,应该被称为是患有存在性疾病才更合适
强迫性活跃状态。前面描迷的无意义感形式当然并不是临床通
常观察到的现象 ,它们是临床表现范式。在许多病人身上 ,上述特征
体现出不同的严重程度,世常混杂着其他临床问题。根据我的经验
还有一种比较常见的无意义感的临床特征 ,表现为狂热的活动状态
它消耗厂个体大显的精力,故而使个体","存在性痛苦, 生命意义, 抑郁情绪",,,,
ku_pdfbook_ea124887,存在主义心理治疗.pdf,490-491,"事所困扰 ,并且开始出现焦虑 ,失眠以及-些疑病症状。于是他来
寻求心理治疗。
在治疗中 ,机票事件成为深入讨论其价值观的""钥匙""
如果金
钱只是用来浪费在徵不足道的舒适享受上 ,那为什么哈维要拼死赚
取更多的金钱呢?  为什么他把整个一生都投人在赚钱上?  他已经挣
到了自己-生也花不完的钱,并且己经证实自己很会挣钱。他开始
弟十章
无奄义感
质疑自己基本的人生意义体系。哈维通过治疗获得的第一个洞见,
就是发现自己错误地放置了生活的核心 ,因为优趑的物质生活最多
只能带来脆弱的 ,无法经得住检视的生命意义感
将哈维摧人意义危机的事件是他过早地达到了自己的人生目标
(这种情形对非超越性的人生意","存在性痛苦, 生命意义, 死亡焦虑",,,,
ku_pdfbook_b104ae53,存在主义心理治疗.pdf,493-493,"时 ,这个
总d让戎感到困惑
与我的生活匹配且有意义
世界
这个副评工具最初包括两个附加部分:十三个完戍句子的题目.以及用
段开放式
的殷落写下个人的悱心和口标;但是.后来的研宠设有采用这两个附加部分
第十章
无意义感
恶4
分的定义
分的定义
我是
个非带不负贲任的人
个非常负责任的人
关于人有自己儆出选 |完全受到遗传和环境的 |完全自由地儆出和生命相
择的自由 .我认为
限制
关的选抒
关于死亡 ,我
亳无|备 ,感到恐惧
己经儆好准备 ,并不害怕
曾认乓考虑过把自杀作
关于自杀 ,我
从来没有想过
为出路
我认为我找到生命
意义或者使命的能|完全不具备
非卅疆大
力
完全不受我的控制,","存在性痛苦, 生命意义, 自杀意念",,,,
ku_pdfbook_509b3720,存在主义心理治疗.pdf,497-497,"必须
在完成建立自我价值和自我认同感的任务之后 ,才能发展令人满意
的生命意义感。
研究显示较高的生命意义感取决于个人的价值与目标同他所处
社会的需要相匹配。最后 ,研究者通过研究证实当人感到正在以让
第十章
无葸义憨
自己满意的速度向目标趋近时 ,会有较强的意义感。
研究结果总结。生命意义感的实证研究支持了以下五点:
1。缺乏生命意义感和心理病理大致有一个线性关系 ,也就是说 ,
意义感越缺失 ,心理病理就越严重。
2.积极的生命意义感和内心抱持的宗教信念相关。
3。积极的生命意义感与自我趄越的价值有关。
4.积极的生命意义感与参与团体 ,献身于某项事业以及具有清
晰的生命目标相关。
5.生","生命意义, 抑郁情绪",,,,
ku_pdfbook_5648ad44,存在主义心理治疗.pdf,498-498,"
理同时出现。人们同样可以根据这些研究提出缺乏生命意义感是
理病理造成的 ,即缺乏生命意义感是心理病理的一个症状。实际上 ,
一个研究显示 ,抑郁的病人在接受电击疗祛之后 ,其生命意义感有显
著的提高
第十一章
无意义感与心理治疗
在第十章,我在学术领域约定俗成的框架下探讨了人生意义的
问题。生命的意义是非常重要的心理架构 ,与我们每一个人都有很
深的关系。我接受了这个概念的表面意义,并据此讨论「一系列可
以提供意义的活动 ,然后描述了无意义感的临床表现。
现在 ,我要转向治疗师面临的问题 ,他们要面对自觉生命没有意
义的病人。治疗师如果接受病人对问题的看法 ,就容易理解病人陷
人问题无法自拔","生命意义, 抑郁情绪, 存在性痛苦",,,,
ku_pdfbook_5079bf84,存在主义心理治疗.pdf,498-499,"。治疗师会怀疑,如果一个人连自己的
问题都没能解决 ,又怎么去解决别人的问题呢?
为了避免出现这种对治疗有害的情况 ,治疗师要做的第一件勃
情是一定不能从表面意义上病人对问题的看祛 ,而要去严格检验其
生命没有意义的说法的合理性。如果去分析这种说法所依据的事
实,也就是分析""生命的意义是什么?""的意义,通常治疗师会发现这
个问题多半并不纯粹 ,掺杂了很多其他问题
但就一点来说,一般提出这个问题的侵设是生命有一种意义;而
病人设有办法找到这个意义。这与存在主义认为的人是意义赋亍者
的观点相矛盾。存在主义认为并没有预先存在的意义设计 ,也设有
'既定""目的。我们每个人的存在都不是""既定""的 ,而是","存在性痛苦, 生命意义",,,,
ku_pdfbook_a14322b9,存在主义心理治疗.pdf,502-503,"灭 ,那我
们为什么还要为生存努力?  但是,死亡虽然为意义增加亍一个维度
意义和死亡却是不可混淆的。如果我们能永远活下去 ,我们也会关
心意义的问题。如果经验娈成记忆,然后最终消逝呢?  在这样的过
程中有什么意义呢?  而这正是经验的本质。除此之外 ,经验还能是
怎样的呢?  经验是暂时的,人无法活在时间之外。过去会消逝吗?
叔本华曾说;""巳经荐在的如从未发生的一般徽不足道"" ,这种说祛正
确吗?  记忆不是""真的""吗?  弗兰克尔认为过去不但是真实的 ,而且
是永恒的。他对悲观主义者感到遗憾,这种人因为看到日历一页页
第十一章
无意义感与心理治疔
撕下,日渐变薄而感到绝望;他称赞那些保存","存在性痛苦, 生命意义, 灵性需求",,,,
ku_pdfbook_9965f96d,存在主义心理治疗.pdf,511-511,"你度过危机"" )最终会
妨碍个人的成长 ,因为它阻碍了个人的觉醒以及对责任的承担。
即便如此 ,弗兰克尔的观点仍然有其道理。把病人的关注从自
身转向他人常常是至关重要的。治疗师必须找到一种方祛来帮助病
人发展对他人的好奇和关心
团体治疗是一种特别合适的方法。沉
浸在自我中的自恋倾向在团体中很容易被注意到,而这种""只拿不
给""的模式也会成为团体中的关键议题。治疗师可以让病人反思他
人会有什么样的感受;并且治疗师可以采用自然的 ,非结构化的方式
来训练病人对他人的同理心。在急性病症的团体中 ,我常会要求过
度沉浸于自我的病人负贲向团体介绍新病人,以及帮助新病人向团
体成员表达他们的痛苦以及问题。
","存在性痛苦, 生命意义, 哀伤与丧失, 抑郁情绪",,,,
ku_pdfbook_82202dfb,存在主义心理治疗.pdf,512-512,"格式塔。这对治疗师的聪明才智要
求很高 ,正如在弗兰克尔的一个病例中所体现的一样。弗兰克尔给
一位年长的 ,抑郁的医师进行咨询 ,这位医师没有办法从两年前的丧
妻之恸中走出来。下面这段是弗兰克尔的话:
箫四部
无葚义亟
我该怎么糈助他?  我该和他说什么?  我不会告诉他什么;
相反 ,我问了他这个问题:""如果是你先过世 ,你妻子独自活下来
的话 ,会怎么祥?""他说:""那对她来说太可怕了。她得受多大的
痛苦 !""我接着谠逍:""你看 ,她可以不用承受这样的痛苦 ,是你让
她免于这样昀痛苦,但是你为此付出的代价就是独自活下来哀
悼她。""他-句话没有谠 ,只是握了握我的手,然后平静地离开了
我的办公","存在性痛苦, 生命意义, 哀伤与丧失, 抑郁情绪, 癌症末期",high,,,
ku_pdfbook_6fad1822,存在主义心理治疗.pdf,516-516,"觯甚至8歌的态度吞苻自己。
)亚坚的
是,让瘸人发现白己能够髫响症状,甚至能够创进症状。孑盾意向能使人承担对自身韭状
的责任 ,因而也许可以被列人苻在主义治疗的范.中 ,但甚共捉供惫义的功能井不明显。
笫四部
无意义亟
如果要在复杂的生活情境中找到某种内在利谐的意义,人们必须具
备全面地知觉各项细节和事件 ,并且有把这些信息重新组合成新模
式(格式塔)的能力。相应地 ,这个速成课程旨在扩展个体的知觉能
力 ,并刺激创造性想象
扩展知觉能力的课裎包括记录视觉刺激的相关练习(例如,让个
体看罗夏墨迹测验的卡片或者是海景图片 ,然后协助其回忆图片细
节) 。创造性想象的课程包括类似于下面这个例子的种","存在性痛苦, 生命意义, 死亡焦虑",,,,
ku_pdfbook_8fbfbb27,存在主义心理治疗.pdf,517-517,"
得无关紧要。这个位置被哲学家称为""银河""32或者""屋云之眼""的视
角33 (或者""宇宙""或""全球""视角)3
从这个位置来看 ,我们和所有其
他生物变得渺小而愚蠢。我们只是无数生命形态的一种。生命中的
笫十一音
无/义壬与心理治疔
种种行为变得十分荒谬。那丰富 ,充满体验的片刻在时间的无限延
展中娈得徽不足道。我们感到自己是徵小的尘埃 ,生命的全部也不
过是弹指一挥。
这种宇宙视角使治疗师面临一个难以处理的问题。一方面 ,它
的逻辑无懈可击。自我觉察 ,跳出自身视角 ,从远处观乔自己的能力
是人类最有价值的特质之一。人之所以为人正因为此。在绝大多数
情况下,一个更广阔和全面的视角通常能让观察者","存在性痛苦, 生命意义, 自杀意念, 死亡焦虑",,,,
ku_pdfbook_456645f8,存在主义心理治疗.pdf,517-517,"在这个视角上 ,会
使人灰心丧志 ,若是持续沉浸其中 ,则可能导致自杀
哲学的悲观主义传统 ,就是这种宇宙观点的衍生物。在 Ig 世
纪 ,哲学悲观主义的代言人叔本华 ,采用了这种视角 ,断言谠为了任
何目标而努力都是亳无意义,因为目标瞬间就会消失(如果从宇宙的
观点来看) 。因此,人不可能获得快乐和达成目标 ,它们都不过是末
来的幻影或者是己消逝的过去。难怪他的结论是:""没有任何事悄值
得我们去努力 ,付出和奋斗所有美好的事情都是虚幻 ,世界终结
了 .破产了 ,仿佛一场无法支付其自身开销的生意。
治疗师能儆什么?  治疗师能够提供什么以抵消宇宙视角的消极
影响呢?  首先,关于宇宙视角必然","抑郁情绪, 自杀意念, 存在性痛苦",,,,
ku_pdfbook_4460d9a5,存在主义心理治疗.pdf,518-518,"我们不能够真正意识到这种视角本身并不重要的现实。纳戈
尔措出 ,我们必须真正理解宇宙视角 ,同时必须了解采用这种视角是
人类的长处 ,这样我们才能重新回归荒谬的 ,充满反讽的生活之中,
而不是陷人绝望
笫四部
无意义感
治疗师还需要注意另一个事实,就是凡卉""无关紧要""的宁宙视
角所带来的绝望下实际上掩藏的是""至关重要""。例如 ,虽然叔本华
认为没有任何卉情是垂要的 ,""没有任何事情值得我们去努力"" ,可许
多事情对他来说是很重要的,譬如说服别人相倩没有任何事情是重
要的 ,反对黑格尔的思想体系,积极写作直到生命结束,从事哲学思
4R0
考而不是自杀。即使对那个写下愚人搬运砖头的自杀遗言的人来
","存在性痛苦, 生命意义",,,,
ku_pdfbook_aad2b49f,存在主义心理治疗.pdf,518-518,"如试图理解人类的处境 ,试图让其他人
了解他的结论。如果他在自杀之前寻求我的帮助 ,我会试图让他意
识到对他而言""至关重要""的对生命意义的寻找。
肯特
巴赫捉出了另一个消解宁宙视角负面影响的途径:肃要
铭记在心的是 ,虽然宇宙观点会消除意义,但却不是绝对的 ,只有当
人处于字宙视角的时候 ,事物才会显得没有意义。这种时候占据了
我们部分的生活 ,但只是部分而己。无意义感是一种经验状态,虽
然它似乎让所有过去 ,现在和末来的事恃娈得亳无意义,但是它只是
在我们用字宙视角观寨生活的时候才会起作用。所谓意义,是在采
用宇宙视角的时候,需要证明某件事情还是有所谓的。在其他时候
某件事情之所以重要就是因","存在性痛苦, 生命意义, 死亡焦虑",,,,
ku_pdfbook_daf7b793,存在主义心理治疗.pdf,526-526,"ITin Standard
Edition (London; Hogarth Press, 1957 ;originally published 1915) ,p.291.
Lsays
Jaspers
SFreud
Thowehts for the Time on War and Death
vol{ N
i Stond
ard Fditior ( London: Hogarth
Press, 1957
Originally published 1915),P
290。
Giraudoux, Cited In
The meang
Deaih
ed。 I
Feifel
New York:
McG","死亡焦虑, 哀伤与丧失, 生命意义, 自杀意念",,,,
ku_pdfbook_35ed9af1,存在主义心理治疗.pdf,528-528," Anxiety; Age, SCk
and
Parental
Rescmblancc
Discase Popula
Tions
Develo pmeni Psycholoey(1971)4;108.
卫 Thaubermer
The Avoidance O[ Ontolopical Confrontation ,
unpublished
Ph  D。dissertation , University o[ Saskachewan ,1974,
C Stcey and K。 Markin ,
The
Atiiudes O[
Sludents and Penten
Inmates toward ","死亡焦虑, 老年安宁, 抑郁情绪",,,,
ku_pdfbook_95e7361c,存在主义心理治疗.pdf,535-535,"tuempler
The Concept Of Death ""
下 Brown
De
pression and Childhood Bereavement
Jowma oj
Menal
Scierce
107,754
77;1, Greeory
Studies In Parental Deprivatonin
Psychiatric Pa
Uents
Mmerican Jownalo」 Psychialry (1958)115.432
42,6.Pollack ,
""Childhood Parent and Sibling Loss in Adult Patients
Archiuesoj C","哀伤与丧失, 抑郁情绪",,,,
ku_pdfbook_b1a52450,存在主义心理治疗.pdf,535-535,"ry(October
962)7
and f
Barry and E Lindeman
""Critical Aees fOr Maternal Bereavement
i Psychonewroses
Psychosn
malir eciie (1950122
J Hilgard and MI. Newman ,
Evidence for Functonal Gcnesis in Mental
ness: Schizophrenia  Depressive Psyhoses and Psychoneurosis
ournal of
Nerous and Mental Disedse
961)1","哀伤与丧失, 抑郁情绪",,,,
ku_pdfbook_08ef4b6d,存在主义心理治疗.pdf,536-536,"on,1962),p. 39.
11.
N, Kazanizakis
Repori
Creco
trans。 P
Bien
New
York: Simon
Schusler, 1965) ,p。457
Karintzakig , The Odyssey
A Modem Seqwel
trans。 Kimon Frinr (New
York;Simon & Schuster,1958)
13.
Baker, Ernest Heminpway: 4 Lije Story (ew York: Charles Scribner,
19691
P。5.
14.
E。 [lemingway
The Old","死亡焦虑, 存在性痛苦, 自杀意念",,,,
ku_pdfbook_5ab0e0ee,存在主义心理治疗.pdf,537-537,"arper & Row,
962)
S.Arieti
Psychotherapy Of Severe Depression,
Amercan Jowmatoj
chialry(1977),134(8)
68.
同上。
Yalom and G
Elkins, Evervday Cers
Liiile Closer (New York; Basic
Books
1974).
94.
Rank , Will Thera p
Pp。119
34,
35,
U, Tiet,
School Phohia and the
0[ Derh
Mental HyBien (1970)
Oral communica","死亡焦虑, 抑郁情绪",,,,
ku_pdfbook_26b97247,存在主义心理治疗.pdf,537-538,"al
Learning Press, 1976).
53.
Rowrer。
Some Implications Of Social Lenrning Thcory {or the Prediction
Of Goal
Dircctcd
Bchavior from Testing Procedures,
Psycholosy Review
(1960)67.301
Vischel
Zeiss
and
Zeiss,
Internal-External
Control and Persisr
UIICC '
Jowmalo」 Personality and Social Psychology(197","抑郁情绪, 认知障碍",,,,
ku_pdfbook_bf6f0ddf,存在主义心理治疗.pdf,538-538,"chological Reborts (1973)32
and
BFish nd 5. Karabenick
Relationship between Self Esteem and Locus o[
Control
Psychological Repors (1971)29,784.
D。Kilpatrick , U。
Dubin ad
Nlarcotte.
Personality
Stress ofthe Medi
cal Education Process and Changes in AffectiveMood State
Psychology
Repors (1974)3.1215
","自杀意念, 抑郁情绪",,,,
ku_pdfbook_9121df68,存在主义心理治疗.pdf,538-539,"s. External Control and Severity of
Paychological Disturbance,
Jowmat of
Cliical Psychology
1968)24;
15;and C. Smith,M.Peyer,and M. Distefano ,
InternalExternal Con
trol and Severity Emotional Impairment,
Jowmalo」 Clinical Psychology
(1971)27
上.p
Melees
Weisi:
64,
Harrow and
A Perrante
Locus
O[ Cont",抑郁情绪,,,,
ku_pdfbook_698d4bf2,存在主义心理治疗.pdf,539-539,"
Description of Parental Behavior
In Schizophrenic and Wormal
SUbICCLs ,
Joumalof Persomulity(196129
C Fersten,
Functional Analysis Oi Depresston
America Psychologist
(1973)28.851
701P
Lewinsohn;cited in Lefcourt,Abectso」 Debresston ;
T。Vller and M, Seligman ,
Deprssion and the Perception o[ Reinlor",抑郁情绪,,,,
ku_pdfbook_c1a1751b,存在主义心理治疗.pdf,539-539,"nand H Sackeim
Paradot in Depression; Uncontrollability and Self
Blame ,
Pychology Bulletin (1977)81
Tolorand M. Reznikofr
Relation between Insisht, Repression-Sensita
tion Internal Exernal Control and Dcath Anxery
Touralo」 Ahnormal
Psvcholosy(1967)72;426
31,
67,
Berman and ] Hays
Relaton belween De","死亡焦虑, 抑郁情绪",,,,
ku_pdfbook_7c74de6a,存在主义心理治疗.pdf,542-543,")
19.
Perls and BaumBardner, Legacy Jrom Frits
p。l17。
20,
F. Perls , Gestalt Therapy Verbatim
p。 79。
回上 ,pp。 69
70。
Perls and Baumgardner , Legacy Jrom Frit
P.44。
Pre
Lekacy
Tcc
23.
Perls and Baumgardner, Legwcy Jrom Erit
Perls
Gestalt Therapy Verbarim
尺 Drye, R Goulding and MI Goulding,
Wo Suicide ",自杀意念,,,,
ku_pdfbook_7d12ce5d,存在主义心理治疗.pdf,544-544,"the Medi-
cal Education Process and Changes in Affect Mood State,
Psychological
Reports (1974)3;1215
58.
MelBas and A.Teis。
The Personal Future and Suicidal Ideation
Jowr
Tato」
Nruous and Mental
Disease(1971)153
and H Lefcourt,
Locws OJ Control (Vew Jersey
Lawrence Erlbaum 1976),0。148
J Rotter
Gener",自杀意念,,,,
ku_pdfbook_73f127c5,存在主义心理治疗.pdf,544-544," fOr Internal
Exlernal Conirolof Re-
inforcement ,
Psycholoicat Monosra phs(1966)80(1
Whole
干509),51
60,
Easterhook,
Th
Dtermmnan
Trr
Ti
Wew
York; Aondemie
Press,1978) ,P.26
61.
M Harrow
and A Perrante
Locus Of Control
in Psychintric Parents,
Jowmalo」 Consultin g
Clinical Psychology (1969)33;582
89;","家属沟通, 抑郁情绪",,,,
ku_pdfbook_836f2599,存在主义心理治疗.pdf,544-544,"l
Description Of Parental Behavior in Schizophrenic and Normal
Subjects
Jowmalo」 Persoality (1961)29
79.
62.
J Shybutt
Time Perspcctive Iniernal vs; External Conirol and Severity O[
Psychological Disturbance
Jowrmal of
Cmnical
Psychology
24:
15,ad
C Smith,MPryer and M. Distefano
Internal External Co",抑郁情绪,,,,
ku_pdfbook_7db3c8d4,存在主义心理治疗.pdf,544-545,"
H; Sackeim
Paradox In Depression: Uncontrollability and SelfBlame ,
Psychological Bulletin (1977)84
52.
64。
Selieman, Helplessncss; Ori Depression Dewlo pmen
and Death
Sgn
Francisco
I Frecman ,1975)
and
Locws
M, Selieman and S。
Mlajer
Failure Of Lscape
Traumntic Shock ,
Jouma
0」Erperimental Psychol",抑郁情绪,,,,
ku_pdfbook_6ff77efd,存在主义心理治疗.pdf,545-545," and Perceptual
Dcfcits in
Learned Helplessness and
Depresston
JowmaLoJ
Abnormal
Psycholosy (1976)85
Ailler and
M。Seligman
Depresslon and the Perception of Reinforce
ICnt
Jowmalo」 Abnormal Psychology (1973)82:62
70。
Abramson
Snckeim
Paradox
Beck , Depressron
(Iiiicul
Erberimental and Theoretical Asp",抑郁情绪,,,,
ku_pdfbook_03809071,存在主义心理治疗.pdf,545-545,"traversion, Emomonaliy,and
Internnl vs
Exernal Control,
Jowmal o」 Couseline Psychology (1970)
17:567
77.
S. Nowick and
Bernes ,
Effects 0{
Structured Camp Experience on Lo
OfControl
Jowmatof Genetic
Psychology (1973)122
78。
N Foulds。
Change
in Locus of Internal Erternal Control
Combarative
Crowp Stu","预后不确定, 抑郁情绪",,,,
ku_pdfbook_2d9697c5,存在主义心理治疗.pdf,550-550,"mah。
Aloihymin
Psychosomatic Illness
Joumal o」 Continw
W Edwcation and Psychuatry
October 1978)Pp.25
S, Frcud
Sidies on Hystera
VOl
Siadard Edition (London; Ho
Barth Press,1955 ;originally published
895).
1 Yalom , Theory and Practice O」 Croup Pschorherapy ( New York: Basic
Books,1975)
PP。77
b4
S Ro",抑郁情绪,,,,
ku_pdfbook_c47afaa8,存在主义心理治疗.pdf,563-563,"
ITT
Outpatents。
JowaLo」 Clical
Psvcholog3 (1974)30(4)459
Slloo and
Cacinni
Rolationship
between Set
Drive and Soxunl
Frustration and Purpose in Lile,
Jowmto」Clical Psycholoey (1967)
32(2)273
75,
114.
Thomas and 巳。 Weiner,
Psychological Diferences
among Groups OI
Critically III Iospitalized Patents
","生命意义, 抑郁情绪",,,,
ku_pdfbook_a9257f9c,存在主义心理治疗.pdf,569-569,"孑盾心态.312.
生影岣力的领恼与~ ,340一
342;作为一
313,on delepaton of decision mnkine
关铤的病人-治疗师关系
rules 论以 规则作出央定的代农
406; r人对~的贡任,231
234 ;兰
328;论存在性危机
207;论孤独,352
兑论
的意忐,291
292;/任 .行动与一
Buhler, Charlotre 夏洛特
布勒
18,20+279
288;自杀末遵者的一
34;改娈
注秤,111
的葚蜃
Buytendijk , F.T. 布坦逋克.17
charismatic leader 有魑力的芾瓴者.324
Charles","死亡焦虑, 存在性痛苦, 抑郁情绪, 自杀意念, 医疗决策",,,,
ku_pdfbook_1f31b066,存在主义心理治疗.pdf,570-571,".133;儿齑对
CTTANIIsMTI
十字军士义,450,452,458
子迸死广的~,92
103+由病人和匕理汾
Cynthia(case history) 辛酉亚(案例).238
疔邝导致的
l任
229:
息忐
Dnre 但丁.196
depersonalization syndromes 人袼骶体综合
Dve(case history) 人卫(条例).81
中的死亡住~,49
dealh q亡,8,27
28;低。与~
74,儿
depression 抑郁.墼极拯救者防御的丽恶
岙的
观念
-定与面对
而对死亡焦`之后的一,
336;生命意义与
465,心理[理
的实证'宄
26","死亡焦虑, 抑郁情绪, 生命意义, 存在性痛苦",,,,
ku_pdfbook_69731130,存在主义心理治疗.pdf,572-572,",373,455,470;论l中
义,5,181,
中的k定论和费任,348;
萏幸存者 ,422,论葺逾意义.424,论去反
的末来敢向
349:作为-个范式+485;
思化;472
473;论相会
367;意义
中的病人不适
205;焦`的n抑与
疔击,177 注释;论惫义.1411-446.463,
467,474-476,482;论无意义和柙经症,
exlstentlal shock therapy
仔在性休克""治
421,449.450;论乔盾惫向,247
248:论
疗,171
过去的卉实,156,论自我韬趑 .139,410
existenlial Vacuum
存在性空睫,44","存在性痛苦, 生命意义, 死亡焦虑, 抑郁情绪",,,,
ku_pdfbook_53d406ce,存在主义心理治疗.pdf,575-575,",15,31
欲,384;论创;性焦虑
166;论绝致,374,
12.434
380;论忍俱和苦怕,43;论内妆.147.277 ;
Jersild
杰四徨.101
论压无,360;论h险 ,130
Jessor,Richard 平紊
""恶
26 1
Klein Davd 大卫
兑莱因,263
Jesws Chrisl 耶稣耗旮,437,168
Klein
Nelwe 侮兰妮
兑莱困,65,66,
Jomh comple
约耷悄结,128
102;论儿蚕的死亡观念 ,87
Jones , Emnest 耿内斯符
琼折,70,71
Kluckholm, Clyde 克菜德
克拉克洪 ,464
",死亡焦虑,,,,
ku_pdfbook_dfc42d87,存在主义心理治疗.pdf,575-575,"town suicides 琼斯镇集体自杀
Journal of Tlumanistie Psycholoey 人本主义
knowing Of death U迸砒亡;儿蛮一,91一
心学刊,18,23
Joyce(cgse hstory]
乔伊丝 (案例).46
47.
Koestenbaumn
Peter 彼
科斯坦f姆,
Joyce,James 詹姆斯
乔伊斯,281
Kolfka, Kurt 可特
考夫卡,462
JudusI
珑太教:
申的""转向""
Kohler , Wolfeane 沃尔夫冈
柯-,462
的宗教祛
Koller, Karl 卡尔
科勋,71-72
CarlG
卡尔
","自杀意念, 死亡焦虑, 哀伤与丧失",,,,
ku_pdfbook_cb511186,存在主义心理治疗.pdf,581-581,"(death instinct) 自我段灭本徙(死
本谑)
Struempler, Lorriine 洛伦
堕川普削.91
theology 柙学:~中的加尔文敦派,469;
srutterin 「吃
中的白d直忐 下论
290,
中的好作品,
aryles of psychotherapists 心理治疗师的W
357; 中的观则
327;
中昀自疲完菩
' ,212
253,
的实证研究.267
438;另见 relipion 宗鬏
submssie behavior 顷从仃为,150
Therpists 治疔师 ,见 psychotherapists   斑
SUICCCe
TUUIDI","死亡焦虑, 自杀意念, 存在性痛苦, 生命意义",,,,
ku_pdfbook_d07a5932,学会告别：为临终做最好的安排.pdf,18-18,"开关"" 来描述这种情况。可患者不知道啊!他们以
为开腹了`手术了,问题就解决了。
0先生预计H叔叔还有一周左右的生命。这天下午我陪他女
儿去病房看他,她一个劲地鼓励父亲坚持治疗。病好了就可以回
家了。
014 |学会告别:  为临终做最好的安排
好个弥天大谎 !
我当然知道她的本意是好的 ,她担心父亲知道病情后有压力 ,
产生绝望情绪,加速死亡。这种思考方式和做法在我们的社会仍
然很普遍,井被视为-种爱和策略。
开始的时候,我对医生和家属的这种 ""欺骗"""" 持理解的态度,
但逐渐意识到谎言就是谎言。我不认同所谓 ""善意的谎言'
O 就
患者被剥夺知情权,因而没有医疗决策依据,丧失了对自身生死
","家属沟通, 医疗决策, 预立医疗计划, 死亡焦虑, 存在性痛苦",,,,
ku_pdfbook_0fbfb709,学会告别：为临终做最好的安排.pdf,19-19,"了全新的知见。
我觉得临终关怀才是管理临终最好的方法。之后我和 0先生梦想
创办一所临终关怀医院,终因难度太大,努力数年未果,放弃了。
五
1993年。在医院工作5年之后,我厌倦了按部就班 ,
一周6
序  言|015
天的工作方式,怀着女儿考上了硕士研究生。1996年研究生毕业
后。如愿做了大学英语老师。与此同时,我的婚姻狠狠地撞上了
礁石。
在人生晦暗时候;我认真思考过死亡和自杀的问题。还和友
人小茜一遍又一遍地讨论怎样的死法最好。她希望死得浪漫,我
希望死得安宁。我们都希望自主死亡。
哲人说,思考死其实就是学习生。在心理上-遍遍演练过死
工之后,我反而变得豁然开朗。
人身难得'
放弃生命","死亡焦虑, 生命意义, 告别与分离, 家属沟通, 预立医疗计划",,,,
ku_pdfbook_7164344b,学会告别：为临终做最好的安排.pdf,22-23,"于保护当事人
隐私的目的。案主姓名一概做了化名处理,并隐藏了背景信息。
基于同样的原因,我也隐去了相关医疗机构的名字。
本书是主题式写作,各个部分之间不是递进关系。可以单独
阅读。
以上是本书的序言。
目  录
序言  我的死亡观念形成史/001
第-部分
临终抉择:  生还是死?
死亡的新面孔
临终
死亡模式的娈迁
二
亲人临终,留还是放?
延续生命的治疗:医生怎么说
第-部分
理解死亡与生命
五
什么是死亡
六
死亡观:  不同的思想传统
七
死亡是敌是友?  是恶是善?
八
死亡禁忌。焦虑与恐惧
九
死亡教育:同孩子谈生死
第三部分  为善终做准备
十
善终与失败的死亡
十一
告诉她 /","死亡焦虑, 医疗决策, 预立医疗计划, 家属沟通, 哀伤与丧失",,,,
ku_pdfbook_8d2ad5ac,学会告别：为临终做最好的安排.pdf,29-29,"他又可以像过去那样,住到我家里来。
我盼望着我们父女又可以愉快地共同生活几个月。
2019年底离开成都的时候
我想着像平常一样,过个两三个
月就回去陪父亲。不料2020年初爆发的新冠疫情导致国际旅行障
006 |学会告别:  为临终做最好的安排
碍,我4月和7月两次回国的航班都被取消了。那段时间,父亲
严格遵守防疫规定,足不出户,停止了锻炼,
中断了社交。他的
认知能力快速退化
逐渐连字也不会写
不认识了。我不明白发
生了什么,真是忧心如焚。这下终于可以成行,可以回去陪在他
身边了。
我想一切都会好的,大不了他就是老年失智,患了认知障碍 ,
不能做学问了,只要他身体健康。能吃饭。能行动就好。我","认知障碍, 家属沟通, 医疗决策",,,,
ku_pdfbook_0f1e7460,学会告别：为临终做最好的安排.pdf,30-30,"。抵
抗感染。
静脉输人不行吗?
不行。
插管的过程会不会很痛苦?
不痛苦。
是永久性措施还是临时性措施?
临时性措施。
得到上述回答。我稍感放心。
且不说我多么希望见到父亲。毕竟他才刚刚生病而且他身
第一部分
临终抉择:  生还是死?
体基础那么好 ,
怎么说也要给他一个治疗机会啊 !
其实。他当时已经处于临终状态
接近死亡了。
回想起来。更早的时候。在上一次住院之前几天, 一段时间
以来晨昏颠倒的父亲巳经意识到自己到了生命终点了。那些天他
常儆噩梦。一天半夜。他来到童哥卧窒,把一向藏得严严实实的
钱包交给童哥
神情凄然地说:
""给你。我不需要了。
童哥说老人家像交代后事一样。他难过得流下了","死亡焦虑, 未竟事务, 告别与分离, 哀伤与丧失, 家属沟通",high,,,
ku_pdfbook_367445a9,学会告别：为临终做最好的安排.pdf,31-31,"不像一些老人情绪焦躁。并
且吼叫 ,骂人。如果他只是阿尔莰海默病。我并不很担心。
如果当初不送他去神经科住院。不经历在医院的各种折腾 _
惊吓
情况会不会不一样?  凯蒂 .巴特勒指出。即使对身强力壮
学会告别:  为临终做最好的安排
的年轻人来说 ,医院也不只是令人不舒服而已 ,""它也是危险之地""
据统计 ,
每年有超过25 万美国人死于医疗失误 ,如院内感染和药
物混用。这类错误构成美国人的第三大死亡原因
体弱的人不太
可能活下来。
住院
求医也有加剧病情
导致疾病的危险? -般很少有人
有这样的意识。
时光无法倒流,历史不能假设。此刻,我快速在大脑里进行
了一番权衡。
我感到别无选择,唯","未竟事务, 照护负担, 医疗决策, 家属沟通",,,,
ku_pdfbook_9a69dd24,学会告别：为临终做最好的安排.pdf,32-32," 
我接受了她
的嘱托。对她要有交代。
母亲生前身体健康的时候 ,年复-年 ,多次严词交代我们兄妹 
她不能说话,表态时 ,绝对不要同意为她插胃管。她说这话的时候,
父亲在场 ,但他没有做同样的表态。
第-部分
临终抉择;  生还是死?
「009
我相信,眼前情形下,如果我妈还在,她也会同意插胃管的。
不过。想到父亲遭受的折磨。我还是很难受。我和哥哥约定
到此为止,不再接受其他创伤性救治措施。实在留不住,就让老
人家安然逝去。
这是父亲最后一次抗拒治疗。
自此以后 ,
医生,护士对他施
加任何措施。他都听之任之
再无反抗。
插管带来的心理震荡刚刚平息
第二天上午9点半,医院又
下达了
'病危通","医疗决策, 预立医疗计划, 家属沟通",,,,
ku_pdfbook_b17bf2cf,学会告别：为临终做最好的安排.pdf,36-36,"我作为女儿之于他,都会为这一生有彼此感到相
当幸福。我甚至想到
一场世俗的葬礼之外 ,
我要给他办一个追
思会,邀请替我照顾他
关心他的各方亲友参加。把陪老。养老 ,
善终等主题结合进去,搞一场研讨会
第一部分
临终抉择:  生还是死?
「013
30日下午。哥哥传来厂好消息。治疗开始见效
老人家情况
有所好转。气色好了些
声音也洪亮了_些。
原来
他的肺炎是真菌和霉菌感染所致
针对性的抗菌治疗
产生「效果。
我确倩父亲是在之前住院期间遭遇了院内感染。
我和哥哥是父亲的医疗决策代言人。医疗决策代言人往往面
临两难境地:  既怕过早放弃。导致亲人失去本可以延长的生命;
又怕过于积极,不必要地延长","医疗决策, 预立医疗计划, 家属沟通, 认知障碍",,,,
ku_pdfbook_0670bb3a,学会告别：为临终做最好的安排.pdf,42-42,"识到
这不是在治疗疾病 .
延长生命,
而是在拖延
死亡。延长折磨。我们让父亲陷人了医疗化临终。
医疗化临终延长了临终
死亡过程。改娈了传统的自然死亡
方式,有死亡研究者称之为 ""临终。死亡的新面孔,
第一部分
临终抉择:  生还是死?
越来越多的老人在生命的尽头接受这样延续生命的治疗。就
在父亲插管的同时。有多位亲友的父母也在经历同样
通往死亡
的现代仪式;
更多亲友的父母死前经历过同样的历程。
一般人不了解别人或者别人的父母。亲人经历的死亡过程,
也很少有人披露和回忆这些事情。亲人去世后。即便他们在心里
后悔。自责。悲伤。恐惧
后来者并不知道具体情况如何。我们
的社会对医疗化死亡的残酷缺少","医疗决策, 家属沟通, 存在性痛苦, 死亡焦虑, 生命意义",,,,
ku_pdfbook_4b096cc3,学会告别：为临终做最好的安排.pdf,43-43,"质量。饱受折磨的生命长度的第-步
此后-年的时闻里。老人家 ""失智失能,无法与子女做任何
情感交流。全瘫在床 ,
蜷缩在那里,
一动不动""
因为长期插管,身体内部感染。发炎,造成反复发烧 _
咯痰 ,
学会告别:  为临终做最好的安排
呼吸不畅,打针。输液。接受各种治疗。陪护阿姨反映。老人家
夜间叫唤得厉害,肯定感觉很痛。她写道:
妈妈在我们所谓的
孝心中每月换管,每周打针,吃药。流质鼻饲维持生命。其中痛苦,
我没资格感同身受。
去世前两个月,老人家脚趾开始发黑 
溃烂。面对这种情况 ,
美美姐妹俩没有放手 ,让老人家离开。她们 ""赶紧把母亲送到医院
全力救治。双手输液输肿了 ,输不进去 ,于","医疗决策, 家属沟通, 未竟事务, 死亡焦虑, 生命意义",,,,
ku_pdfbook_096d0e99,学会告别：为临终做最好的安排.pdf,45-45,"近年巳经达到了
七十七八岁。
20世纪是人类平均寿命增长最多的肘代
这个数字还在继续
上升。人类在当代己经瓦解了 ""人生七十古来稀""  的古老断言,
如今在世的人大多都可以活到老年。活够一个生命周期。
1字会告别:  为临终做最好的安排
20世纪中期以前。人类主要死于急性,感染性疾病和致命的
外伤。那时候 ,人们从临终到死亡的过程很短,往往仅持续几小肘
几天
持续几周的人不多
累月经年的情况很罕见。有死亡研究
者形容那时的临终是 ""与死亡的偶遇'
临终的时候。人们不是被送往医院。而是待在家里。在熟悉
的环境下
躺在自己的床上 。在亲人的陪伴和照顾下死去。
前现代时期。人类的死亡方式都差不多 .","告别与分离, 生命意义, 家属沟通, 居家安宁",,,,
ku_pdfbook_f8a25c20,学会告别：为临终做最好的安排.pdf,46-46,"医院。没人勉强她吃
东西,没有服药。打针。输液。更没有采取鼻饲
呼吸机之类延
续生命的措施。大家觉得她的时间到了 ,陪着她走向死亡就可以了。
外婆死得很平静。临终过程持续不到 I0 天。完全是一个自然
第-部分
临终抉择:生还是死?
的过程。没有医药的介人。没有干扰,中断,
也没有加速。她是
真正的寿终正寝。
很多医疗化临终的反对者对传统自然死亡有一种田园牧歌般
的美妙遐想。外婆这样的死亡可以说是自然死亡方式中最好的情
况 ,但是 ,死前没病没痛的人不是大多数。如果有疼痛 ,感染 ,发烧
腹胀之类的情况。在没有医药介人的情况下 ,
哪怕持续数小时
数天,
那也是很煎熬
难以忍受的。那样的死显然",医疗决策,,,,
ku_pdfbook_20c96ba0,学会告别：为临终做最好的安排.pdf,50-50,"。激进。对抗
性治疗给临终者造成的伤害大于好处。发起了要求改变临终管理
方式的呼吁。
英国医生酉塞莉
桑德斯是冲锋在前的改革者,她写道:
患
者巳经(在死亡的路上 )走得太远。不应该再折转了。这个肘候
第-部分
临终抉择:  生还是死?
继续推进激烈
积极的治疗不是好的医疗。延长生命和实际上只
能称为延长濒死的做法不是一回事。仅仅因为做得到某件事并不
意味着这么做是正确的,或者是善意的。威廉 。奥斯勒爵士在临
终时被送到我们医院。他说:
我都快到河对岸了,我不想倒回
来。把一切再重新经历一遍。
我们在他和其他患者脸上看到疼
痛和疾病带来的极度疲惫。我不认为他会对把他从那个阶段拉回
来的人说 ""","医疗决策, 生命意义, 告别与分离",,,,
ku_pdfbook_e37970e9,学会告别：为临终做最好的安排.pdf,59-60,"往会要求 ""治疗到底""
在我看来。这不是哪个人的问题,而是一种社会性
集体性
意识。
我和很多为亲人担任医疗决策代言人的朋友交谈过 _
咀纳起
来。人们为临终亲人要求和坚持治疗。有以下几个常见的理由:
亲人临终 ,
留还是放?
第一部分
临终抉择:  生还是死?
一是 "":于心不忍""
觉得不能
见死不救""
就像美美说的那样,妈妈眼腈还睁着
还没死呀,怎么能不
救呢?
有人说。不插管怎么行呢?  他们认为那等于是饿死人,拔除
胃管
摘除呼吸机 `停止输血输蛋白是
见死不救'
甚至是 ""杀
人 `催死""
基于这样的认识。不予治疗。终止治疗就是严重
的道德甚至法律问题。
这样的说法是缺少医学常识的表","家属沟通, 医疗决策, 死亡焦虑",,,,
ku_pdfbook_ef51dd44,学会告别：为临终做最好的安排.pdf,81-81,"送带走到终点,遭受治疗折磨和人财
两空的悲剧命运。
对那些担心放弃延长生命治疗会受到舆论非议的人。林医生
的选择及舆论反应是不是对你有所启示呢?
医生的确以不一样的方式死去吗?  并不是我一个人有此问
058 |学会告别:  为临终做最好的安排
这也不只是一个普通人的问题,而是一个学术专业问题,相关的
研究不少。
2011年。加州退休医生穆雷博士的一位同事在家中去世。引
发了他对医生群体死亡方式的好奇:  医生是不是不像普通人那样
死在医院?  医生是不是避免了医疗化临终 死亡?  经过一番调查,
他发现他的同事都是在家里死的,随后撰写了风靡全球的《医生
如何死亡》一文
他在文章中告诉全世界,","死亡焦虑, 医疗决策, 预后不确定, 家属沟通",,,,
ku_pdfbook_ead38dd5,学会告别：为临终做最好的安排.pdf,82-82,"和
患者讨论死亡问题。加利福尼亚州普罗维登斯圣约瑟夫医疗中心
的安宁疗护专家巴巴克 。戈德曼博士说。造成这种脱节的一个原
因是。很少有医生接受过与患者谈论死亡的培训。他说:
""我们
被训练来延长寿命。
第-部分
临终抉择:  生还是死?
针对这种困境,
如今很多美国医院对培训医生和患者,家
属的交流给予了更多的关注,要求医生同重症患者讨论死亡问题
和临终医疗护理需求
进行阿图。葛文德医生所说的 ""艰难的谈
话"" -之所以说 ""艰难""
就是因为讨论死亡对医生和患者 .
家属都很困难都不愿意率先开口,不知道如何开口。
实际上,很多医生像普通人一样并不理解死亡。更不知道如
何同患者讨论死亡问题。原因","死亡焦虑, 家属沟通, 医疗决策, 预立医疗计划",,,,
ku_pdfbook_d023b2c4,学会告别：为临终做最好的安排.pdf,83-84,"各地也都有进行临终和
死亡教育的专题讨论活动。每次活动参加的人很多。以中青年人
居多。我自己也应邀在成都。上海 `西安。杭州等地做过多场演
讲,鼓励大家打破死亡禁忌
试着与父母,家人和朋友讨论死亡 .
让普通人聚在一起谈论临终和死亡
第一部分
临终抉择:生还是死?
做好 ""生前预嘱""  及身后事的安排。
在是否应当继续父亲的临终医疗上 ,我曾试图求助他的医生。
父亲的医生都很友好
但不是存在主义思想家马丁 。布伯所说
的 ""我与你""  关系中那种有真情实感的人与人之间的友好。我感
觉医生们的真实自我都隐藏在职业身份的背后。与他们之间隔着
一堵无形的墙。
在为父亲做继续还是终止续命医疗的决策过程","未竟事务, 家属沟通, 医疗决策, 预立医疗计划",,,,
ku_pdfbook_0ca8690e,学会告别：为临终做最好的安排.pdf,85-85,"生倾听患者。家属,了解他们的治疗愿望。然后帮助他
们设计最能够满足他们愿望的方案。
父亲的医生更像是 ""咨询型""  医生。以我的了解,这也是
现在最常见的一种医生。他们提出解夹具体问题的方法,手术 ,
学会告别:  为临终做最好的安排
ICU
插管。抗生素。输血家属自己选择 ,
即便他们心里觉得
你做了糟糕的选择,也不会告诉你,或者问问你为什么做这样的
选择。没有一个医生说不治疗
不采取措施也是一种选择。没有
人说也许这是更好的选择。
我们的医生和患者 .
家属没有形成治疗同盟很多医务人员
都还没有这样的意识和概念。我们的医疗急需改进医生一崽者
医生一患者家属的关系
提高医疗过程中的人文关怀。","家属沟通, 医疗决策",,,,
ku_pdfbook_4f87e0e6,学会告别：为临终做最好的安排.pdf,88-90,"表现。在医学院和医院加
强死亡教育非常重要,也很急迫。如果说在生命末期,延续生命
的治疗是折磨 ,
""野蛮""
那么,这种做法就不符合人道主义精神,
有违 ""希波克拉底誓言""  中的 ""不伤害'
原则。
第二部分
理解死亡与生命
死亡的定义: 心跳停止?  呼吸停止?  全脑死亡?
植物人的死亡与个体的死亡权
人不是普通生物,不能只考虑肉体存活的维度。而忽略活着的价值和意义
从孔子。庄子。苏格拉底到海德格尔
认识不同的死亡观
不要把要实现的目标推迟到老年
不要想着将来;将来可能不会来
对死亡祛魅,消除死亡恐惧。死亡焦虑
打破
沉默的共谋"" ,消除 ""病耻感""
让患者获得对死亡的 ""控制感""
预防","死亡焦虑, 生命意义, 抑郁情绪, 自杀意念",high,,,
ku_pdfbook_c6ed872e,学会告别：为临终做最好的安排.pdf,93-93,"?  他们还活着吗?  该继续采取医疗措
施维持他们的生命吗?  解除医疗措施算是 ""杀人""
不人道吗?
这些问题给无数家庭带来了严峻的道德挑战。
鉴于这种情况。近年来,科学和伦理学界有些人士呼吁用脑
070 |学会告别:  为临终做最好的安排
皮层标准代替全脑定义。根据这一拟议的标准。符合持续植物人
标准的永久昏迷者将被宣布死亡。
一些国家一包括美国。英国的法律还没有采纳脑皮层死亡
标准。但允许医疗决策代言人选择放弃临终医疗救治。包括拒绝
和停用呼吸机
饲喂管。人工心肺复苏等医疗救治措施。
在发达国家,
这个改娈是很多人努力争取的结果。美国是现
代医疗最早,最深介人临终管理的国家。也是争取死","医疗决策, 预立医疗计划, 家属沟通",,,,
ku_pdfbook_4540a3c8,学会告别：为临终做最好的安排.pdf,95-95,"定的第一个生命
终结案。
像昆兰一样
克鲁赞的遭遇对她个人和家庭来说都很悲惨。
1983年1月11日晚上。南希 。克鲁赞在开车过程中失去了对汽
车的控制
车翻下了道路。医护人员赶到时
克鲁赞已经没有呼
072 |学会告别:  为临终做最好的安排
吸或心脏功能。急救人员在事故现场恢复了她的呼吸和心跳。但
之前她巳经缺氧12到14分钟。通常缺氧6分钟就会造成永久性
脑损伤。克鲁赞进人了持续植物状态。表现出运动反射
但没有
表现出认知功能的迹象。也没有再次恢复认知功能的可能。她的
父母要求医生终止人工营养和补水措施,因为他们认为它们让女
儿不死不活
处于一位医生所说的 ""活地狱
地方法院驳回了克鲁赞","医疗决策, 家属沟通, 死亡焦虑, 未竟事务, 预后不确定",,,,
ku_pdfbook_c80aa15b,学会告别：为临终做最好的安排.pdf,101-101,"这表明孔子不关心人死之后是否有灵魂,是否会以
灵魂。鬼魂的方式存在。或者根本就表明孔子认为人死之后没有
灵魂 ,世上没有鬼魂存在。儒家不考虑人到哪里去的问题一
~同时,
儒家也不考虑人从哪里来的问题。
学会告别:  为临终做最好的安排
在儒家的观念下人只有这一生,
""人死如灯灭""
在这样
的观念下 
死亡是一件恐怖和令人绝望的事情。拼命活着就是可
以理解的了。
在人们对疾病
死亡无可奈何的古代,在医学不发达的前现
代时期
不讨论死亡是可以理解的。危害性世不人。既然只能被
动承受死亡。还不如不讨论呢。但是。放在需要对临终
死亡方
式做出选择的今天。不同的选择导致临终
死亡质量悬殊。不讨
论死亡和","未竟事务, 生命意义, 告别与分离, 家属沟通, 医疗决策",,,,
ku_pdfbook_79024997,学会告别：为临终做最好的安排.pdf,115-115,"亡当前。我也根本就不需要救治。更不需要人住贵宾病房。那
时候。我女儿早巳成年
父母已经不在了。在完成了人生的责任
之后
我完全有
'资格"" 死了。
我把我的思考和决定告诉保险规划师
她非常吃惊
进而表
学会告别:  为临终做最好的安排
示了理解。
如果我们认可死亡对于生活的必要性。我们就不必把死亡视
为敌人。改娈对死亡的敌视。接受死亡以后 ,我们可以更加积极
地生活
临终的时候无需拽住生命不放
而可以安然地逝去。
实际上,当病痛折磨我们。生活无聊。无意义的时候。我们
甚至会欢迎死亡。英国安宁疗护专家凯瑟琳 .曼尼克斯医生在长
达半个世纪的职业生涯中陪伴了数以千计的人走向死亡,在她看
来
""死亡","存在性痛苦, 生命意义, 告别与分离, 死亡焦虑",,,,
ku_pdfbook_074be8d4,学会告别：为临终做最好的安排.pdf,123-123,"着她。我和亚仁-左-右
坐在她的床头。握着她的手,看书。聊天,不时叫叫她
抱抱她 ,
抚摸她
亲亲她。说爱她,转告姐弟及亲友的问候与赞美。我们
世时不时询问她可否喂她点儿水。偶尔她愿意抿-小口。大多数
1学会告别:  为临终做最好的安排
时候
她摇头拒绝。
周五上午。老人的血压,心跳都还正常。看起来她仍然有活
下来的机会,但她仍然拒绝进食
饮水。至此。她巳经5S天不曾
进食了,从周二早上停止输液以来,已经两天没有补充足够的水。
身体缺水的情况越来越严重。意识越来越迷糊。护士长注意到她
在用腹部呼吸。这是很费力气的呼吸方式。她询问亚仁是否同意
给老人口服吗啡。
吗啡有助于呼吸顺畅
轻松,但可能会","呼吸困难, 家属沟通, 医疗决策",,,,
ku_pdfbook_a8e73e23,学会告别：为临终做最好的安排.pdf,125-125,"妈走了。
我晚了10分钟。没赶上送别老人。
婆母走得非常安详。她实现了她的愿望。走得得体。她的死
是自然死亡和少许医药的结合
富有精神和情感性。非常美好。
我对亚仁说
如果以这种方式死。死亡并不可怕。
|学会告别:  为临终做最好的安排
八
死亡禁忌。焦虑与恐惧
某次我回国,正好遇上友人阿琳的婆母去世。操办完丧事后 ,
阿琳来电话说想约我到她家吃饭。或者来我家聊天。她说得吞吞
吐吐。犹犹豫豫。家里才死了人。无论是我到她家去。还是她到
我家来
她都担心对我不好
甚至连提出这样的邀约。她都觉得
不好意思
过分。
老人去世之前并不住在她家。甚至没住在我们这个城市。在
医院去世之后 ,遗体直接送到了殡","死亡焦虑, 文化敏感性, 哀伤与丧失",,,,
ku_pdfbook_503b1cba,学会告别：为临终做最好的安排.pdf,126-126,"友人的观念。类似的观念在传统文化中源远流
长。我没有这样的观念,或者说,我早已克服和放弃了这样的观念。
我表示不介意去她家看望她 。也欢迎她来我家
我的态度解除了她的担忧。最后,她决定来我家。她认为这
第二部分
理解死亡与生命
比我去她家给我带来的晦气程度要小一些。
在科学昌明的今天,
在现代化的大都市里。死亡仍然被很多
人视为不吉利
晦气的事情,是一大禁忌,深刻而隐秘地挟制着
人们的心灵。
人们不谈论死亡。童言无忌的小孩子说到死字。问到死。大
人忙不迭地制止 ,
""呸呸呸。鸟鸦嘴,别说这么不吉利的事情'
在一天当中的某些肘候一一如早晨。夜间
一年当中的某些日
子一如节假日,以及某些特定的场合","死亡焦虑, 文化敏感性, 家属沟通",,,,
ku_pdfbook_7861575b,学会告别：为临终做最好的安排.pdf,127-127,"亡恐惧提醒人们生命的脆弱 
为了保命。人们会注意安全
避免危险。并采取包括医疗在内的
各种措施保住健康和生命。另外,受这种驱使的人有更强的生育
冲动并按照社会接受的标准抚养他们。因此有助于物种的延续和
1学会告别:  为临终做最好的安排
社会化。
死亡焦虑
死亡恐惧也可能成为一种破坏性力量。甚至可能
导致身体和精神问题。存在主义心理咨询大师欧文
亚隆认为,
所有心理障碍最终都可以溯源到死亡怼惧
死亡焦虑。
思考死亡。讨论死亡
尤其是讨论绝症 
临终医疗需要
获得一个符合自己意愿的死亡。需要克服死亡恐惧和死亡焦虑 ,
越早越好 !
消除死亡恐惧和死亡焦虑。需要分析到底在恐惧
焦虑什么。
正如克尔","死亡焦虑, 告别与分离",,,,
ku_pdfbook_13f66de2,学会告别：为临终做最好的安排.pdf,128-128,"近半年来,他却痛苦。焦虑得不行。他
担心自己患了莫名的绝症 ,
感觉死亡随时可能降临。
他去了不同的医院看不同的专家
从各种单项检查到全身体
检反复做了几次。体检结果正常,没有发现任何疾病的蛛丝马迹。
第二部分
理解死亡与生命|105
他不仅没有放下恐惧
反而更加惶恐了。他觉得自己得的病连最
好的医院的著名专家都诊断不出来。连最高级的仪器都检查不出
来。
可见严重。死之将至。
坐在我面前的他因为长时间的紧张。焦虑。失眼显得非常
萎靡。憔悴。
他的父亲去世时 ,与他现在的年龄差不多。那时候,他还年幼
不知道是怎么回事。没人和他解释父亲怎么了
去了哪里。他也
不敢问母亲。看到母亲和周围的大人表情严","死亡焦虑, 未竟事务, 存在性痛苦, 生命意义, 抑郁情绪",,,,
ku_pdfbook_6b1ffca9,学会告别：为临终做最好的安排.pdf,130-130,"呢?
他淮备从现在开始多陪孩子 ,
把他对他们的期待
教导。以
及未来他们人生重要的时刻想对他们说的话写下来。录下来。把
想赠送他们的礼物准备好。
他不担心死后身体会发生什么情况以及灵魂去向的问题。但
第二部分
理解死亡与生命 |
他非常担心临终时过度治疗。他知道妻子很爱他。依恋他。怕她
为了留住他的命。不惜一切代价治疗他。针对他的这个担心。我
向他们夫妻介绍了 :生前预嘱
并答应分享 `生前预嘱""文本(见
本书附录)给他们。这个观念和做法让他感到一些振奋。准备回
家就讨论临终医疗偏好。
交谈过程中。妻子一直握着朝旭的手。她也是第一次了解到
丈夫心里的这些担忧。明白他到底在焦虑
恐惧些什么之后","死亡焦虑, 未竟事务, 家属沟通, 医疗决策, 预立医疗计划",,,,
ku_pdfbook_85702f1a,学会告别：为临终做最好的安排.pdf,131-131,"
脸上泛起了久
违的微笑。他的妻子也舒了-口气。感觉他们家的天终于要晴了。
其实。我们都可以早一点打破死亡禁忌,早一点和家人讨论
死亡焦虑
恐惧
我的家乡有一句俗话说
'放出的鬼不咬人
打破死亡禁忌,
学会告别:  为临终做最好的安排
只需要勇敢地把这件事说出来。死亡不会因为我们说了这个词 .
谈论这个现象,就加速发生,正如它也不会因为我们回避它。不
谈它,它就不发生
或者推迟发生。
相反,当我们开始使用这个词语。开始讨论这个问题。我们
就可以一步步为死亡做准备一一无论是自己的死亡,还是亲人的
死亡。
当我们对死亡祛魅,死亡也就失去了对我们情绪和心灵的控
制。恢复它正常
本有的样子。
有时候,","死亡焦虑, 家属沟通, 告别与分离",,,,
ku_pdfbook_6a643eb0,学会告别：为临终做最好的安排.pdf,132-132,"术。她不理解自己为什么会得上癌症。她没有坏习惯 ,
也没有做过什么恶事。她显然觉得命运(或者老天 )对自己不公平,
说话间,她爆发出剧烈的啜泣。
我一手握着她的手, -手攀着她的肩,温柔地看着她哭。不
第二部分
理解死亡与生命 |109
时给她递纸巾。
精神病学者
当代死亡研究先驱伊丽莎白 。库伯勒 。罗斯在
她的名著《论死亡与濒临死亡》中谈到 ,
得到诊断结果后。绝症
患者会经历五个情绪阶段:
(1 )否认期一
~患者得知疾病到达晚
期的诊断后的最初反应。感到难以置信。不愿意相信诊断结果;
(2〉愤怒期--患者情绪愤怒。发出 ""为什么我会得这种病""  的
自我质问。并可能表现出暴躁的言行;
","死亡焦虑, 抑郁情绪, 灵性需求, 家属沟通",,,,
ku_pdfbook_3cc979d4,学会告别：为临终做最好的安排.pdf,133-133,"德言行。都属
于内归因,认为疾病是对自己 ""恶行""甚至 ""恶念""的惩罚 ,或者说,
担心周围人这样归因
的确有很多人背后这样解释别人得病的
原因。
在绝症患者和亲属中。这样的归因方式和担心具有相当的普
110 |学会告别:  为临终做最好的安排
遍性。没有科学依据 _
反而加深了自责和痛苦。有些人因为害怕
被人这样议论,倾向于隐藏病情。雪芹就是这样。她不仅没有把
患癌 ,做手术的消息告诉朋友,也没有告诉领导和同事。为了保密,
住院。手术利用的是公休假时间。
她还远远没有到""接受""状态。她的情绪相当抑郁 ,充满了迷茫,
有很深的绝望感。
我没有急着安慰她。也没有试图劝止她哭。无所顾忌地哭一
哭。","死亡焦虑, 预后不确定, 抑郁情绪, 文化敏感性, 家属沟通",,,,
ku_pdfbook_d812f0a0,学会告别：为临终做最好的安排.pdf,134-134,"伤 ,绝望哭泣。而不崩溃
也就是说,
要接住对方的情绪。还要给对方心理支持 
的确是很大的挑战。
我仍然是等她哭了一会儿,然后问她接下来的打算。
她的态度很积极:定期回访,该吃药吃药,严格遵守医嘱 ,
第二部分
理解死亡与生命 |111
继续保持生活热情
坚持良好的生活方式。这太好了!我拥抱
了她。
丈夫。儿子和父母情绪怎么样? 为你感到担忧吗?
她感觉到了他们的担忧。
你们讨论各自的担忧吗?
她说基本不会。
为什么呢?
好像不知道如何开口。
雪芹家的这种情况很普遍:  大家都有担忧。彼此都知道对方
在担忧。却都不知道如何打破沉默。
雪芹的家人心里都挂着一个大大的问号:  她还有多久的生命?
","死亡焦虑, 家属沟通, 存在性痛苦, 癌症末期",,,,
ku_pdfbook_d05e3928,学会告别：为临终做最好的安排.pdf,135-135,"来。也把
对丈夫和儿子的希望说出来
让他们知道如何更好地支持她。
一旦她开始放松情绪。可以坦然讨论她的病和死亡恐惧。家
里人都松了_口气。
很多人都以为和绝症 ,临终患者讨论死亡会令患者伤心 ,恐惧,
112 |学会告别:  为临终做最好的安排
导致心理崩溃 ,
加速死亡。这是一个亟需破除的迷思。
嫣然是一位好学多思而富有文采的女性。她和丈夫有一对可
爱的儿女。她热爱她的教师工作。有很多志同道合的朋友。中年
的她患上了胃癌。她最好的朋友小方和我讨论。作为朋友,
如何
更好地陪伴嫣然。通过小方的介绍 ,嫣然和我也建立了联系
肘
不时和我交谈一下。
面对癌症,嫣然表现得无畏`乐观一一虽然她的一些朋","死亡焦虑, 家属沟通, 医疗决策",,,,
ku_pdfbook_e237a88f,学会告别：为临终做最好的安排.pdf,136-136,"
多么熟悉的思考方式。
如果她不了解情况
她的决策就是盲目的。如果她坚持手术,
术中发生医生担心的情况怎么办?
她丈夫决定等等再说。
作为最好的朋友,小方可以告诉她吗?  小方觉得自己没有这
个勇气。
第二部分
理解死亡与生命 |113
几天后 
嫣然吐「近1升的鲜血。她丈夫留言给我,希望我
和她聊聊
虽然插着鼻胆管。不便说话,嫣然还是和我进行了文
字交谈。
她完全清楚自己的情况。
她腹大如球。非常难受。只想快快死去。
到了生命的最后,很多人难免会想到死亡。或者就是感觉到
死亡。
加州大学的研究者发现。正在走问死亡的患者事实上需要有
人与之讨论死亡
尤其需要亲人和医疗人员向他们征求他们自己
想","死亡焦虑, 告别与分离, 家属沟通, 医疗决策, 预立医疗计划",,,,
ku_pdfbook_a246ddbd,学会告别：为临终做最好的安排.pdf,137-137,"么办,通过共同的朋友茂利找到我。
母女俩谁也没有挑破绝症,死亡迫近的事实。病情严重。时
不我待。英国国家医疗服务体系 ( NHS
为没有经济能力的妈妈
提供免费治疗。很自然,俞娟希望妈妈赶紧就地治疗。
114 |学会告别:  为临终做最好的安排
可妈妈想回到家乡。
如何决策?
俞娟在线咨询了国内肿瘤专家。专家断言妈妈最多只有半年
左右的生命了。该和妈妈挑破这个事实吗?
如果不挑破,怎么能有效讨论行动方案呢?
绝症。死亡不是不可以讨论。关键是如何讨论。家人往往以
为说出事实会导致患者绝望。恐惧
而知情的患者往往也担心家
人受不了
彼此都在等待对方挑破。
俞娟35岁,有两个孩子。她在家里是主心骨 ","死亡焦虑, 预后不确定, 告别与分离, 家属沟通, 医疗决策",,,,
ku_pdfbook_72767984,学会告别：为临终做最好的安排.pdf,138-138,"妈妈的优先考虑。在生命的最后阶段。她最
想要的是亲人的陪伴。
是啊。如果她这时候不回来
留在英国治疗
最后只能客死
异乡。疫情之下 ,包括俞娟在内 ,没有一个亲人有条件去英国陪伴 ,
她会死得很孤独。
第二部分
理解死亡与生命|115
俞娟最终选择尊重妈妈的决定。她做好了各项应急准备。也
在心理上接受了哪怕不测的后果。在她的支持下。妈妈踏上了归
途。还在妈妈隔离期间,俞娟就为她约好了医生,隔离结束次日,
妈妈就住进了医院。妈妈实在已经病人膏肓。没有能够扭转病情
的积极治疗方法。母女俩接受现实。放弃积极治疗,采取了临终
关怀。
在生命的最后几个月
妈妈得到女儿,丈夫和亲友很多的陪
伴。她不以治病","家属沟通, 医疗决策, 告别与分离, 死亡焦虑, 生命意义",,,,
ku_pdfbook_aeeec089,学会告别：为临终做最好的安排.pdf,139-140,"多的平静 ,较少甚至没有恐惧 `害怕,
也就无须禁忌,它就不至于挟制我们的心灵和行为。
在婆母生病之前,
我们邀请了一对夫妻友人在两周后的周五
晚上到家里吃饭。其后婆母突然生病。去世
她火化的当天正是
116 |学会告别:  为临终做最好的安排
之前约定朋友到我们家吃饭的日子。我和亚仁完全没有死亡禁忌
也没有死亡不吉利
晦气的观念。心情保持着平静。安稳。我们
觉得有能力很好地招待客人。决定如期举办晚宴。
死亡晦气。不吉利,死者家属带有阴气的说法不是客观事实,
而是主观看法 _
心理现实
所谓
'信则有。不信则无""
可以制
约和威吓采信者,我们没有这此观念。也就感受不到影响和制约。
第二部分
理","死亡焦虑, 家属沟通, 儿童安宁",,,,
ku_pdfbook_9457717a,学会告别：为临终做最好的安排.pdf,141-141,"儿童从
环境中习得了死亡恐惧。
我们社会总体而言对死亡是忌讳和否认的,很多家长自己也
没有认真思考和想清楚死亡问题。孩子问起来的时候。往往沿袭
小时候父母和其他成人回应他们的方式,要么回避。敷衍。要么
118 |学会告别:  为临终做最好的安排
编造故事 ""哄骗""  孩子;
而当亲人临终。离世的时候。很多家长
骗孩子说,
""到远方出差去了""
去很美的地方享福了
可以理解,父母这样回答是出于保护孩子免于死亡恐惧的考
虑。
但客观上并不能真正帮到孩孑。还白自浪费了对孩子进行生
死教育的大好机会。
童年时期死亡。鬼魂是我的梦魇和恐惧。长期统治着我的
心灵。作为主要养育者的母亲没有给我有效的帮助。做了","死亡焦虑, 家属沟通, 文化敏感性",,,,
ku_pdfbook_528d6584,学会告别：为临终做最好的安排.pdf,142-142,"亡的意
识。知道人有死这回事。这代表心智的成长,值得高兴;  另一方面,
也表明她有了对死亡的忧惧。因此不免心疼。
~般来说。我不主张家长刻意提起死亡问题
宁愿等着孩子
发问。我知道这一天早晚会来的。
第二部分
理解死亡与生命
我如实地说:
会的。
她显得讶异。紧张。
但是'
我说
""大多数父母都会活到把孩子养大到能够
独立生活的年龄。我相信老天爷会让我把你养大之后才死。
我告诉她不用担心,因为我年轻。身体倍儿棒 (秀肌肉 )
生活习惯好..
""我希望陪你久一点。等你成了老太婆我才
死 !
-这时
她轻松地笑了。
后来(也许是另一次谈到死亡 )我说。如果万一你还没有长
大我就必须死呢我会安排好","死亡焦虑, 生命意义, 家属沟通",,,,
ku_pdfbook_f0cf5f19,学会告别：为临终做最好的安排.pdf,145-145,"碍
只是那时候的父母没有这个意识和概念,现在的师
长知道关心孩子的心理健康。
小峻是初二学生。父亲病故后
他变得非常落寞,郁郁寡欢。
上课心不在焉 ,有肘候上着课 ,他会突然离开教室 ,在校园里闲逛,
学会告别:  为临终做最好的安排
有几次还走到了教学楼顶,
老师和妈妈担心他抑郁
自杀。经一
位咨询过我的老师介绍,小峻在妈妈陪同下来到我家交谈。
父亲去世,他自然感到痛苦。也有对母亲和自身死亡的担忧。
更深层的困扰。则来自对父亲鬼魂的恐惧。这是他觉得没法对人
说出口的事情。他觉得父亲的鬼魂尾随着他。走路的时候都不敢
往后看。家里的灯光闪烁一下,
风吹得窗帘动一动。他都觉得是
父亲的鬼魂回来了。","哀伤与丧失, 抑郁情绪, 自杀意念, 灵性需求, 儿童安宁",,,,
ku_pdfbook_e6d49a32,学会告别：为临终做最好的安排.pdf,147-147,"
需要与孩子的年龄和心智水平相吻合,以免给孩子造成心理负累。
我们应当关注孩子的情绪,如果孩子情绪低落。感到害怕,
及时予以回应; 了解孩子为什么难受 
为什么害怕,倾听并给予
针对性的回答 
抚慰。
|学会告别:  为临终做最好的安排
当然。最终
最重要的。还是我们要告诉和示范给孩子。亲
人去世以后 ,我们的生活还是要继续。而且。亲人最希望的。就
是活着的人好好地活着。我们好好地活着,就是对死去的亲人最
好的纪念。安慰。
回到日常生活中,我们可以大大方方地谈起跟已故亲人曾经
起度过的美好时光。谈论已故亲人的美好品质,
而不要刻意回
避和已故亲人有关的事情--因为这样做恰恰传递的是对死亡的
恐","家属沟通, 哀伤与丧失, 儿童安宁",,,,
ku_pdfbook_ce3d0596,学会告别：为临终做最好的安排.pdf,148-150,"们就不太可能害怕亡灵作
祟。就不会回避已故亲人的记忆
物品。
更进一步,想到我们死去之后 ,活着的人也会这样谈论我们,
我们还可以以这种方式活在亲人中间,死亡是不是娈得没有那么
恐惧。那么令人绝望呢?
笫三部分
为善终儆准备
我们终将死去,善终可以规划
@了解实现善终的条件
我们要做的不是向患者隐瞒病情,而是改善交谈技巧
临终如何判定?  那是一种怎样的状态?
了解生前预嘱。提前做出自己的临终选择
了解 ""穷尽医疗措施""  的真正含义
或许你可以试着 ""练习死亡""
第三部分
为善终做准备
十
善终与失败的死亡
在我们的文化中
""不得好死'
要算最刻薄的一句诅咒。代
表一个人对另一个人最大的怨愤","死亡焦虑, 生命意义, 预立医疗计划, 医疗决策",,,,
ku_pdfbook_2128be65,学会告别：为临终做最好的安排.pdf,154-154,"有道理的。家人和医疗服务提
供者是临终过程的利益相关者,他们的情绪本来就值得关照 .
也
只有他们处于良好情绪状态,才能为临终者提供高质量的照料。
根据我在美国和法国陪伴临终亲人的经历。美国和法国的医
第三部分
为善终做准备
疗机构都关注到家属的情绪健康。在姐夫戴夫卧病期间,里尔大
学附属医疗中心有专门的人关心姐姐凯瑟琳的情绪。在婆母临终
期间
康养中心的人会安慰我们。
像中国古人的善终定义一样 ,美国官方的善终定义失之抽象 ,
概括。被指 ""关于如何对待死亡以及什么构成痛苦的概念过于简
单化""
也受到医学。心理学。神学。社会学和人类学等多个学
科领域研究者的批评,不断有研究者提出新的定义。
","疼痛管理, 呼吸困难, 恶心呕吐, 疲劳与虚弱, 家属沟通",,,,
ku_pdfbook_ba7eb223,学会告别：为临终做最好的安排.pdf,162-162,"为延长临终对家人而言是折磨。担心给家人带来
情感,经济和腮护负担。
3.依赖各种仪器和医疗措施。
4.折磨,包括身体。情感。认知。精神万面的折磨。
5。拖累别人。很多临终患者担心自己给家人造成负担 ,
第三部分
为善终做准备
希望尺量减少家人的压力,否则会咸到内疚。心里不安。
6。""溺水感""  或者呼吸困难。
7.涉及灵魂的归宿问题。有的宗教信徒担心死后灵魂不
被上帝或者其信念系统规定的死后世界所接纳。这种情况往
往是因为过去有错误。过犯,但没有承担责任。没有给被伤
害的人道歉和补偿所致,如果对过去的言行坦荡,没有负疚,
就不容易有这样的担忧和惧怕。这些忧惧可以通过忏悔。道
歉和弥补予以消解。","死亡焦虑, 未竟事务, 照护负担, 存在性痛苦, 疼痛管理",,,,
ku_pdfbook_6d3b5ae2,学会告别：为临终做最好的安排.pdf,164-164,"惧。
就个人而言 ,我希望至死保持清醒。独立`自主。不希望处
于被动。无助。依赖的状态。
没有人能决定自己的出生,但是,我相倩人们都愿意主宰自
己的临终。死亡。如何可以做到这一点。需要早思考。早打算。
第三部分
为善终做准备
十
告诉她 /他
疾病知情与治疗决策
全世界的死亡研究者有一个共识:  善终的关键是沟通。
然而。当患者身患癌症之类的绝症时
很多医生和家人倾向
于向患者隐瞒病情。医疗决策也自然地从患者手中转移到家属手
中。这就意味着,患者对自己的生死决策失去了掌控。
医生和家属的本意和出发点当然是为了患者好
担心患者知
道真实病情和治愈无望的结局后。恐惧。绝望。从而加剧病情 。
缩短生","医疗决策, 预立医疗计划, 家属沟通",,,,
ku_pdfbook_c90e4d2c,学会告别：为临终做最好的安排.pdf,175-175,"终如何判定?  如何知道一个人进人了临终状态呢?
临终专家总结了死前 1一3个月1一2周
几小时和最后几
分钟这几个时间段常见的征兆。我参照了不同的版本。做了归纳
(见本书附录二)
帮助我们识别临终。
152 |学会告别:  为临终做最好的安排
死前 1一3个月,当事人可能表现出对外部世界失去兴趣。对
平时感兴趣的事情,如读书。看报。看电视
听音乐等丧失热情 ,
变得沉默寡言 ,
退出人际交流。这是分离和告别的开始。
我们借助语言与外部世界联系。不想说话是临终的一个显著
征兆。
人通过食物生存
食物为生命提供能量。死亡之前。停止进
食是正常现象。是临终的又一个显著征兆。芭芭拉 .卡恩斯指出,
","告别与分离, 呼吸困难, 疲劳与虚弱",,,,
ku_pdfbook_2f5a78ca,学会告别：为临终做最好的安排.pdf,179-179,"了
自然死亡法案""
允许患者
依照自己意愿不使用生命支持系统,自然死亡。此后20年间, ""生
前预嘱""
自然死亡法
扩展到几乎全美及加拿大。
签署 ""生前预嘱""  等文件的目的是。应对医疗技术不断提高
|学会告别:  为临终做最好的安排
延长死亡能力的情况下。有可能会面临的各种问题。延长死亡被
普遍认为伴随着痛苦。折磨。让临终者丧失尊严
在需要生命支
持的时候。患者往往无法表达自己的愿望。在这种情况下
如果
由医务人员或其他人
而不是由患者做出生命支持的关键决定,
患者的自主权和隐私权可能会受到侵犯。预立文件允许患者在无
法说话时通过提前提供指示来 ""说话""
这也是赋予知情同意权
的一种方式。","预立医疗计划, 医疗决策",,,,
ku_pdfbook_e11671e9,学会告别：为临终做最好的安排.pdf,180-180,"障碍时,借助鼻饲获得菅养。
4.透析。肾脏停止工作时,透析机帮助患者排除血液中
的毒素。废物。
5.输血或者采用血制品进行治疗。这种儆法是把一裉细
细的软管插入手臂上的静脉,把血液或者血制品输入人体。
笫三部分
为善终做准备
要或者不要哪些医疗服务
是否希望使用维持生命的医疗措
施
与个人的价值观和信念有关。有助于决定医疗偏好的价值观
和信念有:
对我来说,要保持良好生活,以下哪些事项对我特别重要
(勾选)
1.有亲人的陪伴和交流
2。自主决策
3.进行有意义的交流
4.能够活动和行动
5.认识亲友
6.能够进行社交
7.独立生活
8。自行进食
9.自主照料个人卫生 (包括洗浴。穿衣 )
I0","医疗决策, 预立医疗计划",,,,
ku_pdfbook_0be96f44,学会告别：为临终做最好的安排.pdf,189-190,"院的医生朋友。淮备再做
最后一次努力,看看能否采取化疗。我陪她做了检查。专家否决
了化疗的可能:  身体太虚弱,承受不了。
积极对抗治疗的机会没有了,我想到了成都建立最早也最有
名的一家临终关怀机构。
临终和死亡也可 美好
第三部分
为善终做准备|167
我为母亲挂了主任的号。没想到主任一再劝说母亲做癌细胞
摘除手术。母亲仍然谢绝了。她说要做手术早就做了,想做手术
就不来这里了。
主任采纳了我的意见
把母亲收进了临终关怀病房。采取对
症治疗。
母亲在这里住院的体验不好。她和另外两位病友同住一个房
间,其中有一位病友是男性。靠门边的那位老太太处于谵妄状态 ,
夜里呻吟 。梦呓
吼叫
导致母亲无法","死亡焦虑, 照护负担, 告别与分离, 哀伤与丧失, 住院安宁",,,,
ku_pdfbook_744ff339,学会告别：为临终做最好的安排.pdf,200-200,"助于填补患者
内心的空虚 ,缓解焦虑和恐惧。
哪种信仰不重要。重要的是。要有信仰。
亲人不宜推荐具体的信仰 ,更不能强加自己的信仰。这个时候.
让临终者去了解和接受一个完全陌生
从末接触过的信仰系统不
第三部分
为善终做准备|177
一定是最好的办法。除非他本身完全没有任何信仰的基础。一个
方便。有益的途径是帮助亲人恢复曾经接触过。可以带给他内心
安亍
舒适的信仰。
我母亲小时候接触过佛教。到她患了结肠癌后。也许是常见
的老年睡眠障碍
也许其实也有潜在的死亡焦虑和恐惧
她夜间
睡眼极差。常常告诉我们她通宵未眠
我陪她看神经内科。睡珉
障碍门诊
也服了药,
但都没有什么效果。这种情况下 ,
我想","死亡焦虑, 灵性需求, 宗教需求, 家属沟通",,,,
ku_pdfbook_a8dffc14,学会告别：为临终做最好的安排.pdf,201-201,"想医治了 `
想回家。她表示支持和赞同。她用特别朴素
的语言说。现在的身体就像一棵老朽的树一样。树根已经死了
给它再多的水。再多的肥料也吸收不了多少了。我妈一点也不反
感她的这些说法,非常理解和赞同。
学会告别:  为临终做最好的安排
我妈的医生们对于患者的信仰持宽容的态度。他们不反对 
不制止。或许他们也意识到信仰对临终者的精神
心理有积极的
支持作用。
在临终患者中鼓励精神信仰 ,在不增加治疗和费用的情况下
可以改善患者的精神
心理水平
可以说不无好处。
临终护理涉及的事项很多。有事务性的事情
还有情感支持
的问题。亲友的参与既减轻家属的负担,也让临终者感到更多的
温暖。获得更多良好的感受","存在性痛苦, 生命意义, 告别与分离, 灵性需求, 家属沟通",,,,
ku_pdfbook_1cf69c19,学会告别：为临终做最好的安排.pdf,210-210,"说没有留下任何
末了之事,特别圆满。
第四部分
善  后
认识不同的遗体。骨灰处理方式
遗体。骨灰的处理方式是逝者的权利。请忠实执行他们的意愿
除了传统的丧葬仪式。也可以考虑新的方式
学会走出丧亲悲伤
第四部分
善
后 |187
十四
遗体。骨灰处理
亲人病重。哪怕处于濒死状态,
我们也不会感到害怕。一旦
一口气上不来
成为死人 尸体。很多人都会感到紧张
惧怕 ,
不敢靠近。更不敢触碰。对尸体的恐惧是死亡禁忌和恐惧的延伸。
对亡灵的恐惧也是。
婆母去世。我有心理准备,可站在她的尸体旁边,膝盖还是
忍不住有些发软。我在怕什么呢?  尸体不会对我进行攻击。我没
有人身安全的问题。我的害怕是理性的。","哀伤与丧失, 死亡焦虑, 告别与分离",,,,
ku_pdfbook_eba44cef,学会告别：为临终做最好的安排.pdf,232-232,"偎不实。
丧偶者尤其容易遭到这种指责。传统文化以
""末亡人"" 称呼伴侣
去世的人
如果他们很快恢复正常生活。并建立新的情感关系 ,
就会成为舆论的众矢之的。被认为背叛了与逝者的感情。要承受
道德压力。
第四部分
善
后 |
对于当事人来说
强烈而持久的哀伤破坏身心健康,
导致不
能很好地生活 ,甚至引发自杀意念或者自杀行为 ,巳经成为心理学 ,
精神病学和心理咨询关注的一个主题。
自20世纪 90 年代以来,许多研究者认为强烈的悲伤应该被
归类为精神。心理障碍并予以治疗。2022年3 月,美国精神病学
会在其有 ""精神病学圣经""  之称的诊断手册
~最新版《精神疾
病诊断与统计手册》 (DSM","哀伤与丧失, 自杀意念, 抑郁情绪, 家属沟通",,,,
ku_pdfbook_776f5c51,学会告别：为临终做最好的安排.pdf,247-248,"尔说,母亲去世后 ,她同母亲的关系更好了: ""我
们不再争辩
~或者说。她不再和我争辩。
哈哈。
母亲去世后 ,我同她的关系也更好了。现在,我对她只有理解 .
欣赏和无条件接纳。
我觉得她对我也一样。
我还是我,你还是你;我们的关系一如往昔
附  录
附录一
生前预嘱 (我的五个愿望 )
第-个愿望:  我要或不要什么医疗服务
我知道我的生命宝贵 
所以希望在任何时候都能保持尊严
当我不能为自己的医疗问题做决定时。我希望以下这些愿望
得到尊重和实行。
〈请勾选,可复选 )
口
1.我不要疼痛。希望医生按照世界卫生组织的有关指引,
给我足够的药物,解除或减轻我的疼痛。即使这会影响我的神志 ,
让","家属沟通, 医疗决策, 预立医疗计划, 疼痛管理",,,,
ku_pdfbook_e0240d1e,学会告别：为临终做最好的安排.pdf,255-256,"本""  表述一
致的
新副本""自动覆盖。
5.将您巳经签署 ""我的五个愿望  的事
尽可能详细地告诉
您的家人`医生。朋友和其他相关人士。必要时将原件的复印件
给他们看
或请他们上网查阅副本电子文档。
如果您住进医院 ,疗养院或退休者社区 ,可将您签署过的""我
的五个愿望""   正本原件给他们看 ,
并建议他们把正本复印件保存
在您的医疗档案中。
7.请务必使用网上填写
手工签署。密码查询的程序来保护
您的权益。如因使用不当或其他原因引起任何纠纷。我们除表示
非常遗憾之外无法替您负责。
8.牢记并保存好您的用户密码。
附
录|233
附录二
临终征兆
13个月
睡觉或打瞌睡的时间增多
饮食摄入",预立医疗计划,,,,
ku_pdfbook_bc372768,学会告别：为临终做最好的安排.pdf,257-258,"渴
大小便减少
痛苦程度加重
血压 `呼吸,心率变化
体温起伏,皮肤变冷。发热,潮湿或苍白
困惑或处于发呆状态
呼吸困难 (通常井不痛苦,
无需担心 )
出现幻觉,看到逝去已久的亲人`和看不见的人说话
|学会告别:  为临终做最好的安排
几天一几小肘
回光返照
(要求起床走动 
吃东西。交谈 )
体温下降
血压降低
脉搏细弱
汗多。尿少
肤色变淡。变紫
呼吸变快,费力 (尥可能出现充血。导致 ""咔嗒咔嗒'
的声
音和咳嗷 )
彻底停止说话,不能叫醒
附
录|235
附录三
消失在眼前,活在我心中
一在婆母追思会上的发言
西方人一般对丈夫的妈妈以名字相称。第一次见到婆母。她
给我和蔼。亲切的感觉","呼吸困难, 认知障碍, 告别与分离",,,,
ku_pdfbook_d59d0547,学会告别：为临终做最好的安排.pdf,267-267,"些中年朋友开始为老年父母的精神,心理状态担忧 ,
却不知道如何开启交谈,如何帮助他们。
我想说,鼓励他们行动起来;去做自己觉得有意义的事情 !
把关注点从自身,儿孙稍微向外扩展,去助人`去关心他人 `
1学会告别:  为临终做最好的安排
去奉献自己,儆对社会有意义的事情!没有什么比助人更具心理
强化效果的行为了。
同时,儿女也可以鼓励父母寻求心理咨询。为余下的人生找
到目标和意义一有了目标和意义;就有了精P支柱,他们就会
恢复活力,重新绽放,重新享受生活。
在过去的一年中。我感到国内的死亡教育,临终管理讨论和
具体儆法都在进步。除了民间。学界的广泛努力。政府也在做出
积极回应。2022年6月2","生命意义, 家属沟通, 医疗决策, 预立医疗计划",,,,
ku_pdfbook_2bfb6729,尊严疗法：临终寄语.pdf,4-5,"OSE( Professional and Scholarly Bx-
cellence )奖 ,即临床医学职业和学术优秀奖。自此之后 ,该书被翻译
为西班牙语 ,意大利语 ,德语 ,日语和匈牙利语。
同时 ,尊严疗法相关
研究也在加拿大 .美国 ,英格兰 苏格兰 .丹麦 .西班牙 .意大利 .葡萄
牙 .瑞典和澳大利亚等国开展。此刻 ,我感到无比欣喜 ,感谢刘巍博士
(北京大学肿瘤医院 )和郭巧红博士(首都医科大学 )的不懈努力 ,使
得尊严疗法的简体中文版成为尊严疗法国际大家庭的一员。当人们
倾向于关注与众不同的事物时。类似于尊严疗法的存在主义干预则
提示我们 ,面对死亡并找到最有可能使患","死亡焦虑, 生命意义, 灵性需求",,,,
ku_pdfbook_84fc9873,尊严疗法：临终寄语.pdf,26-26,"上,那些对寻求帮助以结束自己生命的人的经历的研究 ,为我们探索尊严
在患者照护中的重要性提供了第一线索。对于考虑这一艰难选择的人来
说 ,生存 .呼吸和面对新的一天可能感觉是一种多余。或许对这一选择最
尊严和临终
具体的理解来自荷兰 ,这个国家实行安乐死和辅助自杀巳经有十多年。安
乐死实施法案于2002年生效 ,该法案允许医生在特定情况下 ,满足承受着
难以忍受病痛折磨""的患者加速死亡的请求。为研究该立法带来的影响
荷兰政府调查了结束生命之医疗决策 (Wedical Decisions
to Lnd Lfe
MDEL )的采用率。
荷兰第一项全国性的关于安乐死和其他 WDEL 的研究包括三组数","死亡焦虑, 存在性痛苦, 医疗决策",,,,
ku_pdfbook_c54cc15a,尊严疗法：临终寄语.pdf,26-26,"0 例已故患者的治疗医师的问卷调查。对医师进行的关于2250
例死亡的前瞻性调查,对 405 名参与过安乐死或辅助自杀的医师的采访
记录0。高剂量阿片类药物缓解疼痛等症状可能会缩短患者的生存时间 ,这
是最重要的 MDEL 方式 ,占所有死亡的 17.59。另外有17.59的患者可能因
拒绝治疗而死亡。在一些病例中 ,患者死亡发生在他们决定停止或撤除某
种不适用于终末期患者的治疗后。安乐死 ,就是应患者要求给予致死性药
物 ,占所有死亡的1.89。医生辅助自杀则不足所有死亡的0.59。2005 年的
另一项研究报道 (在荷兰的所有死亡病例中 ),1.79为安乐死 ,0.19为医生
辅助自杀01","医疗决策, 预立医疗计划, 死亡焦虑",,,,
ku_pdfbook_31072b5a,尊严疗法：临终寄语.pdf,26-26,"EL 的减少可能与增加应用其他终末期
护理措施有关,例如姑息性镇静。
大多数医护人员不愿谈论关于安乐死和医生辅助自杀的话题。他们认
为,患者求死的意愿将迫使他们陷人危险境地 ,一方面不愿参与重罪,另一
方面避开无助和无能的感觉。这些问题在法律 ,道德和哲学层面的复杂性
是律师 .伦理学家和决策者们一直争论的问题 ,也就是说 ,除非优质的姑息
治疗可以普及 ,否则这些争论可能有时候听起来有点像空话。在面对期望
结束生命的诉求时 ,医护人员的角色是独一无二的。临床医生必须自始至
终尽力掌握整个临床情况 ,并对此以尽可能有效的方式给出回应。然而 ,当
临床医生以一种同情的方式对患者失去生存意愿的情况","死亡焦虑, 抑郁情绪, 存在性痛苦, 疼痛管理, 家属沟通",,,,
ku_pdfbook_d632457c,尊严疗法：临终寄语.pdf,27-27,".成为他人负担和缺乏尊严感 ,对患者的求生欲有显著影响。
然而 ,荷兰的经验提供了一些重要的临床见解 ,不仅让人了解到有多少患
者受益于 MDEL , 也说明了为什么这些患者寻求通过这一特殊手段来结束
尊严疗法
临终寄语
生命。保罗.范德马斯和他的同事们""面临着一个艰难的挑战
~具有求死
动机的人是他们的研究核心目标 ,求死动机是他们的研究兴趣所在 ,可那
些人已无法活着分享他们的经历。为了解决这一重要的方法论问题 ,研究
人员联系了曾签署表明患者死于安乐死或辅助自杀的死亡证明的医生。虽
然这并非一个理想的研究设计 ,但在这种情况下 ,这巳经是他们可以采用
的最佳方案了。根据这些医生的反馈 ,","照护负担, 存在性痛苦, 生命意义, 自杀意念",,,,
ku_pdfbook_627aaebe,尊严疗法：临终寄语.pdf,27-27,"是患者寻求尽早死亡的
最常见原因 ,占所有病例的 579。其他原因包括单独疼痛(占5%的病例 )
疼痛合并其他症状(469) .依赖于他人(339) .厌倦生存(239)和无价值地
垂死(469)川。
关于""尊严感""和尊严感如何让人期望生存下去之间的联系 ,本身既有
趣 ,也同样存在着疑问。毕竟 ,在范德马斯的研究中 ,是医师而非患者本人
描述了尊严缺失在患者期望尽早死亡中所起的作用。这项研究提出了另一
个问题:如何定义""尊严""这一含糊不清的概念?  在没有预先告知医生如何
在故去患者的经历体验当中定义尊严这一术语的情况下 ,他们只能根据自
身对尊严的特有理解去确定(患者的 )尊严是否或如何被","死亡焦虑, 存在性痛苦, 生命意义, 灵性需求",,,,
ku_pdfbook_3a78465c,尊严疗法：临终寄语.pdf,28-28,"制胜法宝 ,这些人顽固地反对许多医疗实践 ,包括安乐
死 辅助自杀 ,临终镇静 ,人工补液和营养。支持者认为 ,死亡权力可能是人
的自主权的最后表达 ,所以符合人类的尊严;而持反对者认为 ,有目的地夺
弟-章
尊严和临终
取人的生命是对人类尊严的亵渎。
尊严这一概念在生命末期照护中至关重要。大多数姑息治疗医护人员
认同尊严是他们照护患者和家属的哲学基石。然而 ,尽管患者可能会因为
缺失尊严而选择死亡 ,但是目前为止并没有相关的医学文献来描述垂死患
者的尊严感体验或他们对尊严这一概念的理解。我们第一个关于尊严的研
究是在终末期癌症患者中开展的14。这些患者来自于加拿大温尼伯市区的
两个姑息治疗中","医疗决策, 灵性需求, 文化敏感性, 癌症末期",,,,
ku_pdfbook_228cb86e,尊严疗法：临终寄语.pdf,28-28,"位于 St. Boniface 总医院 ,另一个位于 Riverview 健
康中心。这两个姑息治疗中心是温尼伯地区卫生行政部姑息治疗项目的
部分 ,此项目提供最先进的以社区为基础的住院姑息治疗服务。
认知能力
受损。无法给予知情同意或健康状况极差而无法参与的患者不纳入本研
究。在 4年的肘间里,共213 名患者参与研究 ,对他们的尊严感进行了评
定。本研究主要结果评估工具包括:7分级尊严感量表 (0 =没有尊严缺失
感,1 =最低,2 =轻度,3 =中度,4 =重度,5 =严重,6 = 极度的尊严缺失
感);症状困扰量表; McGill 疼痛问卷;日常生活的独立活动指数;生活质量
量表;关于",存在性痛苦,,,,
ku_pdfbook_9dc2fff0,尊严疗法：临终寄语.pdf,28-28,"生存欲的简要自我筛评报告;他人负担感
评估;社会支持度评级。
超过半数的患者表明他们有很强或完好的尊严感 ,而其余患者则表示
他们至少存在某些或偶尔的尊严相关问题。只有16名患者(7.59) ,表明他
们有严重的尊严感缺失 ,他们常常感觉失尊 ,羞愧或尴尬。这 16 位尊严感
受损患者相对比较年轻 ,大多接受了住院治疗 ,而非社区护理。尊严感受损
的患者有更强烈的求死欲 ,更容易丧失生存欲,更容易感到沮丧 .绝望或焦
虑。不足为奇的是 ,尊严感受损的患者更倾向于出现胃肠功能紊乱问题 ,而
且更加专注于他们的外表。同时 ,他们也报告了更多的对亲密照护的需求 ,
如洗澡 .更衣 ,如厕
与尊严感完","存在性痛苦, 生命意义, 照护负担, 抑郁情绪",,,,
ku_pdfbook_9ae45859,尊严疗法：临终寄语.pdf,33-33,"持敏锐思维过程的能力 ,没有了
这种能力 ,自我独立变得更加困难。疲劳 .精神错乱 .原发性中枢神经系统受
损或受伤会对自主能力产生深远的影响。正如后面所讨论的 ,这也可以对自
我感知产生深远的影响。
因此 ,原发性精神障碍或痴呆症利临床抑郁高发相
关。在这两种情况下 ,使人远离疾病的影响几乎是不可能的 ,因为目标器官
在根本上就是自我。此外 ,机体功能 ,是指完成各种个人事务的能力 ,如购
物 ,清洁 .准备膳食。
亲密的依赖性"" ,比如吃饭 ,洗澡利如厕 ,对于担忧尊严
问题的患者来说极具挑战。这是很重要的 ,但是需要注意的是 ,患者赋予这
些活动的意义和它们发生的环境 ,对患者的体验有着","认知障碍, 抑郁情绪, 存在性痛苦, 照护负担, 老年安宁",,,,
ku_pdfbook_53d71179,尊严疗法：临终寄语.pdf,34-34," ,他们的倾向和喜好将
决定事情完成的方式 ,并且他们的""专业意见""是重要且受欢迎的。
症状困扰
症状困扰对于患者而言当然是一项艰难的挑战
症状将人们的注意力
从生活的其他方面转移到身体感觉或担忧上。
在许多情况下 ,症状是病态
心理的起因。生理困扰往往伴随着多种感受和困惑。身体上的症状和伴随
的情感是分不开的。例如 ,疼痛可能会伴随焦虑 .抑郁和恐惧 ,这些体验往
往相互促进。所以 ,恐惧或沮丧会令疼痛更难熬;反过来 ,疼痛也能令患者
更容易沮丧或焦虑。
G 夫人是一位64岁的女性 ,患有晚期乳腺癌。随着疾病的进展 ,疼痛
控制变得越来越难。当她出现骨转移时 ,她的医生建议她开始用阿片类药
","疼痛管理, 家属沟通, 医疗决策, 抑郁情绪",,,,
ku_pdfbook_1368bc8c,尊严疗法：临终寄语.pdf,35-35,"健康受损状况的反应。值得注意的是 ,医疗不确定性和死亡焦虑在尊严模
型心理中为独立的子项。医疗不确定性如同在没有阴光的黑暗里旅行 ,其
过程更加末知与可怕。通常患者对他们不了解的事物比了解的事物更加害
尊严疗法
临终寄语
怕。确诊 ,即便是重病的诊断 ,能够为那些生存在不确定感中试图解释不断
增加的不适和无助的人们提供慰藉。基于未知之上的怼惧会使人们不断地
寻找面对未来的方式 .制订应对策略或坚持仍然可能行之有效的策略。
不知道死亡会如何来临或者自己会怎样死去 ,这听起来很恐怖-这
种死亡焦虑19,10  常常可以用明确的信息以及完善的解决问题的方法和永不
放弃患者的保证所安抚。例如 ,患者会","死亡焦虑, 预后不确定, 医疗决策",,,,
ku_pdfbook_c436a2a1,尊严疗法：临终寄语.pdf,40-40,"
认可。这可能包括一些关于职业 .家庭 .爱好 .兴趣的交谈-本质上 ,没有
这些东酉 ,他们可能会感到自己是赤裸的 .脆弱的 ,无名无姓的。
一位患有轻度中风的老年男性 ,由于顽固的支气管感染住院。
早晨查
房看到他时 ,他没有能力说话但是仍然配合检查。检查完毕后 ,主治医生提
示这可能是一个让他的5个医学生和低年资住院医师练习肛门检查的机
会。他不情愿地同意了 ,但我们不清楚他如何理解这件事。我是那些学生中
的最后一名 ,我回想不起来或者不愿意去回想我是否做过这项检查。我所
记得的是,在我离开他的病房时看到他脸上滑落的泪水。
很明显,不了解他们是谁和不关心他们的感受,可能让患者认为他们不
","存在性痛苦, 生命意义, 灵性需求",,,,
ku_pdfbook_8c7e5131,尊严疗法：临终寄语.pdf,41-41,"毫无治愈希望的预后 ,这种情况是如何发生的?很明显,随着治愈的可能
性开始退去 ,希望转换了。希望己不再是预后所指出的剩余时间 ,而是生命
的意义和目标。如果没有这样的希望 ,求死的愿望就会大大增强。
尊严疗法
临终寄语
在-项纳人 196 名肿瘤晚期患者的研究中 ,采用半结构式访谈评估患
者绝望和自杀的意念 ,对抑郁状态进行标准评估。研究发现 ,与抑郁状态水
平相比 ,绝望和自杀意念拥有更高的相关性 ,绝望是自杀意念的有效预测
因子,对于卫生保健指出的濒临死亡患者 ,可以明确得出绝望是自杀意念
的一个重要的临床预测指标;对于健康人群世得出了相同的结论。
一位68岁己婚男G先生,罹患终末期胃肠","预后不确定, 生命意义, 抑郁情绪, 自杀意念, 灵性需求",,,,
ku_pdfbook_87321431,尊严疗法：临终寄语.pdf,41-41,"能再做热爱昀事情,他宁可死的快些。为了尽快赴死 ,他开始绝食
并因此被送到医院。作为评估的一部分,我被叫去为他进行精神咨询。他在
咨询过程中表达了死亡的意愿 ,照他的说法,""现在立刻按下那颗按钮"" 。
由
于他还达不到严重抑郁或者任何其他明显的精神障碍的标准 ,因此没有给
他开精神类药物。但是,我向他提供了参与尊严疗法的机会。在这项治疗
中,他能记录自己的想法和感受,这可以受益于他的家人,包括他的妻子和
几个孩子。在做好了次日返回录音的安排之后 ,离开他之前 ,我问 G先生他
是否还想""现在就按下那颗按钮""
他回答道,""不,我想先做这个(尊严疗
法 )。
所以 ,绝望情绪的有效解药是使患者重新","死亡焦虑, 未竟事务, 生命意义",,,,
ku_pdfbook_aef39b76,尊严疗法：临终寄语.pdf,44-44,"避的事情。有时候这个""可怕的
'事""会出现在她梦里 ,有时候她觉得仿佛像是激流拖拽她进入深水中。她没
有提到""死亡""或者""濒死"" ,我们发现如果她的心脏和肺停止工作 ,她不希望
通过人工方式延续生命。
她小心地选择语言 ,并且使用徽妙的开场白 ,使她
能对所爱的人和她认为马上要被留下的亲人表达自己的感受_想法和希望。
顺应力和斗志
顺应力在本质上是指有内在力量或者勇气来面对任何事情。对-些人
来说 ,这意味着紧抓延长生命的希望 ,而对另一些人而言 ,给出有时间限制
的目标能激励他们坚持下去。这种斗志是一把双刃剑。尽管积极的思考能
给患者控制感 ,有时候他们感到对疾病的进展也有责任 ,但如果疾病","死亡焦虑, 未竟事务, 家属沟通, 医疗决策, 预立医疗计划",,,,
ku_pdfbook_55ff24a6,尊严疗法：临终寄语.pdf,45-45,"预后持否认态度的终末期疾病患者更容易产生潜在的抑郁。
顺应力 ,就像时间 ,很少静止不动。它可以随疾病进程本身而波动 ,并且进
一步被一个人的支持网络。信仰体系和赋予个人存在意义及目标的能力
所影响。
尊严疗法
临终寄语
琼是一位58岁的退休护士 ,处于转移性乳腺癌的末期。琼未婚 ,她最
亲近的人是她姐姐,姐夫和他们昀两个女儿。在一次姑息治疗病房的访问
中,她谈到她的生活 ,事业和她的外甥女。琼是一位拥有虔诚信仰的女性。
她形容她和她的信仰间的联系,听上去信仰不像是她的铠甲 ,而是无处不
在的安慰。被问到恐惧的事时 ,她哭了 ,她承认担心以后因为不能照顾自己
而无法捍卫自己的尊严。她想到将要离","死亡焦虑, 抑郁情绪, 灵性需求",,,,
ku_pdfbook_c7b8a2b1,尊严疗法：临终寄语.pdf,54-54,"员由于癌症治疗和感知改变而不再能驾驶飞机 ,那会怎
么样?  又或者 ,如果一位音乐家由于手术和术后瘢痕使其敏捷度受损而不
能再拉小提琴 ,那会怎么样?  作为一名治疗师 ,这些情景我都遇到过 ,也遇
到过无数其他情景。尽管患者经常问:""我应当做什么? ""他们想问的潜在的
和更深刻的问题其实就是: ""我是谁?
如果没有找到答案 ,他们可能会将自
己总结为以往自己的影子 .活死人 .无生气的物体 ,或感到自己活着仅是占
用空间。这些从本质上都反映了患者把自己当成他人负担的一种心态。
感觉自己成为他人的负担等同于一种存在上的绝境。酉方社会强调个
人自主性的重要性。当个人自主性遭到威胁时 ,人格本身","存在性痛苦, 照护负担, 生命意义",,,,
ku_pdfbook_a2fcd8d5,尊严疗法：临终寄语.pdf,54-54,"感到自己成为他人的负担 ,与降低自己的生活价值是紧密相连的。
几乎每项研究都认为:""对他人造成负担""与丧失生存意志 .渴望死亡 .直接
要求安乐死或辅助自杀等有密切关系r3。担心自己成为他人的负担普遍
存在于那些自杀的临终患者中。感觉自己成为他人负担也与临终患者的生
活质量 ,症状缓解质量和临终尊严感有关141
针对临终患者他人负担感的为数不多的一项研究认为
在生命末期
这种负担感与存在 ,心理方面紧密相连 ,而与身体症状相关程度较小1241
在
我们自己的研究中 ,报告了约 1/4 的绝症患者经历过强烈的他人负担感。这
些感觉与抑郁 .无助以及生活质量高度相关。需要特别注意 ,且出乎我们意
","死亡焦虑, 抑郁情绪, 存在性痛苦, 生命意义",,,,
ku_pdfbook_b956b04b,尊严疗法：临终寄语.pdf,55-55,"理顺应力存在 ,依赖本身就不会导致他人负担感。然而 ,抑郁和意志消沉的情绪会使自我价值缺失 ,让患者感觉自己像一个负担。就像自
我贬低一样 ,由于疾病晚期 ,身心且益衰弱 ,患者感觉到他们的生活不再具
尊严疗法
临终寄语
有内在的意义或目的 ,并且认为别人也是这样看待他们的。晚期患者可能因
此认为自己对别人有所需要 ,却无以为报。这种认为自己只知索取却无法回
报的看法 ,充分体现了患者心理上的他人负担感。
后事担忧
尽管后事担忧可能被认作是""他人负担""的一个子集 ,但是""他人负担""
指的是由疾病带来的当下的负担 ,而非患者所担心的身后之事181.作为一名
在姑息治疗中心工作的精神病科医师。我听","照护负担, 未竟事务, 存在性痛苦, 生命意义, 告别与分离",,,,
ku_pdfbook_903883ce,尊严疗法：临终寄语.pdf,56-56,"8(8768):669-674。
Van der Heide AOnwuleaka-
Philipsen BD。
ML;el a。 End-of-life praclices in the
Rurup
笫
尊严和临终
Nelherlands wder the Luthanasia Acl
V Lngl
Ved。 2007;356(19 ):1957-1965.
Chochinov HN, Wilson KG, Enns N
a1
Desire lor dealh in the teminally 讪。 Am
Psychialn。 1995;152(8):1185-1191
Chochinov ","死亡焦虑, 自杀意念, 医疗决策, 预立医疗计划",,,,
ku_pdfbook_49d045d7,尊严疗法：临终寄语.pdf,56-56,"Aurses
AIDS Care。 2010;21(2 ):99-112
11.Erikson BH。ed. Childhooc ad sociel . NewYork: Nonton ; 1950。
12.Buckley J, Herth K. Postering hope in terminally 让 patienls
Wurs Stod。 2004;19(10 ):
33-41
13,Eliott J. Olver IN。
life。 and death:
qualitalive analysis o[ dying cancer palienls
Lalk oboul
Denh Slu","抑郁情绪, 自杀意念, 生命意义",,,,
ku_pdfbook_eba6b86f,尊严疗法：临终寄语.pdf,56-56,";33(7 ):609-638。
14.Chochinov IIM. Wilson KG, Emns M。 Lder S. Depression。 Hopelessness, and
Suiciddl
idealion in the temminally 讪
Psychosomatics. 1998;39(4):366-370.
15.Bauby JD_
Tle
bell al (he bulerl:
0 memoir O lif in death. London: Pourth
Eslale; 1997.
16.Chochinov
INI
Hassird T
McClement
Ul
The","抑郁情绪, 自杀意念",,,,
ku_pdfbook_39594954,尊严疗法：临终寄语.pdf,56-57,"Do[ Digity-
Consering Care。 BNJ. 2007 ;335:184-187.
21.Schanl ML. Compassion:
Concepl analysis。 Nurs
2007;42(2):48-55.
22.Ganz ini
Beer TUI。
Brouns M。 Mor M
Hsieh YC
Inleresl
i physician-assisted
suiide among Oregon cancer palients。
Journal a Clinical Bihics
2006;17.27-28
23.Sullivan AD, Hedberg K F","自杀意念, 医疗决策, 家属沟通",,,,
ku_pdfbook_f21cbedd,尊严疗法：临终寄语.pdf,60-60,"情
况。本书着眼于尊严疗法 ,它是一种注重传承和后事担忧(主项 )的临床干
预方法 ,但是临床工作者应铭记 ,尊严模型中所有其他主项和子项都能够
影响临床决策和维护个体尊严方式(见表2-1 )[241
第二章
将尊严q入照护
表2.1
尊严模型及对临终患者的维护个体尊严干预
因素 /子项
尊严相关问题
治疗干预
与疾病相关
症状困扰
生理困挠
""您感觉怎么样?
加强症状管理
我们做些什么能够让您更舒
反复评估
适?
采用舒适护理
心理困挠
您如何应对所发生的一切?
表明支持的立场
倾心聆听
心理咨询
医疗不确定性
您椹对疾病有哪些进一步的J
根据要求提供准确
易懂的信
解呢?
息和策略,
以应","死亡焦虑, 预后不确定, 存在性痛苦, 生命意义, 未竟事务",,,,
ku_pdfbook_7357a0a0,尊严疗法：临终寄语.pdf,65-65,"气和内容的结合产生了一个新颖 ,个体化的心理治疗 ,尤其适
用于临终患者。因为它是基于尊严模型发展而来的 ,我们将这一心理治疗
方法命名为尊严疗法""3。实质上 ,参加尊严疗法的患者被邀请参与会话 ,这
尊严疗法
临终寄语
些谈话强调他们认为重要的问题或记忆 ,或者记录他们想要留给亲人的东
西231
出于传承的目的 ,会话过程需要被录音并转换为文本。因此 ,尊严疗
法的产物具有持续影响性 ,它的影响力将会超越患者死亡而持续影响到后
代。除了引导治疗过程 ,尊严治疗师还需要将尊严渗透到治疗中 ,也就是
说 ,患者在治疗过程中必须能够感觉到被接受 ,重视和尊敬。
由首个尊严疗法参与者 。我们预想到了","生命意义, 灵性需求, 存在性痛苦, 告别与分离",,,,
ku_pdfbook_ccfe9b6e,尊严疗法：临终寄语.pdf,65-65," .特别的姑息治疗干预。他的故事将在本书其他章阐述"" ,但是他认
为""至少在尊严疗法做完之前"" ,生存仍然是有价值的。这实际上是尊严疗
法临床研究的一个良好开端。早期发展前景使得我们快速地从美国自杀预
防基金会 .加拿大癌症研究所和加拿大卫生研究院申请到了研究经费。
在2001一2003第一个临床研究展开期间 ,尊严疗法的理念在《尊严维
护照护_
姑息治疗的新模式》文中发表。这篇文章于2002年5月1日
发表在《美国医学协会期刊》 ,详细描述了终末期患者的尊严模型 ,并向读
者介绍了 $ 先生参与尊严疗法的案例。5先生是一名患有原发性肺癌的62
岁老人,18 个月前他被诊断出癌症巳经转移到肝.","癌症末期, 生命意义, 存在性痛苦",,,,
ku_pdfbook_5eb5d16c,尊严疗法：临终寄语.pdf,65-65,"腺。最近 ,他的
病情发展到上 `下肢无力且无法承重的地步。由于严重的副作用他已经停
用了糖皮质激素 ,并因肺炎进行了2周的抗生素治疗。气短 .癫痫发作 .便
秘和阵发性躁动等临床症状控制得相对很好。
最近 ,他的症状管理重点是
舒适护理。
S先生借尊严疗法的机会讲述了他早年在寄养家庭中生活的艰辛1。不
幸的是 ,他从没有归属感 ,这导致他长期的自我厌恶行为 ,混乱的人际关
系 ,无数的职业事故和一连串的成瘾事件。直到他遇到之后成为他妻子的
女人 ,这种自我毁灭的生活方式才得以终止。由于爱情的治愈作用 ,他最终
从药物滥用 .酗酒中得到了救赎。对于 $先生来说 ,尊严疗法为他提供了
个向""拯救","生命意义, 告别与分离, 灵性需求, 家属沟通",,,,
ku_pdfbook_83b99466,尊严疗法：临终寄语.pdf,66-66,"招募。在加拿大 ,患者从温尼佾地区卫生行政部姑息治疗项目招募。温尼伯
地区卫生行政部姑息治疗项目都为患者提供一系列住院和门诊服务。
研究的纳人标准为:终末期疾病患者 ,预期寿命不超过 G个月,18岁以
上 ,讲英语 ,愿意在7~10天内被联系3~4次 ,认知完整 ,愿意提供口头和书
面同意。为评估尊严疗法的效果 ,所有参与者都被要求填写调查问卷来评
估生理 ,心理 .存在方面的问题 ,包括抑郁 .尊严 ,焦虑 ,痛苦 .绝望 求死欲
自杀 幸福感 .生活质量和求生意志。问卷调查完成后患者即参加尊严疗法""
尊严疗法过程被录音。参与者在尊严疗法中讲述对他们来说最重要的东
酉,包括他们对最亲密的人想","生命意义, 灵性需求, 癌症末期",,,,
ku_pdfbook_9474f1d3,尊严疗法：临终寄语.pdf,67-67,"录是宏伟的 ,这表明她的丈夫""想要做出贡献;这个访谈给了
他第二次机会来做一些有帮助的事情""[O
考虑""成为他人负担""对患者突
出且严重的影响714 ,提供一个唤起意义和使命的机会 ,来帮助患者感觉到
生命不止是单纯地存在 ,也可以是精神的从属。医疗卫生专家应该有意识
地利用每一个和患者提供服务的临床机会来认同和强化患者的人格(
在这项研究中0 ,痛苦和沮丧有显著的改善。尊严 ,绝望 .求死欲 焦
虑 ,求生意志和自杀都有改善趋势。报道越绝望的患者越有可能从尊严疗
法中受益。从尊严疗法获益的患者表明他们的生命感觉有意义 ,有高度的
使命感和求生意志 ,经历了较少的痛苦。那些相信尊严疗法能帮助或","死亡焦虑, 未竟事务, 生命意义, 抑郁情绪, 自杀意念",,,,
ku_pdfbook_8ad7ebe3,尊严疗法：临终寄语.pdf,71-71,"准护理组:分配到标准护理组的受试者能够获得提供的全方位的所
有常规的姑息治疗支持服务。分配到标准护理组的受试者完成基线心理测
量;7~10天后 ,即在其他两组大约完成第一次和最后一次研究接触后 ,完成
其他的研究量表。
本研究应用了一系列的标准量表 ,包括精神健康量表(EACIT-SP )I8l ,
患者尊严量表09 ,医院焦虑抑郁量表1 ,以及-些关于患者症状和忧虑的
访谈条目(包括尊严 .求死欲 .痛苦 .绝望 .抑郁 ,自杀意念和负担感 )II。 标
准躯体症状量表(埃德蒙顿症状评定量表 )12也应用在该研究中。考虑基线
痛苦水平较低 ,三组的每个受试者都完成了一项相同的研究后调查。
2","抑郁情绪, 灵性需求, 疼痛管理",,,,
ku_pdfbook_6f8739a5,尊严疗法：临终寄语.pdf,72-72,"
一位胃食管癌晚期的中年单身老师分享了他引以为傲的教育年轻学
生的故事。他是这样总结自己的教学方法的: ""善待他们。找到帮助孩子们
的方法 ,帮助他们学会自我帮助;并不是总为他们做些什么,而是让他们帮
助自己。待人诚实 ,公平 ,就不会心中有愧。在弥留之际 ,他对家人 .他年老
的母亲和年长的哥哥说道:""不要绝望,要相互照顾。
除此之外 ,还有一些其他目的 ,很多患者利用尊严疗法给予配偶再婚
的准诈。一位52岁的妇女说: ""我不希望看到他的余生独自一人,因为那样
他很多事都要靠自己。当然 ,他还有他的家人 ,但他仍需要一个人生伴侣
并体验不同的人生。是的 ,我希望他快乐 ,并找到幸福。
'另外","告别与分离, 家属沟通, 生命意义",,,,
ku_pdfbook_c7b79ee5,尊严疗法：临终寄语.pdf,75-75,"Palient Dignity Inventory:
novel
way Of measuring dignity-relaled
Iislress
pallialive
Cae
Pain Sptom
2008;36;559-571.
20.Zigmond AS, Snaith RP. The hospital aniety and depression scale。 Acta Psychiatr Scand。
1983;6706):361-370。
21.Wilson KG,
Graham ID。 Viola RA。
el a。
Slrctured
inlerview assessment ","灵性需求, 生命意义, 疼痛管理, 抑郁情绪",,,,
ku_pdfbook_770c08c9,尊严疗法：临终寄语.pdf,78-78,"察者而言有肘不易觉察。这并不是说这些引起患者痛苦的原因在姑息治
疗中不重要。例如,「先生是一位54岁的成功商人,最近被诊断为晚期胰腺
瘤。虽然他的躯体症状在姑息治疗中心得到了很好的控制 ,但他的主治医
生惊讶地听到他形容自己的痛苦是""无法忍受的""
当他被要求对此进行解
释时 ,他表达出了一种深深的绝望 ,因为他知道自己的肘日不多,被迫放弃
了自己在职业生涯与个人生活中一直保持的控制权 ,而且他很快就要离开
他的妻子和年幼的子女。
如果这位先生没有被问及痛苦的根源
这些痛苦很可能不会被关注。
这强调了医护人员必须时刻关注患者自身的主观体验 ,来明确我们对于他
人痛苦的假设是否正确。身体舒适的表象","死亡焦虑, 存在性痛苦, 生命意义, 告别与分离",,,,
ku_pdfbook_ecfe0eea,尊严疗法：临终寄语.pdf,83-83,"尊严疗法的强烈渴望。如果尊严疗
法在此种情况下实施 ,整体时闻框架需要大幅压缩。这是可行的 ,尽管这意
味着参与整个疗程的每个人一一患者 .治疗师与转录员 ,都必须为这个快
速运转的治疗集中投入精力。
GU
尊严疗法
临终寄语
M 女士是一位 49 岁的肺癌晚期患者。在接受尊严疗法访谈时 ,可以明
显看出她己经病得很重 ,顸计生存期可能是以天数而不是周数来计量。她
从病房工作人员处了解到尊严疗法 ,并对参与治疗产生了浓厚的兴趣。肺
癌的广泛转移让她难以开口说话。然而 ,她仍然用徽弱的低语表达了自己
对女儿的爱,并为女儿详述了一些早年的回忆作为留念。这包括讲逑她如
何选择女儿名字的故事,她女儿的","生命意义, 未竟事务, 告别与分离",,,,
ku_pdfbook_a5f140e2,尊严疗法：临终寄语.pdf,84-84,"其妻所言 ,他也一直是一位好丈夫,是一位对两个巳成年子女极具包
容心与爱心的慈父。然而在尊严疗法的初期 ,他似乎无法回顾自己职业生
涯中的许多积极属性 ,他将自己描逑为一个家庭生活失败的人 ,因为他总
笫三章
向患者及其家人介绍尊严疗法
是将工作放在家庭之前。他的妻子指出这是不准确的 ,这反映了患者自患病
以来近几周出现的抑郁情绪。由于这些认知扭曲与其相对贫乏的思维 ,我们
建议 M 博士在自己情绪更好的状态下尝试尊严疗法 ,他也欣然同意了。
他在与我们初次接触后几天就去世厂 ,这也证明我们倾向于不对他进
行尊严疗法是合理的
在我们对他进行访谈期间 ,M 博士的回答勾勒出了
幅家人几乎认不出来","抑郁情绪, 认知障碍, 告别与分离",,,,
ku_pdfbook_6b693190,尊严疗法：临终寄语.pdf,130-130,"
采访者:所以 ,罗斯 ,那我们开始了。您能否告诉我一些关于您自己和
您的生活,特别是您觉得最重要的事情,或者您最希望您的家人知道的
事情。
罗斯:哎呀 ,这不是一个容易的问题""'说实话 ,我不知道从
笫五章
传承文档
何说起。
采访者:这是完全可以理解的。让我看看我是否能帮到您 ,好吗?
设备
转录员需要记住他们要记录下来的话都出自病重的患者之口。
各种疾病状况使得准确领悟患者所说具有挑战性。为了使记录更加准确,
反复多次回顾患者的对话很常见。
高质量的录音设备必不可少。无论是模拟或电子录音设备都可以 ,只
要是治疗师熟悉并适合当时尊严疗法要求的设备即可。例如 ,电子录音可
以毫不费力地在尊","生命意义, 未竟事务",,,,
ku_pdfbook_3095b5cf,尊严疗法：临终寄语.pdf,149-149,"地方""与那些让患者听起来冲撞的 .刺耳的 甚至挑衅的问题相比,
正是这些细微的不同 ,让对方听起来舒服利柔和。
戴夫:是的 ,在我生命中有一段时光。我和珍最开始在一起的时侯 ,没
有结婚 ,没有孩子。
尊严疗法
临终寄语
乔奇诺医生:珍是你的妻子吗?
打断对话从而获得这些细节很重要。除非传承文档包含这些个人细
节 ,否则这些听起来通用的词汇很危险。""我的妻子""和""珍""称呼上的不同,
有助于确定戴夫文档很独特 ,专门为他想留给的人而创建的。
戴夫:我的妻子,是的。
乔奇诺医生:好的。
戴夫:是的 ,那时我们还没有结婚 ,我当时像个嬉皮士一样 ,去找她。
戴夫:听起来很有趣,(轻微的笑 )那时候您","生命意义, 告别与分离",,,,
ku_pdfbook_a1f0e268,尊严疗法：临终寄语.pdf,167-167,"充满感触,因为这是一段如此快乐 简单的时光。
我希望我的生命中能够拥有更多这样的时光。当我开始景观美化业务和雇
佣工人时 ,我的生活变得复杂了。
进入脑海的那时候的另一个画面是被一场险恶的风暴困住了。
虽然没
有生命危险 ,但是充满险恶和不确定性感 ,因为那时候还没有 GPS。 教堂司
事帮我们引航,这是一项现代失传的艺术。虽然我知道附近有潮流和暗礁 ,
但我一点也不能确定具体位置 ,我对此非常担心。什么鬼地方!我很担心 
因为生命有可能终结在暗礁上。我们试图待在原地 ,避免触礁的可能性。
那时我们好几天在海上 ,我感觉筋疲力尽 ,海盐包裹着我的皮肤 ,而且
我一直很担心。当时的情况是:我乘着","死亡焦虑, 存在性痛苦, 生命意义",,,,
ku_pdfbook_09a2610f,尊严疗法：临终寄语.pdf,205-205," ,在这些有利的结果中 ,有些问题需要引起我们的注意。到目前为
止所有的研究 ,包括我们自己的[ ,都是给姑息治疗人群提供尊严疗法。目
前还没有在面临严重不幸情况下只是单纯应用尊严疗法的研究。虽然近期
尊严疗法
临终奇语
的研究显示该疗法有广泛的满意度 ,并且提升了临终患者的体验 ,但是对
于那些明显情绪低落或最终出现临床抑郁的患者 ,我们儆何评价呢?  在那
些事例中 ,尊严疗法是否为合适的干预方法?  这时候 ,除非积累数据来证明
其可行性 ,否则我相信回答是否定的
这并不是说它不能与其他标准化方
法结合使用。然而 ,用尊严疗法代替传统疗法治疗抑郁症超出了现有的证
据。那些请求协助自杀或安","抑郁情绪, 存在性痛苦, 生命意义, 灵性需求",,,,
ku_pdfbook_2116ff56,尊严疗法：临终寄语.pdf,212-212,"多人认为
尊严疗法可以应用于此类人群中 ,或者尊严疗法正应用于非急性临终情况
下的患者(例如,女性乳腺癌的3期或4期),然而就我所知 ,尚无任何获得
资助的临床研究验证尊严疗法在这些特定患者中的作用。
尝试研究尊严疗法的研究者所面临的最大挑战之一是整个科研设计
和选择结果测量工具。我们目前完成的随机对照研究使用亍各种方法来识
别研究组间的差异[1。然而 ,当患者的基线悲痛程度很低时 ,通过心理测量
很难看出显著的变化。换句话来说 ,只要研究方案旨在说明干预前后的娈
化 ,而不是干预后患者各方面的临终体验 ,证实其有效性将取决于被研究
人群的起始悲痛程度。引用医学类比 ,说明一种药物的退热能力或","生命意义, 存在性痛苦, 谵妄, 抑郁情绪",,,,
ku_pdfbook_cf74fb4c,尊严疗法：临终寄语.pdf,212-212,"
骼愈合的能力 ,很大程度上分别取决于发热和骨折的出现。
有一些情况 ,像同时患有临床抑郁 ,谵妄或焦虑的患者 ,的确有些东酉
巳经""坏了' ,需要治疗和修复。那些并发症让他们适用于实证研究 ,即应用
传统方法实施临床研究 ,
应用经过验证的测量工具以及标准的统计方法。
然而 ,这用于濒死患者是有挑战的 ,他们并不能等同于""坏了""的东西。沉重
的心情 ,悲伤的灵魂 ,面临死亡的痛苦 ,这些到底是通往死亡路上的并发
症 ,还是体现了我们人性和不可避免的脆弱性的体现?  或许我们的治疗需
要包含见证 ,肯定和治愈的观念 ,而不仅仅是解决问题或治疗并发症。
这些问题貌似本质上是哲学的 ,但它对研究者","存在性痛苦, 生命意义, 告别与分离, 灵性需求",,,,
ku_pdfbook_3c5a76b3,尊严疗法：临终寄语.pdf,218-218,"udy of Elder i
term Care。 Journalol
Palliative and
Supportive Care. (In Press
Gagon
Che
Therop
Lone-
萦  引
患者尊严问题
活在当下
8,22.38
安乐死
3-4,51,182
疾病相关因素
2,8-9,25
保密性
积极倾听
76.80
濒死
7,21,62,69,188-189
假性痴呆
接受能力
8,20,38
(
结束生命之医疗决策
传承
8,15,36,190
精神
传承文档
40,101-105,122
精神健康
精神慰藉
8,24,38
精神支持
斗志
8,21,38
角色维护","死亡焦虑, 未竟事务, 存在性痛苦, 生命意义, 灵性需求",,,,
ku_pdfbook_6b25ad6a,尊严疗法：临终寄语.pdf,219-219,"8,14,37.41
独立水平
抛弃 ,放弃
辅助自杀
3,31
辅助自杀或协助自杀
亲密的依赖性
情感挑战性
姑息
27.43.62
R
H
认知敏锐度
8-9,37
后事担忧
8,32,38.40
医疗不确定性
8,11.37
移情
社会尊严
2.25.38
移情关系
社会尊严相关因素
2.8
抑郁
社会支持
3.8,27.38
隐私界限
8.26.38
生理困扰
8,11
影响尊严的主要因素 ,主项与
时效性
子项
实证研究
顺应力
8,13.21,38
死亡焦虑
8.11.37
照护语气
死亡谈话
治疗师
19.31,58.76
死亡意识
转录员
58,104
[
自蒙感
8,16.3","死亡焦虑, 生命意义",,,,
ku_pdfbook_01dea520,毕淑敏自选集 生命卷 生命的栖息地.pdf,9-11,"。
壬蒙
目
录
总序
毕激敏
 |
交学界的白衣夫使
壬蒙 }
束涎生于生命内部的光
生俞的借记卡
(2
梳理生命之序
VU
节令是
种价令
UO
你为什么而活着。
今世五百次回眸
身仆-是
匹哑马
做自己身体的朋友
我注视我自己的头颅。
鱼在波涛下微笑 
02g
费城被阉割的女人
素面朝天:037
你要好好爱自己_
VI
~百万年之前
在我们生命的远方
最大的缘分。
V5U
母亲无节
人生如带
华尔街哟少女。059
我的五样
0L5
我羡慕你. 070
拍卖你的生涯
只要有目标。就不会孤独和绝望
巷凉的生命
孝心无价。086
劳三产
用触碰世界的美好
茌火焰中思索。
U2
崇文门三角洲的马","生命意义, 灵性需求",,,,
ku_pdfbook_a8303827,毕淑敏自选集 生命卷 生命的栖息地.pdf,11-13,"延长中年098
年龄的颜色
当我们想家的时候
夏天别忘穿棉袄。
I0
绝望之后的曙光.109
用生命擦拭生命
比忖更长久的.
弟四亭
生命是朴素的
每一天都去撬种
钱的极点123
关于生命与命运的遐想
凝视崇卣
诸为你的生命找到薏义
此生结束后。我们垂逢
疲倦
最单纯的生活必需品
宁静有一利特殊的力量
生命中的粗纤维
笫五章
在苦难的夹缝当中完整地活着
冰雪花卉
LI
你是否需要预约今生的苦难
1GN
逃避苦难
TOI
苦难不是牛痘疫苗
走出黑暗巷逍
1;
苦难之后.178
你不能要求没有风暴的游洋
抢。还是不抢?
你好。荞.193
~罐回忆的泡泡糖。
佑护灾难中的孩F199
翅膀上驮眷天堂亲","生命意义, 存在性痛苦, 死亡焦虑",,,,
ku_pdfbook_54fa45cc,毕淑敏自选集 生命卷 生命的栖息地.pdf,44-45,"的有关资料。需要的女
性都可以免费获得。
据我的统计。全世界有 9000万妇女被切除了孑宫。其中的
GOOO 万被同时切除了卵巢。在美国。每年有60万妇女被切除「于宫,
其中的40万同时被切除了卵巢。
卵巢和子官,是女性最重要的性器官
它们不是不可以切除。但那要为了一个神圣的目的。就是保全生命的
必需
迫不得已。而且。身为将要接受这种极为严重的手术的女性
要清楚地知道将要发生在自己身上的是怎样一回事。它有哪些危险。
不但包括暂时的。世要包括长远的。
但是。没有。没有人告知女性这一切。有多少人是在模糊和混乱
的情形下。被摘除了自己作为女性的特征。我个人的经历就是聂好的
说明。
我的经历对我个人是",医疗决策,,,,
ku_pdfbook_0175d50e,毕淑敏自选集 生命卷 生命的栖息地.pdf,47-47,"我的病。我半信半疑地到中国城去了一趟。那里又
脏又破。简陋极了。我是一个受酉方教育的人。我很相停酉医。我什
么也没同针灸大夫说,转身就走了。
这样又过了两年。我的体重下降得很厉害。只有75磅。再不洽,
我马上就要死了。每天睁开眼,我就想。我还有什么活下去的理由呢?
我想自杀。但我想到,
一个孩子
他可能有第二个父亲
但他不会有
笫二个母亲。为了我的孩子。我要活下去。后来。我的朋友把我抬到
针灸大夫那里。前几次。好像没有什么明显的疗效。但是从笫四次起
我可以站起来了。到了笫二个月。我的骨骼就可以承受一点重量了
我能戴手镯了。
每周两次针灸。这样治疗了九年后。我的身体渐渐恢复。我开始
砑究我所得的","死亡焦虑, 存在性痛苦, 生命意义, 抑郁情绪, 自杀意念",,,,
ku_pdfbook_f8e02980,毕淑敏自选集 生命卷 生命的栖息地.pdf,50-51,"对暴雨
面对风雪,它们都本色而自然。它们也会哀老和
凋零
但衰老和凋零也是一种真实。作为万物灵长的人类。为何要将
自己隐藏在脂粉和油彩的后面?
见一位化过妆的女友洗面。红的水黑的水蜿蜓而下
仿佛洪水冲
刷过水土流失的山峦。那个真实的她。像在蛋壳里窒息得过久的鸡雏,
渐渐苏醒过来。我觉得这个眉目清晰的女人
才是我真正的朋友。片
刻前被颜色包裹的那个形象。是一个虚伪的陌生人。
脸
是我们与生俱来的证件。我的父母凭着它辨认出一脉血缘的
延续;  我的丈夫。凭着它在茫茫人海中将我找寻;  我的儿子。凭眷它
第一次铭记住了自己的母亲 +
每张脸。都是一本生命的图谱。连脸
都不愿公开的人。便像捏着
份徐改",生命意义,,,,
ku_pdfbook_8831a0b3,毕淑敏自选集 生命卷 生命的栖息地.pdf,55-55,"要理由的。我们的爱要想持之以恒。先要明白自己究
竟是谁。
最明确的绮论是:  自己首先是一个身体。这个身体结构精巧。机
能完善。高度发达,精美绝伦。干百万年进化的水流。将身体打磨成
健全而温润的宝石。
大脑的功用是思孝
而不是他人任意抛酒塑料袋的垃圾场。凡
事用自己的脑袋想一想
儆出最合乎理性的决定
这就是对自己的
脑袋好。
眼睛要看洁诤美好之物
看出潜在的危险找到安全方向。眼腈还
有小小的癖好。爱看草木的绿色和天空的湛蓝。爱看书本利笑靥。满
足它的愿望。非礼勿视。这就是对眼腈好。
鼻子希望呼吸到清新的空气。闻到花香。不喜欢密不通凤的腐朽
之气和)顶之下皆是雾/。让它远离这样的环境。才是对鼻子","生命意义, 灵性需求",,,,
ku_pdfbook_64785c22,毕淑敏自选集 生命卷 生命的栖息地.pdf,59-59,"保护所进行
的大气监测
当时洞外的二氧化硫和氮氧化物的浓度接近二级。而洞
内则为
~级。也就是说。洞内的空气比外面新鲜了一倍。这原因大概
是奇妙的石灰岩像滤纸
~样过滤了空气中的杂质。使空气如蒸馏水般
洁诤。据说预备在洞里建一个疗养院。专门治疗气管炎
高血压。
有据可查的是抗日战争肘柳州沦陷;一万多难民避于白莲洞内。
日本人用辣椒烧成烟,
呼呼地往洞里灌。想逼着人们出来就范。设想
到白莲洞内的空气四通八达。难民们连个喷嚏都没打。
洞内有幽深的
箭
溪水
听说栖息着盲鱼
因为深不见底,且没有捕捞的工具。所以我
懋
们无缘得见这种因久居地下而失明的水中动物。
浏览路程长达-千七百八十米
途经大名鼎","呼吸困难, 死亡焦虑",,,,
ku_pdfbook_d7284474,毕淑敏自选集 生命卷 生命的栖息地.pdf,75-75,"知逍这个词的意思?
女孩孑们七嘴八舌地说。随着我们的年纪渐渐长大。家长啊老师
啊。都不停地说。你们要小心啊。要保护好自己的身体。干万不要出
什么意外。在电影里小说里。也常常有这样的故事;一个女孩子被人
强暴了
然后她就不想活下去了,非常痈苦。总之,
'强暴""
是`
件非常可怕的事情。但是。没有人把这件事同我们说清楚。我们很想
知道
我们又不好薏思问。今天。我们一起来。就是想问问您这件事。
请恁不夔把我们当成坏女孩。
我说。谢谢你们对我的信任。我绝不会把你们当成坏女孩。正相
反。我觉得你们是好女孩
不但是好女孩。还是聪明的女孩。因为这
样一个和你们休戚相关的问题。你们不明自。就要把它问清楚。这就","抑郁情绪, 自杀意念",,,,
ku_pdfbook_95d7eecb,毕淑敏自选集 生命卷 生命的栖息地.pdf,76-76,"。有洁自的床单
有医生和护士。还有滴滴答答的吊瓶。
我说。就这些了?
女孩子们说。就这些了
这就是我们对于
'强暴'
一词的所有理解。
我说。我还想再问一下。对那个看不清面且的男人。你们还有什
0b2
么想法?
女孩子们说。他是一个民工的模样。穿得破破烂烂的。很脏
年
纪三十多岁。
我说。孩子们。我要说。你们对这个词的理解。还远不够全面。
发生强暴的地点
不仅仅是在胡同的拐弯处。有可能在任何地方。比
如公园。比如郊外。葚至可以在学校甚至你邻居的家。最可怕的。是
可能在你自己的家里。强暴者
不单可能是一个青年或是中年的陌生
人,比如民工,也有可能是你的熟人亲戚甚垒师长,在最极端的情沉下
也可能是",文化敏感性,,,,
ku_pdfbook_78fa35fe,毕淑敏自选集 生命卷 生命的栖息地.pdf,92-92,"社会
我们一天忙得视丹成绿。很难得有这种
省察自我的机会。这一瞬让我们返璞归真。
人生的重大决定
是由心规划的,
像一道顶先计算好的框架。等
待着你的星座运行。如期改变我们的命运
请首先改变心的轨迹。
只要有目标
就不会孤独和绝望
有-对夫妇有两个孩子
一个刖莎拉。
一个叫克里斯蒂。当孩子
还小的附候,
父母浃定为他们养一只小狗。小狗抱回来以后。他们想
请一位朋友帮忙训练这只小狗。他们搂着小狗来到朋友家
安然坐下
在第一次训练前。女驯狗师间:
'小狗的目标是什么?
夫妻俩面面
相觑。很是薏外。他们实在想不出狗还有什么另外的目标,嘟囔着说:
""一只小狗的月标?  那当然就是当一只狗了。
女驯狗师",生命意义,,,,
ku_pdfbook_aa76b536,毕淑敏自选集 生命卷 生命的栖息地.pdf,101-101,"就是最好的保
姆:
'多少次悄悄接过父母接济的银钱
理智上惭愧
手心却跃跃欲
试地潮湿。太多的贫困吞噬掉了儿女的自尊心。如臬我们注定得接受
馈赠。还是接受来自父母的施舍吧。在我们的内心深处。尚潜伏着一
个善良坚定的愿望:  爸爸妈妈。终有一天,
一切都会好起来。我会将
你们付出给我的爱加倍地偿还。让我们一道期待那一天吧!
玑在天下太平
人间和塍。世道安宁。人们大胆地可以言孝了。
里当然有糟粕。有可笑以至可恨的迂腐气息,但其合理的内核
却值得我们长久咀喁。
我不喜欢一个苦孩求学的故事。家庭十分困难。父亲逝去。弟妹
嗷嗷待哺。可他犬学毕业后。还要坚持读研。母亲只有去荬血我
以为那是一个自私的学孑。","生命意义, 家属沟通, 文化敏感性",,,,
ku_pdfbook_ab97a834,毕淑敏自选集 生命卷 生命的栖息地.pdf,101-101,"类献身的大师?
我也不喜欢父母重病在床。断然离去的游子_
无论你有多少理由。
地球离了谁都照样转动,不必将个人力量夸大到不可思议的程度。在
一位老人行将就木的时候。将他对人世间最后的期冀斩断。以绝望之
心在寂寞中远行。那是对生命的大不敬。
我相信每一个赤诚忠厚的孩子
都曾在心底向父母许下
'孝'
的
霓
宏愿。相信来日方长
相信水到渠成。相倩自己必有功成名就衣锦还
乡的那
~天,可以从容尽孝。
可惜人们忘了
忘了时间的残酷。忘了人生的短暂。忘了世匕有
永远无法报答的恩情。忘了生命本身有不堪一击的脆弱。
父母走了,带眷对我们深深的挂念。父母走了,遗留给我们永无
偿还的心偾。你就永远无以言孝。
有","未竟事务, 生命意义, 哀伤与丧失, 家属沟通",,,,
ku_pdfbook_33693173,毕淑敏自选集 生命卷 生命的栖息地.pdf,115-115,"想是金红色的吧?  不仅仅是红。而且有了逼人的光芒和灼
热的火焰,有炫甘和烘烤之感。
对于中年人茌意。当我们说到这个词汇的时候。会不由自主
地把音速放缓。深深地吸进一口气。我们会感到平稳和力量。会感到
深厚的功力和外柔内刚的主动。用颜色作比方。此时的他们是沉静而
内敛的枣红色
有了一点点不易察觉的黑色潜藏其中。恰到好处。让
红有了华丽的平合和根脉的喷张。
随着年龄的渐增渐长。调色蓝中的红色悄悄地隐没。黑色如荒草
蔓延滋生。他们颊上的光涸。无可挽回地调落了
血脉开始干涸。雪
自的牙齿无论怎样保护
都会出现松动和脱失。漆黑的须发无论怎样
濡养-
却也躲不过秋霜的点染。矫健的双腿注人了滞涩的尘锈。锐","老年安宁, 抑郁情绪, 疲劳与虚弱, 灵性需求, 文化敏感性",,,,
ku_pdfbook_d3eb7299,毕淑敏自选集 生命卷 生命的栖息地.pdf,122-122,"着小翻领的单军装。
我们把照片寄走。很久之后。军邮车带来了家人对我们在高原所
摄照片的反馈。我记得很清楚。妈妈说一
-为什么别人都穿得挺严实,
你却耍单?  我知道阿里有多冷。记着啊。夏天也要穿棉袄。
绝望之后的曙光
我们五个女兵是1969年4月被分配到西藏阿里军分区的。阿里军
分区1968 年成立。我们是分区的第一批女兵。我是1952年 I0 月出生
的。当肘是十六岁半。
过五一了。说有一辆大轿子车和一辆大解放车结伴上山。让我们
5月2日9点到大门口巢合。当我们按照预定时间上车的时候。才发现
探家回来的干部战士阜就上了车
黑压压的把轿车的位于都坐满了。
那时侯还没有照顾女士的概念_
他们都一","生命意义, 家属沟通",,,,
ku_pdfbook_9dd893f7,毕淑敏自选集 生命卷 生命的栖息地.pdf,124-124,",
过了一关。
1970年底。要开始野营拉练了。我们都纷纷写决心书。报名参加
拉练。要求到火线上去锻炼。繁忙的谁备工作开始了。主要是给自己
儆一口锅。以便独立野炊的肘候能吃得上饭。具体方法是先用锉刀把
罐头盒锉开这样才能最大限度地保存罐头盒盖子的完整。在做饭的
时候少跑一点气。然后在罐头盒盖子 (现在巳经娈成锅盖孑了)上凿
个小洞。在罐头盒锅体上也穿个小洞。两洞合一。用铁丝拧紧,简易
小锅大功告成。
出发的前一天。我们把拉练需要携带的物晶
~比如枪支弹药
红十字包
千粮袋。帐篷雨衣。被褥行李等等都背在身上。跳上磅秤
一称
将近一百公斤。那肘我的基本体重 (穿上棉袄棉裤绒衣绒裤大
头鞋。带上皮帽","疲劳与虚弱, 呼吸困难",,,,
ku_pdfbook_ceec2ecc,毕淑敏自选集 生命卷 生命的栖息地.pdf,125-125,"。出发的导声啊了。
一座险峻的高山横在路上。到了傍晚的肘候。只爬到半山。饥褰
交迫。我只觉得自己再也坚持不下来了。心跳得好像要从嗓子里蹦出
来
喉头咸腥;一张嘴仿佛会血溅大地。身上的所有感官。感受到的
都是痛苦与折磨,这样的生命 
我再也不想拥有了。我要结束生命
从此长眠。埋骨山.
我就像架机器似的向前向前。队伍中是不能容忍停滞不前的。完
全没有了思想
没有了方向。只有挺迸。周围是一片黑暗,我从来没
有见过那样黏腻厚重的黑暗。头脑中也是一片黑暗。如同最深的海底,
渺无布望。
大约到了半夜三点钟的肘候。我们终于抵达了班卡哨所。我们不
停顿地行走了二十凹个小肘。气温是零下38摄氏度。
那天晚上(正","存在性痛苦, 自杀意念, 生命意义",high,,,
ku_pdfbook_31bbaa39,毕淑敏自选集 生命卷 生命的栖息地.pdf,137-137,"女士。就会想她
若摘了口罩,一定更是美丽动人。其实不然,罩里很可能是
~对暴牙齿,
人家原是为了遮丑的。
我当过许多年的医生。虽是无钱之人。却凭医疗常识。想象钱的
功能是有限。理由从人的生理结构而来。
钱能买来山珍海味,可再大的富豪也只有一个胃。一个胃的容积
就那么大。至多装上两三斤的食物,外加一罐啤酒,也就物满为患亍。
你要是愣往里揣。轻则是慢性胃炎。重了就是急性胃扩张。后者有生
命危险呢。更不消说,长期的膏粱厚味引起高胆固醇,糖尿病等等。
所以说那些因公而需长期大吃天喝的人,得了肥胖症, 真是要算工
伤的。
钱能买来绫罗绸缎。可再娇美的妇人也只有一副身段。一次只能
向世人展现套在身体最外层","生命意义, 灵性需求",,,,
ku_pdfbook_da6d17af,毕淑敏自选集 生命卷 生命的栖息地.pdf,140-140,"规律。这个无穷大的分之一
结果就
趋丁零。
也就是说。妥贿的人群可以心安理得地享受甲的劳动成果。却不
必为此支付报酬。甚至连感谢都不必说一声。
这就是传说中的英雄丹柯掏出自己的心。燃烧起来为众人引路。
危险过去后。人们会把他跌蒋地上仍在发光的心踩灭。这不是众生的
无情。是铁的规律。
文学在某种意义上。就是这种为无穷大的民众服务的事亚。所以
它的清贫与无功利性。兀乎是命中注定的。矢志于这一行的人。不必
愤而不平。只问自己是否愿意承受。
人的生命是
-根链条永远有比你年轻的孩子和比你年迈的老人。
我们每个人都有自己的位置。它是一宗谁也掠夺不去的财宝。不要计
较何时年轻。何时年老。只要我们生存一天。","存在性痛苦, 生命意义, 灵性需求",,,,
ku_pdfbook_d300a315,毕淑敏自选集 生命卷 生命的栖息地.pdf,154-154,"。没有发展。爱情的弹性老化了。像一只很久没有充气
的球
表皮皲裂,塌陷
摔到地上
噗噗地发出充满怨恨的声音。却
再不会轻盈地跳起。奔跑着向前。
疲倦到了极点的肘候;人会完全感觉不到使命和生活的乐趣 ,
所有的感官都在感受苦难,于是它们就保护性地不约而同地封闭了。
我们便被闭锁在一个狭小的茧里。呼吸篝迫。凹肢蜷曲。渐渐逼近
窒息「。
疲倦的可怕。还在于宅的传染性。一个人疲倦了
他就娈成一炷
迷香。在人群中持久地散步者疲倦的细徽颗粒。他低落地徘徊着。拖
拽荐蹩体的步伐。当我们的周围生活肴一个疲倦的人。就像有一个饿
着肚子的人。无声地要求着我们把自己精神的爷粒。拔一些到他的空
碗中。不过。如果我们这","疲劳与虚弱, 抑郁情绪",,,,
ku_pdfbook_5f5450cf,毕淑敏自选集 生命卷 生命的栖息地.pdf,160-161,"地走下去
大块的岩石崩塌,化为细碎的沙砾。然后继续
颓弱。变儆齑粉祥的泥沙
再衰变为黄士:
人的心还是像水吧。可以受伤。但永远有痊愈的力垦。在大自
然面前。人什么都无须保留。只需堂堂正正即可。
箭
踅
生命中的粗纤维
痛苦和磨难。是人生不可分割的
部分。
生命没有了苦难。那么它也就失去了框架。很多自杀的人。就是
因为没有理会这种意义
一厢情愿地认为,生命是应该只有甘甜没有
挫败的。特别是在恋爱早期那种汹涌的荷尔蒙带来的欢愉。让人把激
情当成亍常态。
生命的常态,其实就是平稳和深邃还有唷流。在最深刻的层面,
我们不单与别人是分离的。而且与世界也是分离的。兀自踯躅前行。
每个人的生命中必定下雨。就","生命意义, 存在性痛苦",,,,
ku_pdfbook_9f3e3de9,毕淑敏自选集 生命卷 生命的栖息地.pdf,179-179,"可怕得多。枕
着冰雪仰望高海拔处才能见到的宝蓝色天空。我愿意永不复生。
参谋长几乎是用枪。逼迫我站起来继续走。
从此。我惧怕爬山。仅次于死亡。
惧怕爬山。实际上是惧怕苦难。山_一这些地球表面疙里疙瘠的
赘物。驱便我们抵抗地心强大的引力。以自身徽薄的力量
把自己的
体垂举起来。当我们悬浮在距海平面很高渺的山峦上,以为自己很高大,
其实我们不过是山的玩偶。
苦难是对人的肉体和匕灵的酷刑。那些叫嚷热爱苦难的人。我总
怀疑他们未尊经历过刻骨铭心的苦难。或者曾将苦难与苦难换取来的
荣膂。同时置于跷跷板的两头他们发现荣誉的头发高高地飘扬在半空
遮蔽了苦难黝黑的面庞。
他们觉得
值。
苦难是对人的信念最残酷","存在性痛苦, 生命意义",,,,
ku_pdfbook_bde0b386,毕淑敏自选集 生命卷 生命的栖息地.pdf,186-186,"一次稿费钱不多。几万字的稿子
几百块钱。基本上合一个字
一分多点钱。我把其中的一半寄给我父母。另一半买了书。妈妈说,
汇款单到的那一天。她正在小路上散步。听人喊。你女儿把稿费寄来了 ,
几乎流下眼泪。
走出黑暗巷道
那个女孩子坐在我的面前。薄而脆弱的样子。好像一只被踩扁的
冷饮蜡杯。我竭力不被她察觉地盯着她的手
~那么小的手掌利短的
手捐。指尖剪得秃秃 。仿佛根本不愿意保护指尖。恨不能缩回骨头里。
就是这双手
协助一双男人的手。把一个和她一般大的女孩子的
喉管掐断了。那个男子被处以极刑 。她也要在狱中度过一生。
她小的肘候
家住在一个小镇。是一个很活泼好胜的孩子。一天
傍晚。妈妈叫她去买酱油。","存在性痛苦, 抑郁情绪, 生命意义",,,,
ku_pdfbook_0fe8e1c8,毕淑敏自选集 生命卷 生命的栖息地.pdf,187-187,"下了大决心,离开了祖辈的故居。远
走他乡。
迂徙使家道中落。但随着家申的贫困。女孩儿缓缓地恢复过来
在一个没有人知道她过去的地方。生命力振作了,鼻于世不那么灵敏
了。在外人的眼里
她不再有显著的异常。
除了特别爱洗脸和冼粱。
无论天气多么衿 -
女孩儿从不间断地擦洗自己。由于晶学兼优。中学
毕业以后。她孝上了中专。在那所人生地不熟的学校里。她人缘不错,
只是依旧爱洗澡。哪怕只剩吃晚饭的钱『
宁可饿肴肚干
世要买
块味道浓郁的香皂。把全身打出无数泡沫。她觉得比较安全了,有肘
恿
会轻轻地快速微笑一下。童年的阴影无祛抑制青春的活力。她基本上
娈成了一个和旁人一样的姑娘]
这时候。-个小伙子走来
对","存在性痛苦, 抑郁情绪",,,,
ku_pdfbook_bfa25a33,毕淑敏自选集 生命卷 生命的栖息地.pdf,188-188,"场上走的时候。像被雷电击中。肝胆俱碎。她听到了熟
悉的乡音。从她原来的小镇,来了一个新生。无论她装出怎样的健忘
那个女孩子还是很快地认出了她。
她很害怕。预感到一种惨痛的遵遇。像刮过战场的风一样。把血
腥气带了来。果然没多久,关于她幼年时代的故事。就在学校传得沸
沸扬扬。她的男朋友找到她。问。那可是真的?
她很绝望。绝望使她变得无所顾忌,她红着眼腈狠狠地说,是真的,
怎么样?
那个小伙子也真的不舍糊地说。就算是真的。我世还爱你。
那一瞬。她觉得天地变容 _
人间有如此的爱人。她还有什么可怕
的呢?
于是他们同仇敌忾。诀定教训一下那个饶舌的女孩。他们在河边
找到她。对她说。你为什么说我们的坏话?","未竟事务, 存在性痛苦, 生命意义, 哀伤与丧失",,,,
ku_pdfbook_313e041c,毕淑敏自选集 生命卷 生命的栖息地.pdf,189-189,"
咱们跑吧。跑到天涯海角。跑到跑不动的时候。就一道死。他们
几乎是同时这样说。
他们就让尸体躺在发生争执的小河边
甚至没有丝亳掩饰。他们
总觉得也许她会醒过来。匆忙带上一点积蓄窜上火车。不敢走大路 ,
就谩无且的地奔向荒野小道。对外就说两人是旅游结婚。钱很快就花
光了。他们来到云南一个叫 :情人崖""  的深山里。打算手牵着手。从
悬崖跳下去。
于是拿出最后的一点钱来。请老乡给做
~顿好吃的。然后就实施
自杀。老乡说。我听你们说话的声音。和新闻联播里一个腔调。你们
是北京人吧?
反正要死了
再也不必畏罪潸逃。他们大大方方地承认了。
我一辈子就想看看北京。现在这么大岁数
原想北京是看不到了。
现在","自杀意念, 未竟事务, 告别与分离, 存在性痛苦",,,,
ku_pdfbook_eb52566f,毕淑敏自选集 生命卷 生命的栖息地.pdf,193-193,"好似在微笑 
再说
'白雪公主""
亲妈阜早仙逝。后母不容。因为嫉妒她的美
丽,竟然雇了杀于要取她首级。好不容易死里逃生,被好心小矮人收留。
为了报答恩人。她从高贵的公主摇身一娈。成了打扫家务烹炸莱肴的
小肘工。这个落差不可谓不大。就这样。她的厄运还远末终结。后母
死死追杀
最后被莓苹果险些夺去红颜
怎么样?  以上所谈童话中的阴谋与死亡
贫困与灾难其力度
利惨烈
就是今人;也要为之垂泪吧?
我还可以举出许多。比如小人鱼变鲭为脚的痈楚。小红帽面对狼
外婆的恐惧。孙悟空戴上紧箍咒的折磨和唐僧九九八十一难的艰辛:
怎么样。
我说得不错吧?  萤话并不遮盖苦难。它们比今天那些搞笑的
故事。更多悲谅和灾","哀伤与丧失, 生命意义",,,,
ku_pdfbook_c52e93d7,毕淑敏自选集 生命卷 生命的栖息地.pdf,194-195,"不振徘徊在墓地。时时沉湎在对亲人的怀念和追悼
中。我们可以怨天尤人,愤问苍穹的不公和大自然的残忍。我们可以
从此心地晦暗。再也不会欢笑和宽容.
沿着这条路一直走下去。那结局是末日的黑色和冰冷。
1G0
还有一条路是
~-我们拭干眼泪。重新唤起生的勇气。掩埋了亲
人之后
我们努力振奋精神。以告堪天上的目光。我们更珍惜生命的
价值和意义。争取用自己的存在让这颗星球更美。我们对他人更多温
情和宽厚
因为我们从患难中理解了友谊和支援 
沿着这条路走下去。那结局是火焰般的橘黄色。明媚温暖。
小朋友和中朋友们。这两条路可是南辕北辙的啊。灾难之后。何
去何从。干万三思而后行!
灾难是一把双刃剑。可以把一个人","哀伤与丧失, 生命意义, 死亡焦虑",,,,
ku_pdfbook_0c123f06,毕淑敏自选集 生命卷 生命的栖息地.pdf,205-205,"然的一座鸡蛋山。但是
请不要忘记北京有多少人口。超过
1300万人口的城市
如果来分褰这 &O0 万个鸡蛋。那每个人只能分到
少三分之二个鸡蛋。
我之所以不厌其烦地做这种小学生的算术,是想说明保障物资
的供应固然极为重要。但如果民众的心理得不到安抚
对此没有一个
坚强的神经和充分的信心。那么需要储存多少才能满足大伙儿的需要
呢?  比如我认识的那位老人。她一下子就买了 20 斤鸡蛋。照如此购
买力设计
1300 万人。就会买下 26000 万斤鸡蛋。合2.6亿斤。是
不是很吓人?  全中国的母鸡都努力生高亢吭高歌 ""咯咯醚""  也觯不下
北京的围啊。
在灾难的时候,要有物质的东西,也要有精神的","生命意义, 文化敏感性",,,,
ku_pdfbook_648a2518,毕淑敏自选集 生命卷 生命的栖息地.pdf,206-206,"就是在绝望中
不放弃希望。在布望中不妄自尊大。这就是珍惜自己的生命也珍惜他
人的生命。
抢与不抢都有理。对一个发展中的巨大城市来说。对一个有眷
五干年悠久文化传承的民族来说,在灾难中,不抢是上策。
}
你好。荞
位女友。告我这样
'件事。
上小学的时候。班上有个女同学。叫作荞,家境贫褰
每学期都
免交学杂费的。她衣着破烂。宴天总穿短裤
是捡哥鄢剩下的。我和
她同期加人少先队。那时候。人队仪式很庄重。新发展的同学面向台
下观众
先站成一排。当然脖子匕光秃秃的。此刻还末被吸收入组织
吗?  然后一排老队员走上来。和非队员一对一地站好。这肘响起令人
跳的进行曲。校长或是请来的荚模
~总之是德高望重的","生命意义, 哀伤与丧失, 文化敏感性",,,,
ku_pdfbook_93a40c05,毕淑敏自选集 生命卷 生命的栖息地.pdf,210-210,"重重风雨之后。还
在寻找一片不知名的野花。问侯着它们。我知道在她心中。还贮备肴
丰足的力量和充沛的爱。足以抵抗征程的霜雪和苦难。
此后我外出的肘候,总带着荞送我的地图掰。朋友这样结束了她
的故事。
:
留
罐回忆的泡泡糖
回忆是个很奇妙的东酉。如果是回忆幸福。那就好比一罐亍泡泡
糖;  如果是回忆苦闷
就是嚼了金鸡纳树皮
据说这种树皮很苦 )
负面的回忆一开始。赶紧打住。因为每个人内心的能量。并不像
我们想象的那般强大。不要制造剑拔弩张的险情。考验我们饱经磨砺
的灵魂。我们的情绪依循着单向的轨道
由俭入奢易。由奢入俭难。
我们常常会说,等待肘间吧。时间可以愈合一切。但时间并不能
解决所有的问题","抑郁情绪, 生命意义",,,,
ku_pdfbook_4d35d3e6,毕淑敏自选集 生命卷 生命的栖息地.pdf,221-221,"个如
花女孩难舍难分的精灵。她的同学们今天都得到了一个福娃。她也应
该有一个啊。
记得北川中学的一位被截肢的女孩说过。请你们不要称我的那些
死去的同学们
-是没有来得及开放的花蕾。就已经调落了。不,他
们不是凋落。他们己经盛放过了。
我被这句话深深打动。它充满了一种只有经历过死亡的人。才会
有的练达和超拔。尽管那个女孩孑只有12 '岁。是的。生命的价值从
来不是以长短来衡量的。那些远去的少年们。将他们辉煌的笑靥留给
我们。在岁月的尘埃中灿烂干秋。
上午10 点。
轮到我演讲了
正确地说。是上一堂特殊的语文课。
很紧张。因为从来没正儿八经地当过语文老师。困为面对的是经
历过山摇地动的孩子们。因为","哀伤与丧失, 存在性痛苦, 生命意义",,,,
ku_pdfbook_a0216375,毕淑敏自选集 生命卷 生命的栖息地.pdf,226-227,"的职工。2008年5
月 12日14时28分,万顷山石将她的双亲掩埋
从那
~分钟起。她无
时无刻不在呼唤亲爱爸爸妈妈。但天上地下
永无回音。
我知道她面前还有谩长的道路要走。她将步步啼血。万干悲苦。
唯一令人安慰的是
~姚瑶能谈到肖己有 I0 个优点。其中笫一个优点
是
我很坚强。
国殇之后。唯有坚遢。
我想把北川中学孩子们的话转送绐姚瑶
~翅磅上驮着天堂亲人
的希望。你要高高飞翔。
我对生命悲观,
但不厌倦生活
箭
>
有人问我。对自己的才能有设有过怀嶷或是绝望?
我是一个 ""泛才能论。者
即认为每个人都必有自己独特的才
能。赞成李自所说的
""天生我材必有用'
只是这才能到底是什么
没人事","哀伤与丧失, 生命意义, 存在性痛苦",,,,
ku_pdfbook_deed7974,毕淑敏自选集 生命卷 生命的栖息地.pdf,228-228,"电脑。热爱苤因
工程:.
则是近若千年才开发出来的新领域。有肘想,擅长操纵计算
机的才能。以前必定悄悄存在着但世上没这物件肘,具有此类本领
潜质的人。只好委屈地干着别的行当。他若是去学画画。技巧不一定
高。就痈苦万分。觉得自己不成才。比尔
盖莰先生若是生长在唐朝 ,
整个就算膪了一代英雌。所以。寻找才能是一项相当艰巨重大的工程,
切莫等闲视之。
人们通常把爱好当作才能;一般说来。两相符合的概率很高。但
并不像克隆羊那样惟妙惟肖。爱好这个东西。有的时候很能迷惑人。
一门心思凭它引路。也会害人不浅。有时你爱的恰好是你所不具备特
长的东酉。就像病人热爱健康,矮个儿渴望长高一样。因为不具备,
所以。就","存在性痛苦, 生命意义",,,,
ku_pdfbook_5b2b5bf5,毕淑敏自选集 生命卷 生命的栖息地.pdf,256-256,"。还有花朵。还有果实。
有-些人可能永远地消失了,有一些人却在这里被长久垂念。
在一般人眼中。陵园是空旷的。是泠寂的。是桔萎的。但你到八
达岭陵园里走-走。就会渐渐忘却最初的忧烦。你看到的是绿草和树。
是高山和云霞。你听到的是鸟鸣和流水。还有工作人员亲切的话语。
感谢八达岭陵园在 2006 年将我聘为他们的心理顾问。有若干单位
世曾表示了相类的邀请。我都
~婉谢。写作占据了我生命中的大部
分时间,其余的光阴就很有限了。我愿薏参加到八达岭陵园的工作中,
是困为重夔和圣浩。
人一生当申要搬很多回家,
要结识很多人。夔看很多风景走很多
路途:
陵园。就是最后的一个家。陵园的工作人员就是最后结识的
人","哀伤与丧失, 灵性需求, 告别与分离, 家属沟通",,,,
ku_pdfbook_cf9d4c76,毕淑敏自选集 生命卷 生命的栖息地.pdf,272-272,"界上来的。据说
在每一个话着的今人背后
都挺立着四十具以上的白骨。它是自有人
类以来。在这颗星球上生存并逝去的祖先。设想它们都健在。大地将
多么拥挤,食物将多么匮乏,风将多么滞重。水将多么黏稠 ;所有
生物都被挤成剪纸。感谢死亡,它如筛网,过滤优选「生灵的种子
以生机盎然的新锐代替了蹒跚钝化的老迈。对这种除旧布新的壮举
即使不为之欢呼雀跃。起码也不应无限悲哀地渲染恐怖吧?  进化犹如
潮汐
不可抗拒地为后代冲刷出立足利发展的辽阔海滩。从这个角度
诽。死亡是天经地义含情脉脉的圣手。为什么不能庄严优美地展示它
的合理性呢?
惧怕或许有心瑾遗传的基因。在科学不发达的古代。死亡是凄惨
的重创。与瘟疫。","死亡焦虑, 生命意义, 灵性需求",,,,
ku_pdfbook_a1e0ff56,毕淑敏自选集 生命卷 生命的栖息地.pdf,290-290,"种享受。敬亚的美丽和庄严
问:  当你奁台上做于术的肘候
是何感觉?
答: 我谒望手术。那种充满血隍和药气的氛围 ,极端安静。没有电话 ,
聊天。无关的语题。没有敲门声。不会有人无端地闯迸来用莫名其妙
的事干扰你。你全神贯注。被一种神圣感涨满,很纯诤
没有丝亳犹疑,
就是全力以赴地救治手术单下饕盖着的这条生命。主刀的肘候。妙不
可音。所有的人以你为核心。完全服从你的指挥。没有讨论利敕衍,
不扯皮。你甚至是很武断的。像至高无上的船长,其余的人,只是水兵。
遇到危险。你必须当机立断,操纵肴潜艇。在血泊里航行。威武豪迈。
有一种 ""得气""  的感觉。
我觉得给医生送红包。医生就好好手术,反之,就不负",医疗决策,,,,
ku_pdfbook_c1c96155,毕淑敏自选集 生命卷 生命的栖息地.pdf,297-297,"。让我觉得这是不是火星或者月亮的背面?
我记得犬概是1971年。我们要去野营拉练。时间正好是褰冬腊月。我
们。要背着行李包。要背着红十字箱。要背上手枪。要背匕手榴弹,
还有几天的干粮。一共是六十斤重。
高原之上。褰冬腊月。滴水成冰,
当肘的温度大概是零下 409。
有一天凌晨三点钟。起床号就吹起来了
上级要求我们今天要翮
越无人区。无人区一共有一百二十华里路。因为那里条件特别的恶劣,
而且没有水。走啊走啊。在下午两三点的时候。我觉得 |~字背包的包
带巳经全部嵌到我的锁骨里面去丁。勒得
句话都说不出来。喉头发
咸发苦。我想我要吐一口的话。肯定是血。
霓
我在想。这样的苦难何时才能结束呢?  我","存在性痛苦, 生命意义, 疲劳与虚弱, 抑郁情绪, 自杀意念",,,,
ku_pdfbook_4a894a01,毕淑敏自选集 生命卷 生命的栖息地.pdf,298-298,"应该拖
累别人。
队伍在进行中 。这样的机会是稍纵即逝。之后地势丈变得比较平
坦。我再想找这么一个自杀的地方
就不容易了。这样走眷走着。天
就黛了。我们世走到了目的地。一茸二十里路就这样走过去了,背上
那六十斤的负重一两都不少地被我背到了目的地。当时我站在雪原之
。
把自己的全身都摸了一遍一
每一个指关节
自己的膝盖。包括
我的双脚。我确信在经历了这样的苦难之后。我的身体连一根头发都
设有少。
那一天给了我一个特别深刻的教育:  当我们常常以为自己顶不住
了的时候。其实这并不是最后的肘刻。而是我们的精神崩溃了;  只要
你坚持精神的重振。坚持褙神的出发。即使是万劫不复的时刻。也可
以挺过去。
","死亡焦虑, 未竟事务, 存在性痛苦, 生命意义, 自杀意念",,,,
ku_pdfbook_a68ae404,毕淑敏自选集 生命卷 生命的栖息地.pdf,305-305,"上万吨的钢铁之匕。站立在人类的智愁结晶之匕。
上了干台之后我们所儆的第一件事是
~吃饭。
个小肘的颠簸之后。在浩白桌布的提醒下
我才感到饿了。
餐厅的光线很柔和。闪闪发光的下锈钢餐具;腴出我们困为晕船
而略显憔悴的脸。莱肴很可口。听说平台上以前有外国专家工作。厨
师受过专门训练。还会傲酉餐呢。
我轻轻地啜肴可口可乐。在洋溢眷现代文明的午餐之后。觉得这
海上采油世并不如想象中的艰苦。平台很平稳。感觉不到丝毫晃动。
整洁优雅的环境。使你恍惚眚身干设备齐全的饭店。
猛抬头。在一盘水果沙拉之后的墙壁上。钉着-块齐崭崭的标牌。
上面印着伸臂蹬脚的小人影像,仿若我们在男女豪华公厕门扉上看到
过的际志。洗练","疲劳与虚弱, 恶心呕吐",,,,
ku_pdfbook_722a42b5,毕淑敏自选集 生命卷 生命的栖息地.pdf,306-306,"平台是由高低有致的几大块钢铁部件拼装起来的。假若有一
只颀大无朋的眼从空中观测
平台便如组合家具一般。有不同的层面。
最高处是直升飞机场,它的用途是不音而喻的。
坐直升飞杌回陆地去。很快吧?  我问。
是快。不过平台上的人都喜欢坐船。经理答道。
想起那海上晕船的痛苫。我大不解。
直升飞机常摔。去年还死了人。你们听说了吗?
我点点头。其实我并不知道这里曾发生过空难。不过我理解工人们,
长年生活在这处处蕴含着危险的石油平台。他们对危险有着天然的警
觉和拒绝。
生活区和生产作业区。储油罐区相互连接又相对独立,
中间以
金属楼梯沟通。楼梯悬挂在诲天之间。类似天险中的栈道。其实褛
悌是很坚固牢靠的,梯面",,,,,
ku_pdfbook_560ea5e3,毕淑敏自选集 生命卷 生命的栖息地.pdf,307-307,"里便有了极细的皱纹。没
有谁确统计过。他哟脸竟微微红了。大约一万块仪裘吧!
石油平台是极讲科学的地方。他为自己提供数字的不精确性感到
了愧疚。
我为我的唐突感了个安。这仿佛是问一位山民。山匕的石头有多
少块
该脸红的是我。于是我转换了一个话题。您是这平台上的最高
首脑「。
不是。或者说不完全是。我们还有一位平台经理。他和我负有同
样的责任。
我表示很堪见一见那位领导。想知道他是否世同样年轻 ,同样冷静。
您见不到他。他现在正在床匕。
病了?  我很吃惊。在这远脔人寰的地方生病 ,
定格外痛苦。
没有。他在睡觉。
正是中午,我想象不出一个年纪轻轻的健康人,怎么能在如此明
亮的阳光下
大张旗鼓地睡",抑郁情绪,,,,
ku_pdfbook_840989fa,毕淑敏自选集 生命卷 生命的栖息地.pdf,310-310,"  我把亡中的疑问再
~次提出。不是不相信。而是希望再
~次证实。
工人们都愿意上班。上班肘间过得快呀!  小医生明确地嗔怪我的
不明事理。下班后
除了睡觉就是聊天。谁家有点啥事。早八辈子都
聊完丁。
还可以打球。下棋。看电视我总以为今日的石油平台比海岛
边防生活。要丰富得多。
打球下棋就总是那几个人。那几套路数。彼此透熟。还有啥玩
头呢 !
我想也是。纵是世界冠军利亚军。让他们夭天对垒。时间长了,
世会充满烦恼。
那还有电视呢!  我不屈不挠地提醒。
电视只能着。不能参与。比如亚运会。我们连喊声加油的地方都
没有。小医生的目光黯淡了。
我也垂下了眼帘。他们是现代人
重要的在于参与。现代科学文","存在性痛苦, 生命意义, 抑郁情绪",,,,
ku_pdfbook_a3e0d083,毕淑敏自选集 生命卷 生命的栖息地.pdf,312-312,"了关于石油价格的知识。
三十万吨原油象征着怎样一笔巨大的财富。每个人都不难计算出。它
们真是由这架如此初级的平台贡献出来的吗?
那上面是什么样子。
太简单了!三合板的墙。铁皮盖的屋顶.我们划小舢板上去
过。
~位平台工人告诉我。
旧平台默默无言地和新平台立在一起。海浪拍打着新平台也拍打
着旧平台。我在新平台上所感受到的所有孤独和苦难。在旧平合上也
~并存在过。设有现代高科技文朋的缓释。那苦难
~定更尖锐更持久
更剧烈
你们有谁曾在六号工作过?
我问。
人们面面相觑。没有。一个也设有了。在科技月新月异的今天,
六号已古老得像一个神话。那些最早的开发者工作者们。你们在哪里?
可以上去看看吗?  我",存在性痛苦,,,,
ku_pdfbook_493d05ee,毕淑敏自选集 生命卷 生命的栖息地.pdf,315-315,"体的氛围
相符。
选了白色的长短衬衣带上。心想肖色总是无大错的。又在衣橱里
挑了一伴淡荷粉色的衫。压在旅行箱底。粉虽极淡。毕竟偏向暖和红。
不知利届肘的场景是否吻合。有备无患吧。又找出一件米黄色夹杂黑
纹路的旧短袖衫
留着自己路上穿。摸爬滚打都相宜。随身方便。
主持人马东在电话里说。为了保持现场的新鲜感。在录制之前,
我们都只是研究书面的资料。并不同陆幼青直接见面。
我说。从陆幼青在网上发布的日记来看。他的身体巳出现缺氧和
短时间窒息的惜况。拍摄过程是很辛苦的,光照很强,时间也很难控制。
对一个晚期癌症的病人。人道与尊重是非常重要的。除了从咱们工作
圆满的角度考虑
也夔高度重视陆幼青的权利。正","死亡焦虑, 家属沟通, 预后不确定, 存在性痛苦, 告别与分离",,,,
ku_pdfbook_dcfd2795,毕淑敏自选集 生命卷 生命的栖息地.pdf,316-316,"衿气凝滞着。当一个我们所尊敬的人,正在分分秒秒地远去,
我们叉需挖掘出他内心的隐秘甚至隐痛的肘侯
挑战的力度和选择的
艰难是那样矛盾。
主题统一在
""真诚和真实
之后赶往
处饭店。同时牧言女士
会面。
灯火晶莹
喧哗中弥浸着鼎沸的人气。我们到的比较早。祜坐在
一张餐桌旁。静静地等待着。如果说。陆幼青的心脉还可以在他的文
字中摸到搏动。那他的妻子 _
在这样的生离死别面前。将是怎样的心
态和举止呢?  令人猜测。餐桌位于餐厅中段。来客几乎可以从任一方
向走过来。我不时地四处张望。不知能否在众多的客人中认出她来。
时牧言来了。沉稳而憔悴。她穿着鲜橙色的衣服。亮艳夺目。这
色彩暖得令人震惊。类乎海难","告别与分离, 家属沟通, 照护负担, 疼痛管理, 生命意义",,,,
ku_pdfbook_04327ca8,毕淑敏自选集 生命卷 西藏的故事.pdf,13-14,"
只好把自己的
""标本"" 交上去了。
等待结果的日子。我和我的好朋友都充满了悲哀。以为我们必定
分手了。
不可思议的是。这一次的化验结果完全正常。
我终于和我的好朋友一逍。踏上了遥远的奔赴西藏的道路。
上去;
我们告别了乌鲁木齐。在广阔的戈壁滩与高原上坐了整整 12天的
汽车。到达了自雪皑皑的世界屋脊。我在那里待了 I0 年。
后来
我把这
~段有惊无险的遭遇和我的计谋。讲绐
~位老医生
听。口气中充满了得薏。没想到他皱着眉说:
""幸好你本身的体检合
格了。要知逍
酉藏高原缺氧
氧气只有薄平面的一半。要是你的小
便有问题。就说明你的肾脏有问题;  要是你的肾脏真的有病
又用别
人的标本蒙混过关","预后不确定, 生命意义, 告别与分离",,,,
ku_pdfbook_ef61b550,毕淑敏自选集 生命卷 西藏的故事.pdf,15-16,"老携幼的壮士。带眷这些重量-道攀上
高峰。
爬山的肘候。喉咙会
~阵阵地发出腥甜的味道。好像有一条流着
血的小鱼。卡在那里。按说。这很没道理,困为爬山肘最辛苦的,是
手和脚。手要紧紧地扒住裸露的山岩。
无论多么尖锐的石缝。为了有
稳固的支点,你都必须把手指 进去,好像在坚硬的墙壁上钉入十根
铁条。脚像螃蟹的爪子。要么尽鼻向两侧伸展。以扩大身体和山石接
触的面积
一旦发生下滑,可以最大限度地增加摩擦力;  要么利用脚
骨的斜面。把它娈成没有知觉的木橛亍。深深撰人岩缝。就像在巨幅
画像下钉两个巨钉。才能保证悬挂着的身体突然坠下肘可挽救危局。
至于躯干。恨不能生出壁虎似的吸盘。牢牢粘在悬崖上。
飕山","呼吸困难, 疲劳与虚弱, 死亡焦虑",,,,
ku_pdfbook_45430d36,毕淑敏自选集 生命卷 西藏的故事.pdf,15-16,"有功能都充分调动起来。肌肉
高度紧张。神经分外敏感。此刻的每一e间。都执掌着人的生生死死。
说起来。喉咙也很要紧,因为它是气道。爬山需要消耗大量的空气。
就像前方在打仗。公路上运输的弹药物品就;外多。
要是供不上气,
手脚必得瘫痰。偏偏高原上稀少的就是空气。喉咙就得拼命工作。那
种甜腥的感觉
定是喉咙的某条徽血管崩裂了
礼出鲜血。
一天。行军路上遇到
-座险峻的高峰。尖兵报告说。曲折的冰崖
阻住通路,攀登极为困难。领导绐我们每人发了一条登山绳。让死死
系在腰匕。
干什么用的?  这绳看起来还挺绪实。
小麂说。
'这是纬组绳。你们三个人把它系好。就成了一个结绳组。
领
导指捎小鹿
我和河莲。
""","呼吸困难, 死亡焦虑",,,,
ku_pdfbook_a5a5aed9,毕淑敏自选集 生命卷 西藏的故事.pdf,17-17,"莲释得不错。
那咱们就成了刘关张祧园三结义。恨不同日同时生。但求同日
同肘死啦 !
小鹿兴奋得两眼放光。
领导不爱听。说:
'这只是万一时候的紧急处置措施。不要动不
动就说死的事。你们还年轻。
UUb
河莲思忖着说:
'要是小鹿掉下去了。还比较好救。她反正分显轻,
`把就拽住了
要是小毕嘛。就有点危险。那么虿。她要是万一失脚,
只怕一个人会把我们两个都拖入深渊,同归于尽。
我说:
""下就是因为我的吨位比较大。你们就这么害怕吗?  好啦
我好汊儆事好汊当。要是出现了可怕的事情,
~定不会连紧你们。我
会自动把结组绳解开。和你们脱钩,一个人滑下去好了。
领导说:
""不许乱讲。真到「那种肘侯。更要同","告别与分离, 生命意义",,,,
ku_pdfbook_cce32c19,毕淑敏自选集 生命卷 西藏的故事.pdf,18-18,"很好的吸音效果。让你的声音像蒙在棉絮里呷吟一样。传
不远。说起来很吃力。但是冰多的地方
又当别论。平滑的冰是音响
良好的反射体。相当于大理石板。会使你的声音发出清澈的回音。我
们此刻能发出的最大声音。
是不停的喘息声
爬啊爬。距离山顶。好像只有五十米的距离了。我们费尽千干辛万
苦地爬过这段距离,发现山顶还骄傲地耸立在五十米之外漠然地俯
视着我们。高原上稀薄的空气发生折射。使距离感变得虚无瓢渺
引
人错觉。我们并不懊丧
只是坚韧地问前。向上
爬山很能锻炼人的耐力。在攀登的队伍中。你像一支射出的箭
只能-
~往无前地努力挺迸。绝无后退的可能。我吞见有一些鲜红色的
小珠子。从我的嘴边滚落。我知道那是","呼吸困难, 疲劳与虚弱",,,,
ku_pdfbook_f84abf93,毕淑敏自选集 生命卷 西藏的故事.pdf,19-19,"动作。我想。我的二十个脚趾和手指。都是大功臣。假如没有
它们劳苦功高地揪住山的毫毛。我一定像块圆圆的鹅卵石。叽望咕噜
滚到山涧里去了
在我们就要到达山顶之前。我突然听到一种奇怪至极的 ""嘶嘶""
00g
声
好像是毒蛇的舌头在搅拌空气。当然。这是绝不可能的。阿里膏
原因为酷蹇。是没有蛇的。就算是有蛇,也绝不可能在沭天雪地里生存。
恐怖的声音到底来自何方?  没容我思索。腰间仿佛挨了致命的一击,
猛地抽紧。勒得我喘不过气; 一股螺旋般的下坠力量。像龙卷风一样
吸住了我。裹着我迅猛地向山底滑去。
我在极端的恐惧中朋白了-
~那毒蛇般的声音。是结组绳快速收
紧
摩擦冰面的响声
河莲遇到了巨大的危险。正","存在性痛苦, 生命意义",high,,,
ku_pdfbook_ebc42784,毕淑敏自选集 生命卷 西藏的故事.pdf,21-22,"们脚下。
我又向四周张望了一下。然后下u。 不知为什么。登上山以后,
人很窄易感到心里空荡荡的。好像把一种很宝贵的东西安放在雪山之
巅了。
我们默默地下着山,不断地对付荐险情。俗话说,上山容易下山难。
上山的肘侯。容易避开危险。下山则不然。脚心也泼长眼腈 ,
不小
心就出问题
有几次我失足下滑。要不是绪组绳帮助。也许就会像在
幼儿园滑渭梯
~样,直滑到雪山的肚子里。再也不见天日。
下了山。重新回到坚实的土地上。我们把结组绲解开。回头仰望
高山。几乎不相信我们用自己的双脚。把它一尺尺量过。但结组绳上
的冰雪可以作证。我们以集体的力量。曾经到达过怎样的高度。
八月里穿着棉衣
阿里的军人照相。只有等","生命意义, 告别与分离",,,,
ku_pdfbook_929540b6,毕淑敏自选集 生命卷 西藏的故事.pdf,27-27,"利目光。我们明自经验丰富的老摄影师来了。
""还顺利吗?
老摄影师咳嗽眷问。
""还好。只是去海拔最高的边防站隳的相片。困为气候实在太差,
风雪来临前抢拍的那些张。曝光量明显不足。底片经过处理。还是不行,
人影模糊:
牟富力强汇报。
""这可如何是好?
老摄影师非常不安。
'把钱退给他们。算我们白辛苦了。
年富力强说。
老摄影师说;
'是我们失职。太对不起他们。这柞吧。让没照好
的人从边防站下来。我们补照。
年富力强说:
""恐怕不成。照坏了的不是少数。要是都从边防站
撤下来。国境线匕没人站岗了。
老摄彤师说:
既是这样。只有一个办法。我们再上一次最高的
哨所。
年富力疆说:
""您的身体己经这样虚弱了","疲劳与虚弱, 呼吸困难",,,,
ku_pdfbook_2198e8b0,毕淑敏自选集 生命卷 西藏的故事.pdf,34-34,"跑
个不停。直眷身子挨完了司务长的训。领了新帽子回到宿舍。小如一
声不吭。
我说,
""还难过呢?  我有法子报复这个爱耷拉驴脸的司务长。人
吃五谷杂粮。我就不信他不生病。等他躺在床上的时候。就是你我的
天下了。别看他现在闹得欢。那会儿就再逞不了强。让我们一齐诅咒
他得一场不轻不重的病吧!咱们就可以板起脸,狠狼地训他一
-顿了。
我沉浸在想象的报复快乐里。几乎笑出『声。小如还是闷闷不乐
的样子。我说:
""你到底怎么亍?
小如说:
'我在想。为什么我们的帽子总爱丢?
河莲说:
""可能山爷爷是个帽子爱好者。头上光秃秃的怕感冒。
自己想戴又没人发给它。它的脑袋太大了,只好把我们的帽子收了去
救急。
我",抑郁情绪,,,,
ku_pdfbook_84364e67,毕淑敏自选集 生命卷 西藏的故事.pdf,36-37,"着小鹿。突然说:
'我有办祛了。
她跑到司务长那里;
说我要领
~包曲别针。司务长对所有要领东酉的人。都抱有戒心。他
骜惕地问:
#千什么用?
各部门司务长都是些娑婆妈妈的小气鬼。也不知他们是因为格外
小气才当上了司务长,还是当上司务长才变得格外小气。反正这个职
务有危险的传染性,能让所有坐这把交椅的人,都既吝啬又爱刨裉问底。
小如不肯正面回答他。只是说:
'朋天你就会看到这些曲别针干
什么了。
司务长嘟囔着:
""用不完。可记得给我拿回来啊!
第二天。在高原的蓝天自云下。每个女兵的帽子和头发间。都
别了一枚崭新的曲别针。它 ""回""  字形的轮廓,大部分别在发丝里,
小部分露在帽子外。仿佛一种美",生命意义,,,,
ku_pdfbook_93f16d0a,毕淑敏自选集 生命卷 西藏的故事.pdf,38-38,"绿毛龟。
人人脑袋上方。笼擘着一片绿色。不是天的颜色。是汽车篷布笼
罩的效果。我们大呼憋死了。要求同行的老兵批准揭开这顶盏子,
看外面的风景。
""透过篷布上的窟窿。你们尽管看。看个够。针尖大的窟窿能透
过斗大的风。没听人说吗?  眼皮是世界上最大的物件。你只要睁着眼,
有什么看不到的?
同行的老兵懒洋洋地说。他是下山治病的。听说
病还没洽好。工作紧张
要他上山,所以。他闷闷不乐,一副苦大仇
深的样子。新兵连长把我们几个女兵交给他。委托照应。他好像不堪
重负的毛驴
又被人强压了一捆柴火,忿忿地不爱理人。
我们只好像预备行窃的小偷一样。每人揪住篷布上的一个小孔,
尽力向外张望。汽车颠簸着
大米麻袋",疲劳与虚弱,high,,,
ku_pdfbook_4ce6cfa5,毕淑敏自选集 生命卷 西藏的故事.pdf,39-39,"了好久。当我们对获知答桊
基本绝望的肘候。老兵瓮声瓮气地回答。
""天啊。要走那么远的路!那还不到了外国啦?  要是能快点就好
了
到了我就能给我妈妈写信了。
小鹿说。她是我们之中最小的,
肯定想家了。
老兵突然睁开眼。说。车走得那么快。有什么好的?  还是慢点好
抓紧肘间。好好看看 ,好好闻闻吧。他说得很认真,像是在传授什么
秘诀。
我们四处乱瞧
耸动鼻子。但除了山峦和扑面的尘士以外。没发
现什么特别的好味遒。只好请教他。你让我们看什么闻什么呢?
""看地。闻气。
老兵很简略地说。
地有什么好看的呢?  每个人都在地上生活了十几年。地就像我们
的身体。早就熟透了。现在我们巴望的是早早到陌生的高原","灵性需求, 生命意义",,,,
ku_pdfbook_119ca6db,毕淑敏自选集 生命卷 西藏的故事.pdf,40-40,"
当我们满不在乎的
肘候。他就吓唬我们。我们真的害悄了。他又变得大大咧咧。
'我告诉你们一个治缺氧的好办祛吧,
百治百灵的
他很神
秘地说。
""啊。我知道的。一定是吸氧气了。
小鹿的家里有从医的根底,
抢先说道。
老兵有些泄气
但他很快恢复了指点讧山的气概。说:
'你那是
洋祛子。荒山野岭的。到哪儿去找氧气筒?  我说的是士方子。偏方治
大病。你们知不知道?
我们怕他一生气。就不讲了。忙狠狠地瞪小鹿。齐声说:
""知逍
知道。偏方治大病。
老兵这才告诉我们。治缺氧最好的办法是
~用背包带:
就是你们捆行李的那种。把自己的头紧紧地缠起来。记住;一定要用
那根宽带子
窄的不管事。
我们目瞪口呆,果平","呼吸困难, 疲劳与虚弱",,,,
ku_pdfbook_6518fe9f,毕淑敏自选集 生命卷 西藏的故事.pdf,40-41,"在笫一个兵站了。
尽管老兵的口气很平稳
我们还是吓得不敢大日喘气。河连似乎
连笑也很节省气力,再不像往日那样哈哈个不停。只是小小地抿肴口,
好像旧时代的小姐。她不放心地说:
如果背包带勒头不管事。怎么
""喏。
办呢?
老兵很干脆地说:
""那就成烈士呗。阿里这地方就这点好。不管
你是困为什么廪因死的。只要牺牲在高原。就算是正经八百的烈士。
说起来世有道理
要不甚保家卫国。谁到这天边似的地方来呢。
我们都不想小小的年纪就成为烈士
因此。就很注意保养自己
大家话也不敢多说。软软地靠在大米袋子上。生怕一个微小的举动
消耗掉体内宝贵的氧气。悲惨地成了第-个用背包带勒头的人。
缺氧有一种轻度的麻醉作用
像","呼吸困难, 疲劳与虚弱, 死亡焦虑, 认知障碍",high,,,
ku_pdfbook_1a49dda9,毕淑敏自选集 生命卷 西藏的故事.pdf,43-43,"空旷。第四个
感觉是
老兵不屑地说:
""这里才三干多米。你就那么多的感觉。要是到
了阿里。足有六干多米。你还不得弄个十来八条的感觉
累不累啊?
果平仿佛被人塞了一脖子雪。立肘设了说话的情绪。我们慢慢走
到食堂。默不作声地开始吃饭。主食大米饭。菜肴困为-下来「这么
多人
兵站措于不及
就倒了半盆酱油。说用这个拌米饭。很好吃的。
我在心里说:
""这玩艺儿黑不拉叽咸不溜秋的。倒在米饭里。能
咽得下去吗?
嘿!真奇怪。舌头-上了高原。好像也发生了奇妙的变化。竟然
完全分辨不出食物的味道。米饭吃到嘴里。像一粒粒长着刺的锯末。
酱油汁把米饭渗透到发红发黑的地步。也不觉咸。好像搅拌进去的是
~种无味的特殊颜","呼吸困难, 疲劳与虚弱",,,,
ku_pdfbook_754b624e,毕淑敏自选集 生命卷 西藏的故事.pdf,44-44,"发动了全面的攻击。
胸膛里吸进的好像不再是空气。而是一种黏糊糊的金属。沉重而
压抑。肋骨好像变成了八脚章鱼
紧紧地箍着肺。让它设法像平日那
般自由扩张。脑袋里装满了打火石。摇一下就金星乱冒。眼珠子胀得
难受。恨不能把它抠出来。用冰谅的雪水擦擦四周。再安回狭小的眼眶。
每个人都嘴唇青紫。好像刚刚吃完玫瑰香葡萄而葡萄皮没吐干净。
恰好这肘。由于海拔太高。气压太低。汽车也犯亍高原病。水箱
开锅了。呼呼直冒热气。像个火车头。司机只好停车
到远处去背雪,
赶快给发高烧的汽车降温。让它歇息一会儿;才可继续赶路。
我们像些八十岁的老婆婆。颤颤巍巍地爬下车。虽然-上-T又
要消耗不少体力。喘似多年的老气筲炎病","呼吸困难, 疲劳与虚弱",high,,,
ku_pdfbook_06394e4f,毕淑敏自选集 生命卷 西藏的故事.pdf,44-45,"不出疼。你可换种方式。比如用牙咬咬舌头。狠一点。才会见
效果。
果子 ""呸"";了她一几说:
""我宁愿相信自己是到了火星。也不愿
把舌头咬出血。
河莲儆出很无辜的样子说:
""我在脑子缺氧的情况下
还替你
似岚
出这样有效的办法。而你。真是不识好人心!
什么事都怕说。本来每个人都头痛欲裂。以为别人没感觉。就不
好意思呻吟叫唤。现在有人开了头。大家就同仇敌忾地叫起苦来。
小鹿的头上阜己绑了背包带。因为用力过大。额头勒得像个细腰
葫芦
嘴巴被扯到耳朵裉。好像她无时无刻都在嘲笑谁。她说:
""还
偏方治大病呢。我的脑袋都掴成炸药包了
一点用也没有。
果平说:
'真想把肺从肚子里掏出来。邮寄到平原去。让家里","呼吸困难, 疲劳与虚弱",,,,
ku_pdfbook_ee1ca7cd,毕淑敏自选集 生命卷 西藏的故事.pdf,49-49,"到我们戍边的时候。鱼巳经没有那么多了
但依然稠密而患笨。用
曲别针弯个鱼钩,用-块生牛肉条挂在曲别针上。甩进河里。不消片刻,
鱼就上钩了。
藏北的鱼不知归于哪一属哪一科目,色黑亮如柏油,肉雪白若膏脂。
但不知是高原上人的胃口差。还是这鱼本身的间题。大家都不爱吃鱼。
星期天的早晨。常有人披了军大衣在狮泉河咩垂钓。钓到了,
便把那
挣扎着的鱼从曲别针上摘下来。重新丢入沸沸扬扬滚动着的河水中。
许多年后。听一位去过酉方的朋友讲。那里的文明人类活得多么潇洒,
常常把钓到的鱼再甩回湖里
钓鱼不是为了吃。而是为了消逍。我想
早在很多年前。因为寂寞
我们也2达到过这种境界。原来也曾潇洒
过一回。
但是在高原","呼吸困难, 疲劳与虚弱",,,,
ku_pdfbook_b2f4b6f6,毕淑敏自选集 生命卷 西藏的故事.pdf,50-50,"都一大把一大把地
吞药,仿佛病人膏肓的老人。维生素到底有多大的效力。我不敢妄下
结论。只知逍在吃肴维生素的同肘。我们指甲凹陷
齿龈出血。口腔
溃疡。头发脱落.对于人。最重要的是空气。因为氧气不足而出现
的这一系列麻烦。只有用一分钱都不值的空气才能治疗。可惜。空气
在高原是定量的。
为了保证大家吃好
挑选炊事班长的严格不亚于挑选
~位军事指
挥员。要能吃苦
会动脑筋。还需手巧。
我们的炊事班长是甘肃人。方头
两只眼睛的距离很远。身材高大。
当我后来看到挖掘出来的秦始皇兵马俑时。自觉得为班长找到了祖先。
班长扛大米。嘿哟哟
一次能扛两庥袋。
一袋一百斤。在高原上
扛两袋
简直是找死。可他脸不变色心","疲劳与虚弱, 呼吸困难",,,,
ku_pdfbook_16a42668,毕淑敏自选集 生命卷 西藏的故事.pdf,59-60," 的那种东西。叫儆
'高原反应
会让你的口鼻
像螃蟹似的冒出粉红色的泡沫;  皮肤泛出紫蓝的网纹。蕞后你丢掉所
有的体温。成为冰山的
~部分。
我们那时只有十六七岁
虽说也感到轻徽的不适。都像否认有偷
仑山
窃行为-样否认
高原反应""
那还是一个以为否认就能挽敕一切的
年纪。
到了兵站睡觉的肘候。老兵说,
高原反应
是一定会来的,
别看你们年轻。夜里头疼得实在受不了。可以用背包带子在额头上勒
两圈。越紧越好。偏方治大病。
我躺在坚硬如铁的兵站枕头上。焦急地等待头疼。当它真的像春
雨一般润物无声地降临时。我欣喜地发现它并没有想象中神奇。
""高
原反应""  是一种像铅色绸缎殿柔软而黏稠的东酉。裹住","死亡焦虑, 呼吸困难, 疲劳与虚弱, 认知障碍",,,,
ku_pdfbook_10667414,毕淑敏自选集 生命卷 西藏的故事.pdf,67-67,"河的鱼
头很大。脑子却很傻
把曲别针弯直。挂上一块羊肉。它就上钩了。
可能在它固守了百万年的遗传密码里。从来没有被人下饵陷害的经验
所以不防。
当兵的人。洗被子是个大工程
除了费力。主要是缺乏工具。每
个人只有一个小脸盆。洗一件军衣就爆满。泡沫横飞;  若把被子塞进
去。活似大象进了茶壶。涌得皂水四溢
泛滥成灾。我提议。单是洗,
就在险盆里凑合了;  透水的时候
到狮泉河去。让河水这个天大的盆
把我们的军被冲涮一诤。
我们的营地距狮泉河不过百余米。不一会儿就到了。当我们兴高
采烈地把军被放到狮泉河里肘。立即发现失算了。狮泉河绝不是-个
温顺的女仆。它躁动肴,茌裘面上虚怀若谷的水波下,
掩藏肴湍",疲劳与虚弱,,,,
ku_pdfbook_43a4bdea,毕淑敏自选集 生命卷 西藏的故事.pdf,79-79,"原反应像重
量级的拳击手。亳不留情地击倒了他。第二天他就下山返回平原了。
但记者很忠于职守
就在高原的这仅有的
~天里。挣扎着看了一些单
位的黑板报。摘了一些作品昂带回去。我的小诗也在其中。回去以后,
别人的都没选中。只发了我的那
首::
我不知道自己随手涂抹的句子还有这样的经历。但幼时妈妈的教
育使我绝不大惊小怪。我设有看见自己的作品变成铅字的喜悦。只认
为这是一个巧合。不会再有第二个记者匆匆下山,下会再有人看上我
的小诗+
我继续专心地学习医学知识
一点也漤有因此想投稿搞创作什
么的。
当了几年兵。我回家探亲。我的父亲很郑重地同我谈到了那首诗 一
说他很高兴。
我从小是一个乖孩子。愿意使自","抑郁情绪, 自杀意念",high,,,
ku_pdfbook_24f07d58,毕淑敏自选集 生命卷 西藏的故事.pdf,80-80,"地盘
算好了
只需找
~块陡峻的峭壁实施自戕的方荼。不一会儿。地方选
好亍。那是一处很美丽的山崖
天像纯蓝墨水一样浓郁地蓝肴。有凝
然不动的苍鹰像图钉似的锲进苍天。这里的积雪比较薄。赭色的山岩
0bg
像礁石
~般浮出原(我知道要找
~块山石狰狞的地方下手。否则
叫厚
-垫。很可能功亏-赁 )
一切都策划好了 ,但是我遇到了最大的困难。我的脚不听我的指挥
想让右脚腾空。可是它紧紧地用脚趾抠住毛皮鞋底儿。鞋底儿粘在酷
褰的土地上。丝毫不肯像我计划前那样飞翔而起:
我转而命令左脚
它倒是抬起来了。可它不是向下滑动。而是挣扎着向上挪去 骨春
的肌体不服从我的死亡指令
各部分零件出于本能居然独自求生:","死亡焦虑, 存在性痛苦, 生命意义, 自杀意念, 告别与分离",,,,
ku_pdfbook_c5935fe5,毕淑敏自选集 生命卷 西藏的故事.pdf,81-81,"山风卷得谩无边际。
我为一个二十岁的班长换过尸衣。脱下被血染红的军装。请理他
口袋里的遗物。他兜里装着几块水果糖。纸都磨光了
糖块像一个个
斑驳的小乌龟。沾着他的血迹:
我一点都不害怕。因为我的兜里也
有和他
~样的水果糖。这件小小的物品使我觉得他是兄弟。
我们把他肚子上覆盖的铁磁碗取下来。碗里扣着的。是他流出的
肠子。敌人的子弹贳穿了他的胶腔
肠管已经娈得铁管一样坚硬。没
有办法再填回他的肚子里去了。
我们给他换上崭新的军装。把风纪扣严严实实地系好。除了他的
腰间因为流出的肠子。扎了皮带也显得有些臃肿。真是一个精干的小
战士呢。
趁人不注意。我在他的衣兜里又放上了几块水果糖。我不敢让别
人知","哀伤与丧失, 生命意义, 告别与分离, 灵性需求",,,,
ku_pdfbook_05834e0c,毕淑敏自选集 生命卷 西藏的故事.pdf,82-82,"审视。我到过
这个国家最偏远最荒凉的地方。在横贯整个中国的旅行中。我知逍了
它的富饶与贫瘠。我在妖娆的霓虹灯中行走。身旁会突然显现自茫茫
的雪原。在文明的喧哗与躁动之间。我倾听到遥远的酉部有
~座山在
虎啸龙吟:
我的父亲有一天对我说。我看你是可以写一点东酉的。你为什么
不写呢?
我的父亲是
~个很聪朋的人,而且在交学艺术方面有很好的天赋。
只是由于他们那一代人所处的环境,使他戎马一生,始终末能从事文学。
我从_的目光里吞到了期望。我决定
~试。
一个微茫的希望在远方磷火般地闪动。我想用我的笔。告诉世人
~些风景和故事。我想让我的父母惊喜。
于是在一个普通的日于。我铺开
~张洁自的纸。那是在深","生命意义, 灵性需求",,,,
ku_pdfbook_5e61f3d8,毕淑敏自选集 生命卷 西藏的故事.pdf,90-90,"
叶。于是人手一个小水桶般的茶缸。成天鳟在炉台上。煎出中药般浓
郁的茶汁。
哪天哨们下了山,喝用开水沏出来的茶。也许另是一番滋味
就像生苹果和熟苹果的味道是不一样的。
心里想的是信。我嘴上却
这么说。
游星不答话。她不喜欢我的故作轻松。
""信来啦!
有人在外面像报童
~祥高声呼唤。
我们腾地窜起;全然不顾高原_上不许贸然奔跑的禁令。
第一批信件中
我两封。游星一封。
我忙不迭地撕开信封。动作太匆忙。连着信瓤扯下一缕
风笋飘
带般耷拉着一目十行看下去。看着看着。眼泪就掉下来了
~妈妈病
了!急忙去乔信尾处的落款。是去年十二月的事。后来怎么样了?  我
亲爱的母亲到底是好些了还是更.
""加重了? ","预后不确定, 抑郁情绪, 告别与分离",,,,
ku_pdfbook_48b0e381,毕淑敏自选集 生命卷 西藏的故事.pdf,105-105,"细发。兀乎长到脊椎骨。要把它们提拢起来
统统塞进军帽,
揪得皮肉生疼。我想古代所谓的头悬粱
大约就是这个滋味。
高原之上。人无分男女, 所有的曲线都被棉衣抹平。只有头发在
昭示男女有别。
老协有道理。
近看洗澡车更像一辆囚车。只有一个门。窗户极小极高。四周完
全密闭。内设更衣室和淋裕间,还有附属的上下水设备和烧汽油的锅
炉。当然,最主要的是要有驾驶室。这样洗澡车只要开到有水源的地方,
发动3达抽水。点燃蔚蓝色火苗的汽油炉
就会有热水自喷嘴涌出。
这大概是全军海拔最高设备最好的浴室了。
半年享受一回
又能管多大用呢?  洗操车又很娇贵,一天不是这
坏就是那坏。一到战备紧张。先把洗澡车开到深山里掩",疲劳与虚弱,,,,
ku_pdfbook_c9c17c90,毕淑敏自选集 生命卷 西藏的故事.pdf,106-106,"用手抹去另外一块玻璃上的水气。踮起脚向外观察。
我认真判断了一下形势。其实我们挺安全的。窗户很高。一般人
没有两米以上的身材。绝窥不到我们。除非他像壁虎贴在墨绿色的车
厢外。光天化日之下。兀乎不可能。
游星被水贴在额头上的眉毛。猛然耸立起来:
'帆。你看!
我颤颤地凑过去。说实话。尽管从理论上讲是安全的。但在这种
没有任何衣物保护的情况下去观察有无男人
荐实令人惑惧。
洗澡车左边就是参谋们的宿舍。这是没有办祛的事。房屋是傍狮
泉河而建,冼澡车也必须择水而栖。
逍路空荡荡。偶尔有夹着卷宗的人走过
脚步匆匆,凛然正气,
绝没有驻足窥测的企图。
墼个营区酣睡般正常。
""芦花。你是不是看错了?
我问。",抑郁情绪,,,,
ku_pdfbook_dc11a150,毕淑敏自选集 生命卷 西藏的故事.pdf,108-108,"
你骟我。我会恨你一辈孑!
游垦把黑发垂下来。我们躲在她的黛发
后面。好像一顶油亮的帐篷。芦花听不见。
""什么事?  这么严重?
我想一定同那个夜晚来访的男人有关,
不由得抖擞精神,
'我一定如实说。
你收到过 有人给你写过 就是那种信吗?
游星突然结
巴起来。
嘿!我还以为是她的秘密。没想到是刺探我的秘密!
那种信。我们彼此都心照不宣。师里三令五申不许谈恋爱。老协
更是像猎狗一样灵敏。但总有胆大包天的军人。利用种种手段。表达
爱慕之情。我想每个女孩都收到过那种僖。大概以芦花最多。她是农
村出来的那些小千部理想的贤妻良母型的女人。有的人书法华丽
词
意高深。芦花摸不着头脑。还请教过我。但这种事","未竟事务, 抑郁情绪",,,,
ku_pdfbook_2cb525ca,毕淑敏自选集 生命卷 西藏的故事.pdf,113-113,"。喉管像被一只很柔软但是密不通风的手捂住。血脉急遽膨
胀。纤巧的身体变成庞然大物  其后才是玲。礼人心脾襄凝
~切的
冷水
充满了棉衣的每
-处缝隙。我们像高压锅的铅锤一样。打着旋
地向深远的河底遁去
求生的本能加上游星{后的呼唤。使我们拼命抗御地心的引力往
头顶的方向使劲
双手挥荡如狂风中的枯叶。指甲碰到什么。就像铁
钩一样抠迸去
企图悬挂住越来越蠢重的身躯 突然。仿佛是天助
神力。颠覆的小舟艰难但是顽强地脱离了芏航逍。天知逍这条野马般
的狮泉河亘古以来是否航行过一只船! 橡皮筏拖着我们;一寸寸锲而
不舍地拢向河岸。
终于。靠岸了!当我们重又踩到铺满鹅卵石的坚硬的土地时。双
膝一软。跪倒在地","呼吸困难, 疲劳与虚弱",,,,
ku_pdfbook_2e1cba77,毕淑敏自选集 生命卷 西藏的故事.pdf,117-117,"之中?
""其实游星并不像你们想象的那样。比如馋。她不过是爱挂在喘
边上。
""喂!你别老踉我谈游星好不好?  她就是公主。我也不想当驸马!
我只想同你谈谈你,谈谈我们!
孔博突然火了
肆无忌惮地朝我嚷。
""我们没有我们!
我也不甘示弱。
孔博真傻。男女之间的谈话。聂初绝对是从各自的朋友开始的。
他这种单刀苴入直取上将首级的战术
萁叫人接受不了。
菅区像一头蹲踞的野兽。已在前方出现。我们就是想言归于好,
也没有路程了。
老协干辛万苦把我们从冰河中救出,
目的就是让我们写检查
遍不成。再加工还不成。我基本沉得住气。芦花的检讨书己经被泪水
浸得像泡泡纱
老协还说不行。
看我的。
游星忍不住了
提笔以我",抑郁情绪,,,,
ku_pdfbook_f84d1f99,毕淑敏自选集 生命卷 西藏的故事.pdf,118-118,"机给大家的信号。
按规定。五分钟后。电灯就会熄灭。请大家准备好煤油灯或是蜡烛照明。
游星还没回来。门怎么办?
芦花问我。她胆子小。又睡在最
靠近门口的地方。每天入睡时
都把门口的警戒措施搞得十分复杂。
捅上门后。先在门前摆
~张凳子。若甚有人半夜闯入。推门之后就是
一声惊天动地的巨响。足以把沉睡中的我们惊醒。然后在靠近她床头
的地方再摆上脸盆。盆里注上快谥出来的水。这样闯入者就是有幸躲
过第一道防线。也会一脚踹进水盆。除了造成极大的苒响外。必定滑
个结结实实的大马趴。
我说过她:  怎么搞得像地逍战一样复杂! 虽说害怕黑暗是女孩子
们的通病,但像芦花这样近乎病态的怼惧,世很少见。游星干脆在背
","存在性痛苦, 抑郁情绪",,,,
ku_pdfbook_e46940c6,毕淑敏自选集 生命卷 西藏的故事.pdf,119-119,"?  这不是总后发的军装吗?
可惜老协只是很有些悲哀
地看着我。没说
~句话。
听说老协在乡下有个末婚斐
是穿上军装的第二天。父母给包办
的。农村有些很穷的小伙于。原来都是要打光棍的命了_
突然匠征入
伍。有姑娘的人家便把宝押了上来:  若是今后能在队伍上出息个军官
自己的姑娘也就能跳出去 _
弄个太太当了。若是干几年回来。女婿也
算是见过些世面。不会比土里刨食的更差。匆匆忙忙订的好事。待到
青年小伙真的套上四个兜的千部服,这种没有感情基础的婚姻便遇上
了地震。
~把扯敞亍
怕组织上从此对自己有看法。影响前程。凑合眷 ,
又觉得委屈。便一直拖着。
尽管老协自己的事挺挠头。对看守我们还是尽责尽职",未竟事务,,,,
ku_pdfbook_427958a5,毕淑敏自选集 生命卷 西藏的故事.pdf,123-124,"  你胙夫晚上想了些什么?  |惜到了这
个地步
是我们都不曾料到的。假如我胙夜拦住芦花。假如芦花安静
地睡着了。他们以后也还会去看高原的星星:
游星是不会叛国的。
我急急辩解。这是我此刻能为游星做的
件事。
我说你什么肘候才能老练起来?  那不过是个工作艺术嘛!不这
祥唬。她哪能老老实实说真话 !
我膛目结舌 !
周一帆。游星的事如何处理
~还得等待研究。这期闻。你不
上班了。也就是说。你的工作改为监护游星。干万不能出意外。
协理员。这事还是让别人干吧。比如芦花。
这是我第一次抗
拒命令。一个蓿舍的战友。突然成了看守与被看守的关系。对她对我
都是折磨。
""芦花说她不愿见游星。我已经把她调到别","照护负担, 抑郁情绪, 自杀意念",,,,
ku_pdfbook_1e5ad5d7,毕淑敏自选集 生命卷 西藏的故事.pdf,125-125,"了我以外。没有人知道游星的真实近况。她的桃红色故
事在传播中鸟烂发紫。不忍卒听。
我设法替游星辩解。她使我们女兵班蒙受了巨大的耻辱。大家都
忙不迭地洗自自己。好像早就看出游星是个淫荡女人。我难以自保,
何以保人。
我端着满满的饭碗。在男人目光的甬道中穿行。我感到那目光中
的荆棘和火焰。我无法设椹游星有一天当真走出那禁闭的小屋。该如
何在这剑戟般的目光中生存!
推开门。我有意让门扇敞眷。希望正午的日光带给我们温热。
早上的饭还摆在桌上。纹丝没动。我把中午饭又放上。游垦连吞
都不看。
游星
多少吃一点。你巳经兀天不吃饭了!
我好声劝她。
""不。
她极轻微但毫无商量余地地回答我。
自那个可怕的夜晚之","抑郁情绪, 自杀意念, 死亡焦虑",,,,
ku_pdfbook_51dbd0d3,毕淑敏自选集 生命卷 西藏的故事.pdf,126-126,"说罢
像吃药似的拔拉了几粒饭。
那个他。是谁?  她父亲吗?
不筐怎么样。游星开始吃饭了。这就好。
""班长。有人找你。
芦花怯怯地在远处喊我。
一对半红早己彻底解体。我并没有把芦花汇报这事告诉游星。芦
花却总是不廛见我们。
""你去吧。我不会自杀的。
游垦见我犹豫是否离开岗位。设身
处地为我肴想。
'帮我照看-下。
我对芦花说。
她端了个小板凳。呆坐在院干里。从敞开的门洞瞄着游星。
孔博像一株抖掉积雪的绿树。俏拔潇酒。我知道他不但斗胆脱亍
棉裤,趁眷正午,居然把棉衣也扒亍。""很精干呀!不过关节可要疼的。
我倩自说。
""疼了就请你打针。你打针一点也不疼。简直是享受!
'别胡说!再要贫嘴我以后像纳鞋","抑郁情绪, 自杀意念",,,,
ku_pdfbook_e718c5a5,毕淑敏自选集 生命卷 西藏的故事.pdf,127-127,"像台风中的风眼。过着异常平静的生活。且出而作 ,
日落而息。时间稀释了刻骨铭心的痛苦。游星略略恢复了一点生气。
'外面在忙什么呢?
她问我。
唯
~能够同她交谈的是我。老协曾冉三告诫于我。不能将战备之
事透露给游星。为什么?  我不知道。但游星是将门之女。战争除了是
种种极为细致严谨的准备工作之外,更是君临
切笼箪一切浸透一切
的气氛。它像
团浓重的铅色烟云,裹胁着全师随它旋转。游星用她
聪明的心感觉到了。
老协的命令不可违。我舍糊应道:
#可能是有什么行动吧!
你去跟领导说说,放我出去工作吧! 我一不会外逃,二不会自杀,
~定待侯处理。外面这么忙。咱们俩都这么闲着,多篱囊! 就是打仗,
世允",抑郁情绪,,,,
ku_pdfbook_48aeca7e,毕淑敏自选集 生命卷 西藏的故事.pdf,136-136,"同志犯亍这样严重的错误。我作为政治领
导
要负主要责任。
他态度真诚,悔恨之心谥于言表。因为女兵们
管理不善。他受到严厉批评。
""我们要纯洁队伍。教育同志。从此杜绝此类事件发生。
他的
语锋开始凌厉。
我吓了一跳:  这不分明暗示着要开除游星党籍吗?
我用眼去睃游星。她端端正正地坐着。像一根1塔,虽不断融化,
还撑得住架式。眼猜紧盯着
""重伤不哭""  的横幅。
其后。宣读亍当事人的检查交待材料。游星写得很简单。基本上
就是我笔录的那些。伍光辉则要复杂得多
而且记忆|分清楚。简直
叫人怀疑当初他与游星相奸肘
就椹到了坦自交待的这-天。
假如可能。我真要捂起耳朵。跑出这血腥的房间。我知逍这些话
像","未竟事务, 存在性痛苦, 抑郁情绪",,,,
ku_pdfbook_39fd1117,毕淑敏自选集 生命卷 西藏的故事.pdf,137-137,"的嘴巴。鼻孔。似乎还包括耳朵眼和眼皮下角。一齐冒出来。
又一声轻徽声响。是衣袖与军服下摆摩擦的动静。在死一般沉寂
的会场听来。竞像汽车轮胎紧急刹车肘刺耳。又一只胳膊举起来了。
它位置很低。但明自无误。
游星绝望地把头扭过来扭过去,好像一-条牛尾。在忙不迭地扑打
成群而来的牛虻:-
'她开始喘息。好像那些手都捂在她的口鼻。
阵声响。音量比刚才大许多。这是兀双手一齐举起。
游垦的嘴张成
个椭圆。有稀薄的口水挂在两唇之闻。好像在吹
肥皂泡。这神情很古怪,像个天真的孩子,突然不认识朝夕相处的人了。
咧!喇!
如林的臂膀举起来了。大家的愤怒终于找到了宣泄的锥形山口。
游星把头伏下亍。伏得那样低。直抵双膝",存在性痛苦,,,,
ku_pdfbook_a5365569,毕淑敏自选集 生命卷 西藏的故事.pdf,138-138,"前线指挥部。于傍晚抵达阿里高原师。从师长到
炊事员。都虎虎有生气。仿佛战争巳经打响。
大功率的天线}起来了。这是同北京直接联络的电台。手挟卷
宗的陌生隼人们出出进进。那是游司令随身的工作人员。增派了许
多流动岗哨,你会在最出奇不意的地方看到一逍闪光。那是上兵
亮的枪刺。
是旧地重游了。二十年前。作为解放阿里的先逍部队指挥员。他
曾叱咤雪山的风云。在军人的传说中。他像牦牛
~祥强悍。
其实。此刻的游司令员。正高垫枕头。面色瓦灰。扣着氧气面罩
神智不清地躺在前指司令部的
~张床上。
毕竞是岁月不饶人。严重的高山反应。像一排霞弹击中了他。
当然。这是绝密的军事情报。
出师末捷。先失主帅。此乃用兵之大","呼吸困难, 疲劳与虚弱, 医疗决策, 家属沟通, 照护负担",,,,
ku_pdfbook_8afc2a02,毕淑敏自选集 生命卷 西藏的故事.pdf,139-139,"。
'前指""  戒备森严
这所孤立的石砌房屋。每一间都亮着灯。人
影幢幢。因为游司令的到来。高原师将彻夜发电。
我身穿自色工作服,行进在长长的甬逍。我将看到一位威严的将
军
严酷的父亲。不懂得爱的丈夫
在随同人员引导下。我们进人一间小小的屋子。我惊讶极了。
屋内光线昏黄。从走廊强光下骤然入内,
~时难以适应。更觉幽暗。
~位骨骼粗大却很瘦削的老人。白发巷巷的头颅无力地倚在枕头垛上,
仿佛
团喘息的老刺猬。可怕的泡袜黏痰封闭了他的口鼻,
每--轮艰
难的呼吸之后。你都怀疑他还会不会再喘笫二口气!
高原把司令员凌迟亍
只剩一个苍老的躯壳。
片刻之后
眼睛颀酝了
我对这位从末谋过面的司令员。涌上亲
","呼吸困难, 疲劳与虚弱",,,,
ku_pdfbook_8cd51097,毕淑敏自选集 生命卷 西藏的故事.pdf,142-142,"。
我调皮地说。
""奸个机灵的小鬼! 可懵你是个女孩 ,不然可以提个作战参谋的。
游司令员说。
""首长可不要过一会睡肴了。
我打趣地说。
""怎么会?  从现在开始。我一直睁着眼腈。
司令员极认真地说。
我拔腿就往外跑。脚步声惊动了科长。他睡眼惺忪惊恐万状地问:
司令员出了什么危险?
什么危险也没有。他比原来好多啦!
我把我的计划告诉科长。
他揉着胸口说:
""只要司令员没问题,别的我不管。也许这是
~味心药。
你去吧。这边我来照料。
十三
窗户黑眷。游星大概睡者了。我拿不准她会对我的建议采取什么
态度。但我有把握说服她。
我轻轻走进屋
顸备到床边叫她。有月亮的夜晚。外面比屋里亮。
我看到
个黑色","家属沟通, 医疗决策",,,,
ku_pdfbook_30df62d6,毕淑敏自选集 生命卷 西藏的故事.pdf,146-146,"不放心地说。
""班长。我巳经可以自行活动了!
游垦坚持她的主意。
乔她想到哪里去了 !
我只好退回来。
""似小心点。
我说。
游星担肴水桶。用纤长的手指捏眷羸担钩与桶钩相搭的铁环处
轻轻地走了。
了。
雪片从云层直扑大地。像沉重的木屑。落在棉衣上。很黏。像半
漭化的砂糖。苍天很有耐心地用雪花把大地的皱纹抹平。安抚被狂风
搜刮得赤裸裸的高原。
雪把阿里装饰
~新。
等了一会儿。游星役回来。
又等了一会儿。游星还没回来
一担水。怎么会用这么长时间!
我觉得蹊跷。跑出去找她。远远地。看到水井处亮着
~道雪白的光柱。
待再往前走。看见那光柱毫不晃动。笔直地射向天空
竟像是从
井底发出来的。
井边整齐地","哀伤与丧失, 自杀意念",,,,
ku_pdfbook_650e516b,毕淑敏自选集 生命卷 西藏的故事.pdf,147-147,"才照过的小镜子。梳子上还留有她梳头时飘落的
干燥的发丝:
芦花趴在床前。哭得泪人一般。我却一滴泪都没有。
我总在固执地思索一个亳无意义的问题:  游星是先把手电筒亮眷
丢下去。还是于执手电筒扎下去的?
不管是哪种。游垦是在一团明亮的光明之中。走向那片幽静的水
域的。那里面有垦星。有月亮。有云彩
有雪花。有世界上最高的峰
峦和
股股奔涌而出来自地心的泉:+水是热的。
当她最初浴进澄清温暖的泉水肘
该感到水波像柔软的被子覆盖
过来。抵挡住了所有的风霜雨雪
像一块纯净的水晶。包裹着她到远方。
游星的头发渐渐干了。
正是黎明前最黑暗的时光。
老协用尺子昂了水桶的位置。并提醒几个人同时注意到这
~事实。","死亡焦虑, 哀伤与丧失, 告别与分离, 家属沟通",high,,,
ku_pdfbook_7f9b5e21,毕淑敏自选集 生命卷 西藏的故事.pdf,148-148,"紧张地注视着这一幕:  他原本就不同意司令员带病出发。再
加上这致命的一击。谁知会出什么事?
我也为老协捏了一把汗:  事情远比他所意识到的危险。游司令员
为等待爱女。几乎
~夜未眠。现在噩耗突然袭来
老协一句三停地报告了游星同志因工作肘不慎。失足落水牺牲 .
苗音申充满抑制不住的恐惧但他还是勇敢地说完了所有的话。等待
指示。
很静很静。我听见睫毛上的花融化成水肘有毒蛇般的嘶嘶声
游司令员当肘正准备匕吉普车。看到一个不认识的下缀军官拦住
去路。不禁十分诧异。他注意地听完老协的话。众目睽睽之下。他的
双腱明显地趔趄了一下,却很快挺直了身躯,显得比片刻之前更为高大。
他用让所有的人都听得见的声音说","死亡焦虑, 未竟事务, 哀伤与丧失, 灵性需求",,,,
ku_pdfbook_117c5851,毕淑敏自选集 生命卷 西藏的故事.pdf,165-166,"我用什么来写血书呀?
干涸的血字。使纸皱得厉害。面对转交
拉指
的一沓血书。郑
伟良写完了拉练方案的最后一个字。他丢下沉重的笔。
四周无人。他抽出肖玉莲的血书。把它贴在脸上。每个字都像火
似的烧苻他。
上吹;
起风了。等待中的机会来了。他用电话通知各单位司号员前来巢合。
还有短暂的余暇。他吞看表。打开半导体调出中央人民广播电台。
听到一句 ""朔凤吹""
他就拧了过去。然后戴上耳机,调到另一个波段。
'取金羊毛的英雄们。为了抵御酉连岛上怪鸟们极富诱惑力的
歌声。弹起了自己的基法拉琴。他们歌唱不畏风浪的航海家们。歌
唱正在等待他们胜利返航的家乡。
阿尔戈号' 终于驶过了危险的
酉连岛+
希腊神话连播","告别与分离, 哀伤与丧失",,,,
ku_pdfbook_14e5420a,毕淑敏自选集 生命卷 西藏的故事.pdf,170-170,"不远处穿黑皮鞋的卫
他当兵肘那卫兵肯定还没出世呢。己经在佯作不动声色地注视
他了。他记得自己忽然气馁起来,
觉得自己在昆仑山上至高无上的威
严一下子丧失了。他感到了自己的渺小。只有当他站在昆仑山上的时
侯。他才是高大的。军人有两种,做京官和戍边的。他和他的战士们,
自然是属于后一种。熏黑的肤色。粗糙的面皮。翻翘的指甲。使得他
们在衣冠楚楚的城里兵面前。狼狈不堪。而实际上。正是他们用自己
的胸膛
抵御了边境的风沙。想到城镇驻军拉练肘的葺态
竟感到了一种恶意的快乐。这次。看我们的吧。
他啪地一下按动了打火机。银白色的机身上有七颗闪闪的金星,
这是当年边境自卫反击战肘缴获的战利品。国际上有名的 :七","生命意义, 疲劳与虚弱, 疼痛管理",,,,
ku_pdfbook_7c98f501,毕淑敏自选集 生命卷 西藏的故事.pdf,174-174,"亦步亦趋。循
着先行者的足迹前进。祝且地面多积雪坑崔,倘每一步都自寻落脚点,
不知要平添多少风险。无奈中甘蜜蜜只有拉大步幅。扭腰送髋。勉力
支撑。猛然间金喜蹦一个留步
甘蜜蜜当的一声。与大铁锅的尖底又
撞个正肴。鼻子几乎挤扁,额头登肘肿起-包。
""往后传:
'跟上!
金喜蹰头也不回地丢过-句口令。紧接着
又是一次长久的停顿开始了。
半天身后毫无动静。金喜蹦以为是声小没听见。转过身去。瞅着
甘蜜蜜大吼了一声:
""往后传:  跟上!
甘蜜蜜狠狠地翮了金喜蹦一眼:
""传什么传!就不传!传有什么
用?  这会儿挤成一窝蜂;一颗手榴弹能炸死一个连! 待会跑得人能吐
血!跟上。跟上,
前面的人为什么不跟上","疲劳与虚弱, 抑郁情绪, 疼痛管理",,,,
ku_pdfbook_33a0ebee,毕淑敏自选集 生命卷 西藏的故事.pdf,175-175,",家里
穷得叮当响。偏偏妞妞妈又总害病。前几天,妞妞来信说她妈又病了
急等着用钱。一个战士,一个月能有几块钱?  金喜蹦是个孤儿。平日
又极俭省。但攒的钱早都寄绐妞妞妈治病了
这会儿,哪还有?  椹啊
想啊。终于叫他想出了一招:  卖东西!他可富着呢。当兵几年。逢年
过节发的糖。他一块没动过
原本想留荐当喜糖的。这会儿。顾不上
了。卖!每月按人发的水果罐头。他一筒没吃过
原也椹背回去。和
妞妞成亲时让乡亲们开开眼,山沟里的人,要不咋知逍世上还有菠萝 _
荔枝这号吃食。这会儿。也荬!  还真不错。卖出百十来块钱。抵过
年的津贴了。
""怎么样
我金喜躐还是有主意
吃了的没见长肉。我
这钱可能救急救","照护负担, 未竟事务, 抑郁情绪",,,,
ku_pdfbook_fc4206cc,毕淑敏自选集 生命卷 西藏的故事.pdf,179-179,":
""不要。我饱春呢。
""没想到号长除了会吹号。还会吹牛。不要。我可就倒了。
甘
蜜蜜说着,就要扣罐头盒。
李铁斜肴眼。并不去拦。甘蜜蜜呢,也终于没舍得扣。斗气归斗气,
半盒莱糊糊。此时此地实在宝贵。
""我要了。
李铁忽然娈得干脆起来。表面己经结了薄冰的黄绿
色泼体蠕动着。霉味好像谈薄了些。
'谁叫你喊他的。醮他那傲慢样。好像我们跟他要饭似的。
甘
蜜蜜埋怨着。
你设挨过饿。
不知道那滋味。
肖玉莲怔怔地说。不由自主地
想起「遥远的双亲。
""他也够讨厌的,多给打点不就完了。忆苦饭也不是什么好东酉!
甘蜜蜜又开始对金喜蹦忿忿然。
""他其实才可怜哪。有一回开会讨论副统帅的指示 ,他一慌,把 `枪
","生命意义, 哀伤与丧失, 抑郁情绪",,,,
ku_pdfbook_ecec29c6,毕淑敏自选集 生命卷 西藏的故事.pdf,185-185,"熊熊火焰之中。水壶发出轻微的爆裂声
墨绿色的漆皮一块块剥
落着。肖玉莲用脚踢眷水壶。追赶肴火焰燃烧最猛烈的地方。毛皮鞋
冒出一股股青烟,却并不烧起来。它的表面湿度极低。片刻之间烈焰
拿它也不会怎么样。
终于,油燃尽了。火苗悬空绽出几朵谈蓝色的小花,哆嗦着 ,熄灭了。
肖玉莲戴者皮于套。迫不及待地抓起水壶。用力荡了几下。寇寇
搴的水声清晰地传了出来。
有热水了!
肖玉莲扶起甘蜜蜜的头。拧开壶盖。壶嘴处的坚冰。融开了一个
细小的孔,
~股极细的涓流,滴了出来。渗进甘蜜蜜紧咬的牙关。
严襄进速地封闭眷出水孔。肖玉莲脱下手套。不肘用手指捅去刚
刚凝住的薄冰。
一小桶汽油 ,把亿万年前某一丛绿色植物从太","自杀意念, 存在性痛苦",,,,
ku_pdfbook_81057edb,毕淑敏自选集 生命卷 西藏的故事.pdf,186-186,"是哭泣。
金喜蹦走过来。把甘蜜蜜的背包。千粮袋。十字包。手枪。连同
空罐头盒。都背到自己身上。默默地向前走去。看不见他的身影。只
见-大堆物品在疾速移动。
甘蜜蜜禁住了声。她爬起来。木偶似的向前走去。
由于 ""一号  确实规定过。在任何懵况下不得用汽油取暖。因此
有的士兵跌倒之后。就再也没有爬起来。
进人山地了。
这是
~座奇异的山。它又高又陡,
山顶很小很平。这类山有一个
形象的名字。叫作
桌山
它是局部地壳水平上升的产物。山顶是
~层完整的极坚硬的岩石板。其边缘则像墙壁
~样陡峭。
队伍在山脚下进行短暂的休整
爬山的具体路线还末确定。地图
上的箭头是直楔过这座
'桌山"" 的。山体不算太大,","死亡焦虑, 哀伤与丧失",,,,
ku_pdfbook_18a5b6d1,毕淑敏自选集 生命卷 西藏的故事.pdf,189-189,"她又一次想
到了死。装作失手跌下山崖。谁也不会发觉的。可是。是松开这只啷
还是放开那只手呢?  她几次尝试着去做。手和脚都不眼从措挥。反而
更牢靠地攀紧了岩石。她抬头望望。高不见天。金喜蹦和他巨大的背
负物。像一座小山在移动。她看到了自己的背包
看到了横绑在背包
上方的干粮袋。干粮袋的一端_
有着许多方方正正的小凸块 :那是
妈妈寄来的耩。她鼻子一酸;打消了寻死的念头。循着金喜蹦的足迹,
爬啊。爬啊:
突然。眼前一亮;一片澄青的藏蓝出现在头顶。肃穆而辽阔。蹩
整-天。盘桓于人们视野的赭岩利冰雪。消失了!登顶成功了。
山顶风势很大,
面积极小。空气更为稀薄。但它仍绐人一种难以
名状的狂喜。群山匍","自杀意念, 抑郁情绪, 存在性痛苦, 生命意义",,,,
ku_pdfbook_d6d1ae53,毕淑敏自选集 生命卷 西藏的故事.pdf,192-192,"力。如此不可抗拒。指撵中枢
瘫痪了!队伍变得张皇失措。发出兕骂。骚乱像瘟疫一样蔓延。行进
的长蛇被斩作数段。各以其不同的频率扭曲着。痉挛着。
""-号"" 透过黑暗。感受到了这严峻的形势。黑暗夺去了他的干
军万马,他能指撵的只有面前这一个号兵。""一号""沉思着 ,极端地诊静。
作为号长
李铁巳经出色地完成了任务。但号令并漤有传出。
""李铁。
他招呼着。声音平缓。
李铁走近来。不是命令的呼唤。使他感到亲切。又有些莫名的紧张。
'现在,你的号音,就是昆仑山上的 `一号'了。司令员轻松地说。
眼前涣散的军情
好像与他亳无干系。
受命于危难之际。李铁觉得泰山一样的分量坠于小小的军号之上。
他的手。无力地垂下","死亡焦虑, 告别与分离, 生命意义",,,,
ku_pdfbook_726702a2,毕淑敏自选集 生命卷 西藏的故事.pdf,209-209,"罐头
盒凑过来
里面盛肴或多或少的面糊和米汤。
别哭别哭。你要是早点儿扣就好了。大家剩得还多些
医
生开着玩笑。
甘蜜蜜不理会。眼泪顺颊涌流。
'蜜蜜。眼泪也是水啊,
肖玉莲说,
我不吃了。你快把那盒
喝了吧!
甘蜜蜜不听她的。将另一盘夹生的稀饭分作两份。把多一点儿的
捧给肖玉莲。
肖玉莲不再推辞
一口气将上面的稀汤喝完。把盒放在沙地上,
谈谈地说道:
'我实在是吃不了。你倒了算了。
然后,合拢了眼皮睡觉
任凭甘蜜蜜说什么。她都再不开腔。直到巢合号响。甘蜜蜜才将剩余
部分喝了。
无人区在短暂的惊愕之后。开始了疯狂的报复。飓风挟着谩天黄
沙滚滚而来。砂石填平了人的耳轮。眼窝。头发的每一根缝隙_
","死亡焦虑, 哀伤与丧失, 疲劳与虚弱",,,,
ku_pdfbook_eabd76c8,毕淑敏自选集 生命卷 西藏的故事.pdf,210-210,"负载。伏在它的耳边说了句什么,自马顺从地
卧下了。冰凉的沙地使它打了一个寒颤。
""一号""  拿过一条背包带将它的后腿绑在一起。又用一条背包
带。将它的前腿绑在-起。白马似乎意识到亍某种危险。惊恐地看着
一号
#它仍一动末动。
""一号""  又用一根粗壮的绳子绕在马颈匕,把两头递给几个高犬
的战上。交代道:
""如果它不动。就不要.
劫
最后-个字说得
十分困难。
一号""  伸出手。像往日赞赏白马时一样。拍拍它那有着一块菱
形黑色图案的脑门。然后。用手指轻轻合匕白马美丽的有肴长长睫毛
眼睛。
自马无声地躺在那里。除了它的腹部像风箱似的紧张起伏外。安
静得像失去了知觉。
郑伟良拿起匕首要上,
""一号""","存在性痛苦, 生命意义, 告别与分离, 哀伤与丧失, 医疗决策",,,,
ku_pdfbook_97a57749,毕淑敏自选集 生命卷 西藏的故事.pdf,217-217,"出昆仑防区。我希望你能阻止
这件事。我不想离开昆仑山。
甘蜜蜜表情郑重严肃。
""一号""  收敛起笑容。他不再把眼前这姑娘当作小孩子了。这是
一个真正的战士。血管里和他一样涌动着军人的血液。他庄重地点了
'第二件事。请求您将郑伟良和肖玉莲的陵墓靠在一起。他们相
爱巳经很久了。
""一号""
""噢""了一声。停「一会他小地问道:
""那么肖玉莲。
是干部吗?
""不是。
甘蜜蜜敏锐地感觉到这问话的含意。急急辩解者,
她
是因为人不了党。才提不成干的。现在。追认她为党员了。可干部没
有追认的呀。
'笫三件呢?
""一号""不愿当面伤这小姑娘的心,另起了一个话题。
甘蜜蜜还想说什么。可这第三件事。更加牵动她的心神:","未竟事务, 告别与分离, 哀伤与丧失, 死亡焦虑",,,,
ku_pdfbook_d68474b2,毕淑敏自选集 生命卷 西藏的故事.pdf,221-222,"
更重要的是,一旦超过预定肘间。牟辆仍末抵达。他们就应出去寻找。
山高路险。什么意外都可能发生。
大就要封山,巳经好多天没有车辆匕山了。真叫人不可思议。
路极险。平原还只是初秋。上山的路却巳孙雕玉琢。
封山是个可怕的字眼。它薏味眷昆仑山要同人世闻分脔相当长的
一段肘闻。成为一座飘浮在半空中的独立丐囤。尽管那人世并不怎么
美好。正为派性打得一塌糊涂。
开轿车的小个子司机。蜷眷鼾子
裹在毛色污浊的皮大衣里。像
一粒久经风霜的蛹。千干瘪而结实。他目不转睛地盯着路面。好像不是
开肴缠有防滑链的牟轮碾过去
而是把积满孙凌的路咽进肚子。
路面银亮锒亮。庞大的轿车驶过。竟不留一
~丝痕迹。车轮像穿
了溜冰鞋",呼吸困难,high,,,
ku_pdfbook_ddf589e7,毕淑敏自选集 生命卷 西藏的故事.pdf,225-225,"响起一种奇怪的声音。它请脆得像玻璃折断。刺律人一阵
阵心痛。这是朱端阳在哭。大声地毫无顾忌地痈哭。也很有韵致。恍
忽听来。竟很像是放浪的笑。
幸存的女孩子们。抱成一团哭起来。她们全然忘记了自己是女兵。
周围山谷发出轰轰的回响。
十几岁女孩子的眼泪。是一种奇怪的东西。所有的怯懦畏缩以至
恐惧
都能溶解在那咸而苦的液体中,随着痛彻肺腑的哭泣。汇进昆
仑山水恒的冰雪之中。
车上的男人们。默默地注视耆同他们一起经历了死亡地狱的女孩
子们。不知道该说什么好。他们是搭车的,多是困故探亲超假或是刚
出院的战士。
女兵们断续地停止了哭泣。聚光灯一样。把目光指向她们的班长。
噢!我还是班长呢!朱端阳悚然一惊。这","哀伤与丧失, 抑郁情绪",,,,
ku_pdfbook_3cf176b3,毕淑敏自选集 生命卷 西藏的故事.pdf,230-230,"选方
式。当这-切就要结束。他即将卸去良心上的一份重负时。竟半路杀
出这样一个调皮捣蛋的兵,还是个女兵!如今 ,怎么办呢?  批谁她去吧,
等待她的不知是怎样的命运。尚未远去的柔肠百结叉在连长心中蠢动
起来。不让她去吧。今天的一切。将像蚀刻一样。印入这一百二十名
女兵的脑海。眼下她们当然什么都还不知道。但是她们马上就会知道。
到了晚上。她们会躺在床上,将前后穿成
幅完蹩的画面。然后。直
到多少年后。她们还会回想起这一腱。会从中嗅到他曾教给过她们的
软弱与退缩。不! 这不行! 无论前途多么险阻莫测。他作为一个新兵
最先接触的指挥官
只能教给她们不可阻挡的气概! 想到这里
强悍
的新兵连长。嘉许地","告别与分离, 生命意义",,,,
ku_pdfbook_825b0783,毕淑敏自选集 生命卷 西藏的故事.pdf,231-231,"端阳同志为这个班的班长。当然。这只是
临时性的。正式任命将由昆仑骑兵支队作出。
朱端阳兴奋得满脸通红。像一颗光洁诱人的红杏。弹指之间。她
的命运竟发生了这么多变化,而且还都是靠自己争取来的! 她原以为
出列是去参加
项什么活动或是出一趟公差坳务呢!巨大的光荣和责
任。像降落伞一样罩在她头上。她飘飘忽忽地好像要飞起来。
我们的女兵班长并没有陶醉在个人幸福之中。她想到的第一件事
是快快跑回蓿舍。趴在床上写封信。把这个消息告诉妈妈!
昆仑支队的领导。对历尽劫难的女兵。表现出极度的衿淡。她们
有吃的 ,有喝的,住在卫生科,就是不安排她们工作。女孩子们浑然不觉,
以为这是对她们的关怀照顾。每天兴致勃勃地",家属沟通,low,,,
ku_pdfbook_952cf194,毕淑敏自选集 生命卷 西藏的故事.pdf,239-239,"差。徐
~鸣像古代木匠师傅带徒弟
~样。
~招-式地教朱端阳技术。很是认真。
凭心而论。他是个妤老师。但朱端阳总有一种战战兢兢的感觉。除了
工作上的事。徐一鸣从不与她多说一句话。每天淆晨,当她踌人化验
室开始上班。她的桌孑上巳经摊开一本书。翻开处就是今天要讲迷的
内窄。徐
~鸣讲课的方式很古怪。他下是面向朱端阳。而是背对肴她,
坐在窗下自己的铁制办公桌前。那种桌子很凉很滑。不好用。但昆仑
山部队因铁桌可折叠。易运输,都使用这种菅具。朱端阴面对着徐一
鸣的后脑勺听课。如果有病人走进来要求化验。会吞到化验员和他年
轻的女助手。
一顺溜坐在各自的桌前。距离相当远
像教室里第一排
同最后一排的学生。至",疲劳与虚弱,,,,
ku_pdfbook_725b8f67,毕淑敏自选集 生命卷 西藏的故事.pdf,240-240,"方。蒸馒头的热气。爆葱
花时的油烟 
都令人不由自主地想起家,
想起妈妈。
炊事班长安门栓正在修理汽油炉子。昆仑山上燃料奇缺。除了取
暖用焦炭外。儆饭烧水
~律用汽油。这玩艺摆弄起来。有时是很危险的。
你离远些。我要点火蒸馍了。
安门栓抬起他因为小肘候缺钙
而四棱见角的大脑袋
看也不看朱端阻。好像自己同自己说话。
周围没有第三个人。朱端阳顺从地退后一步。
轰的一声。汽油炉子像爆炸似的燃烧起来
庞大的立式高压锅被
辉映得通红。锅盖上一道道旋紧的螺栓。像一只只瞥觉竖起的耳朵。
压力表匕的红色指针。缓慢地开始移动。
朱端阳真没想到,每天吃下去的馒头,竟是这么惊险地制造出来的。
复杂得似乎比学化验还难",生命意义,,,,
ku_pdfbook_b4e90578,毕淑敏自选集 生命卷 西藏的故事.pdf,247-247,"是上下山的司机怕车在路上抛锚
拿些去当干粮。刚才朱端阳装了
蒜就跑。安门栓没功夫给她交待。
""你拢共吃下去多少?
安门栓蹲下去问。
""只吃]
~盒还觉得少?  那是三人一个战斗组的定量。泡开来。是满满
桶!安门栓真想揍这馋喘的女人一顿。其实那-
盒饼干。在不明底细
的人乔来。实在算不得很多。
喝了水吗?
安门栓还报着一线希堇。
""喝了:。好几杯:
朱端阴已是两眼翻自。
完了!这种像云母岩一祥,
可以分离出无数夹层的压缩饼干。是
切不可以干吃的。进人体内一旦吸人水分,就会以惊人的遵度膨胀开来
直到将人的肠胃胀裂。朱端阳此刻的痛苦。还只是刚刚发作。更危险
的情形还在后面呢!
""这可咋办呢?  对!",恶心呕吐,,,,
ku_pdfbook_0ce37dd5,毕淑敏自选集 生命卷 西藏的故事.pdf,251-251,"常用的人粪尿
只是那样一来,
纵是不倒伏「
可也不
能观赏了。
""化验室内难道还缺肥料吗?
徐
-鸱果然这样说。正好一个病
人送来了犬便标本。
朱端附独自绐病人化验。赌气不理她师傅。这不是明明想害她的
蒜苗吗!
'给。这是尿索。高级肥料。不过千万不可放多了。
徐一鸣从
试剂架上取出一个药瓶。又补了一句:
可惜我这是
分析纯'  等级
的试药。
朱端阳开了:  师傅并不像外表上那么泠漠无情。
七
春节快到了
可诅咒的节月啊! 自从封山断路之后,昆仑骑兵支队的所有将士,
便再也接不到家人的片音只字。游子们像断线的风筝
思念之情像昆
仑山的孙雪一样日益加厚。过年的气氛炉火一样炙烤着人们。冰衿的
思念","告别与分离, 抑郁情绪",,,,
ku_pdfbook_22530d8c,毕淑敏自选集 生命卷 西藏的故事.pdf,252-252,"手一指。学春安门栓
的腔调。
鬼女亍!
安门栓虽说自觉着还是那搭的白些。仍将朱端阳挑中的那袋面挽
上个记号。浮搁在一旁
预备年三十刖。
脱水莱。你说绵软些好呢。还是嫩生些的好?
安门栓又回过
头征询。
脱水莱脱水莱! 一年四季吃脱水莱!  我讨厌脱水莱!  软的硬的
都不吃!再吃下去。人都要娈成脱水莱了 !
刚才还好好的。
一提起
吃莱。朱端阳突然爆发了。
有什么办祛呢?  什么菜都没有。脱水莱还要算好东酉呢! 脱水菜
是个谜。好端端的青菜。根荃叶都在。单单失去了水,
就变成了另外
的东西。你还给它水。甚至比它失去的还要多
脱水莱却再也不会复
活为青莱了。好像有什么糈灵。鲜莱的灵魂。随着水漂走","抑郁情绪, 死亡焦虑, 存在性痛苦",,,,
ku_pdfbook_a2bc6315,毕淑敏自选集 生命卷 西藏的故事.pdf,253-253,"把。
~时间。炊事班里竟是从末有过的红火。
人们都在拼命找话说。不让别人安静
也不让自己安静。大家都
在逃避瘟疫似的。逃避一
个人独处的机会。
当朱端阳疲惫地推开蓿舍门,这机会猝不及防地降临了
清洁整
齐的女兵蓿舍内没有一个人,
显得空旷而荒凉。这是女兵们离开父母
后。过的笫一个春节。裒镇把她们请到科部包饺子去了。昏黄的灯光
下。只有朱端阳和她小小的影子。紧接着
她又发现
~件意想不到的
祸事:  白瓷治疗盘内碧青的蒜苗。被人齐根剪掉。残端沁出一粒粒辛
辣微带绿色的水珠
朱端阴立刻憩到了这是谁干的。她冲出房门。急匆匆地朝炊事班
赶去。
夜。真黑呀! 没有风。没有雪。没有星星和月亮。昆仑山庞大黝","存在性痛苦, 哀伤与丧失, 抑郁情绪",,,,
ku_pdfbook_fb0fcb14,毕淑敏自选集 生命卷 西藏的故事.pdf,260-260,"浆:
""尤参谋。请
看好。这是你的血液标本。
他拿者试管对者阳光晃了晃。血色纯
正而鲜红。然后不慌不忙地走到污物桶前。踩动脚开关。将试管丢
了进去。
你你怎么能这样对待工作!
年轻的机要参谋倒不是吝惜
他的血。觉得人格受到了蔑视。愤慨地质问道。
""我正是为了能够安安静静地工作。
徐
-鸣衿漠地望着他。
尤天雷快速思忖着:  化验员为何对我发这样大的火?  难逍真是为
了替炊平班长抱不平吗?  噢!对了
这是为了达到自己的目的! 他暗
暗抱怨自己的粗心大意。他长期以来忽视了这个最潜在的敌手。化验
员凭借天肘。地利。人和。具有优越的竞争条件。随着肘间的推移
这种危险棼必不断加大。自己每次进化验室。",未竟事务,,,,
ku_pdfbook_674a1dfc,毕淑敏自选集 生命卷 西藏的故事.pdf,262-263,"的胡须毛碜碜地
纠结在-起
黑眼珠洞穴般地在其深处闪着幽隋的光。斜披一件用黑
耗牛线连缀起的皮衣。脚下是整张羊皮卷成的筒靴。不知道他是从哪
里来。看得出他要到哪里去。他双手合掌
念念有词,目光缥缈地注
仑山
视着极远的卷穹。在那里。有一座边民们传说的圣山。
老人指揞自己。指措军人们。最后指向他赶的羊群。
羊群毛色污浊。看得出跋涉过很远的路。羊犄角上挂着沉甸甸的
羊毛小袋子 -
压得羊直不起头。使这种常见的动物显得陌生。
老人见大家围向他。索性做了一个用手掌砍脖子的动作。这更叫
人莫名其妙:  不知是他要杀人,
还是人要杀他。或是他要自杀。
尤天雷把他的话翻过来。
请解放大军买一些他的羊杀了吃。","灵性需求, 文化敏感性, 告别与分离",,,,
ku_pdfbook_489f3e83,毕淑敏自选集 生命卷 西藏的故事.pdf,274-274,"濒临报
废边缘的罐头。给予人体的伤害。是很痛苦的。朱端阳每逢看到罐头
都想把它们偷着扔出去儿筒。简直像些定时炸弹。谁知其中的哪一颗
会在哪一
-瞬突然要了徐
~鸣的命。
""让我也试试吧!
她近乎哀求。
""下成。
徐一鸣断然拒绝。
朱端阳只有为他暗中祈祷。
'肉毒杆菌主要滋生于罐头食品之中。毒性极强。百万分之一克
毒素
即可致人死亡
朱端阳吞到书上这段话。立刻感到徐
鸣面临肴巨大的危险。扔
下书就往化验室跑。
那是
~筒非常丑陋的罐头。外裘糊满红锈。从中段折成近乎断裂
的直角。却并没有断裂。像一支畸形的断臂。非常不舒服地弯曲肴。
徐一鸣吃的肘候。眉头皱得格外紧。也许那里正生长着这种比原子弹
还夔","死亡焦虑, 家属沟通",,,,
ku_pdfbook_6e1c2243,毕淑敏自选集 生命卷 西藏的故事.pdf,277-277,"是最轻的了。若是脊榷骨被摔断了。闹个一等甲级残废。可就几
乎算革命到底了。
她央告徐
~鸣:
""能让马跪下吗?  要不。我去搬个凳踩着。
徐
-鸣的脸色变得严峻而衿酷起来。搬个凳?  你以为军马是骆驼
吗?他看都不看朱端阳低声喝道:
""闪开!
将皮大衣的前襟往腰两
侧专为骑兵定制的挂钩上一别,翩身就要上马。一个军人,即使是女兵
也绝不应该在关键时刻怯懦。
朱端阳从蔑视中受到刺激。气像暴风-祥骤然而至。她抢先跨
出一步。粗售地推开徐
""鸣。困病而衰弱不堪的徐
鸣几乎扑倒。顾
不上心疼。朱端阳挽缰纫蹬。飞身上马。栗色马像听到起跑的枪响,
朱端阳尚末落鞍。战马的嘶鸣还在耳际回荡。粟色的闪电己消失在人",生命意义,,,,
ku_pdfbook_f1cb9daa,毕淑敏自选集 生命卷 西藏的故事.pdf,282-282,"次。像一-个讳疾忌医的病人。直
到这e入胥盲的一刻。她才承认自己是爱上徐-鸣了。
她有些害怕。原以为爱情是
~件很遥远的事情。或者说。由于一
次次的凤波。她以为自己己经很知道其中的奥妙了。其实一次次的
呼喊 ""狼来了""
到真正的狼来时。她不过是个骗人的孩干。
怎么办呢?
好办极了。只要煎熬过这最后的十几个小时。徐一鸣一走。事情
就永远地结束了。徐一鸣将回去结婿。他已从组织上开好了结婚证明。
没有任何人知逍她的心事。包括鼻子像警犬一样灵敏的科长。
朱端阳那颗年轻的心,却不驯服地抗争着。她觉得种种清规戒律
像紧身衣一样。束缚得她喘不过气来。什么战士不谁谈恋爱!我不会
永远是战士。我却会永远爱一个人","未竟事务, 告别与分离",,,,
ku_pdfbook_c42b0498,毕淑敏自选集 生命卷 西藏的故事.pdf,284-284,"徒弟,好像那碎屑于自己无干。
朱端阳热切地期待着。徐一
~鸣该有所反应。她的思绪飞快地飘忽者:
服役期满后。她就可以在太阳底下公布自己的爱情:
徐
~鸣缓缓地从贴身的衬衣袋里。又摸出一张纸。那是又一张
模-样的政治机关出具的结婚证明。关山阻隘。路遥途远。为防路上
丢失;摧备结婚的军人们多有备份。
朱端阳抖抖嗦嗦地将备用证明又抢在手里。
如粜你撕了。我还可以去开。
徐
~鸣泠谈的话诸。最后打碎
了她的希望。
""事情还来得及
她几乎抑制不住心中的悲愤怨艾。
""不来不及
徐
鸣痛苦地咬住嘴屑。他那道理智的闸
就要崩溃。
为什么。你这样无情?
朱端阳愤懑起来。
""有什么能阻碍我
们相爱?  是那道泠醅","告别与分离, 哀伤与丧失, 抑郁情绪",,,,
ku_pdfbook_236c0e0e,毕淑敏自选集 生命卷 西藏的故事.pdf,290-290,"军医们。务必保管好自己的枪支弹药。若安
门栓窃走武器。回家惹出事端
谁丢了枪。谁负责。这种事。以前有过。
深谍远虑的卫生科长。这一次失误了。安门栓很镇定。儆饭炒莱 ,
身不动膀不摇。掌勺的手丝毫不颤。
朱端阳不知该对安门栓说什么才好。只得回避。不巧还是碰上了。
她有幸去炊事班。
屋里杯盘狼藉。弥谩眷苦辣的烟雾。
安门栓两眼通红。他那从小看惯黄士。老牛。破窑而移动很慢的
眼球。显出异样的灵活。
身为炊事班长,
安门栓平月极检点。从不单独开灶。祝且军菅内
严禁饮褶。今天这是怎么了?
朱端阳扭身要走。
""你也看不起我 :因为我儿子
朱端阳站住了。她不能走。
""嘻嘻..不该庆祝吗.儿子.
白白胖胖的大","哀伤与丧失, 存在性痛苦",,,,
ku_pdfbook_b8b7a16a,毕淑敏自选集 生命卷 西藏的故事.pdf,309-309,"就向耳根方向咧去,一个春风荡漾的笑容就出现在被高原的紫外
线熏成酱色的脸庞上。
在一-旁行走的高羔孑看到了田久麦暖睐的笑容。莫名其妙。他还
不知道小柔。如果田久麦在啃所待的时间更久之后。这种情况就不会
出现了。哨所是没有秘密的。连同那些最隐私的事情。都会被晾晒在
高原的太阳下。与人分享。极端的孤独和恐惧。会让人们把以往生活
中所有美好的东酉反复咀嚼。直到成为没有
~丝水分的渣滓。
不知道小柔的高羔子,就把田久麦的笑容和野战医院的三个女护
上联系到了一起。这种联想让高羔子升起恼怒。同在高原。这小子不
但看到了女人。还和她们说过话!而他高羔子。连从头顶飞过的秃鹰
都是公的!诎然而生的恼火使他发出了",抑郁情绪,,,,
ku_pdfbook_415f6f27,毕淑敏自选集 生命卷 西藏的故事.pdf,309-310,"员。卫生员是要抢救伤病员的。你不背他们,
他们就会冻死在山上。你要练习! 让你背我 ,是你的福气。我才多少斤?
要是司务长伤了,才有你好看 !
司务长是一个大胖子。按说在高原上是泼有胖子的。但司务长是
是更
一个例外。司务长就在仓库里睡觉。哨兵说司务长半夜里梦游都吃压
缩饼干。
田久麦听到班长提了司务长
田久麦就蹲了下来。是的。他是一
个卫生员
卫生员上战场是要背伤员的。如果平附不练习
到了真刀
真枪的肘候。他就没法背得好。高羔子很高兴。他终于找到了报复这
个新兵的机会
让他再那样春凤得意地笑!
高羔子趴到了田久麦的背上。如果有人看到他们,肯定会感到滑稽。
好像是一只绿色的熊身上攀了一只猴孑。","疲劳与虚弱, 呼吸困难, 照护负担",,,,
ku_pdfbook_a7cb9a7a,毕淑敏自选集 生命卷 西藏的故事.pdf,311-311,"很没有立场,
靠近什么物体就沾染上什么味道。谄媚得像一个小人。最好闻的味道
是空气中氧气的味道。有一点淡谈的鱼腥。类似溪水被蛸蜓点破所散
发的气息。碳酸气有腐败的味道。好像霉雨中发酵的蓑衣。总而言之,
高原缺氧的空气是不结实的。它虚空脆弱
好像是气体中的杂粮。体
积够人的,但提供的能量不足。
路越来越难走了。田久麦虽说身材高大,
但负重过多。又背着
高羔子这样一个活物。趑来趱艰难。他呼吸急促。喉头发咸,血液
中的盐分析了出来
糊在嗓子眼。背上传来了高羔子轻徽的鼾声
这个家伙
居然睡着了!田久麦又恨又气。很想把背上的这个猴子
样的家伙扔下悬崖。当然了。这只是想象而已
但这种椹象让他觉
得高兴。无","呼吸困难, 疲劳与虚弱, 照护负担",,,,
ku_pdfbook_0b5a3b6c,毕淑敏自选集 生命卷 预约死亡.pdf,15-15,"就又
要喝。见了卖茶水的就走不动步了。就是那种
毛钱
~杯的摊儿。她
说渴。我给她一块钱。说喝完了
再买根冰棍吃。她丈蹦丈跳地走
了。一会儿回来了。我说冰棍这么快就吃完了。留神拉肚子。她说根
00 /
本就没买冰棍。全喝了水了。我就去找荬水的老头。说你们可不能欺
负小孩。那老头正往杯子里续水,说不定是谁欺负谁呢!从来就没有
见过这么能喝的孩子。把我这一溜杯子里的凉自开都喝完了,我没有
找你们多要钱。就不错了。
那个后来的男人在暗影里走动起来。
""哎!我说你们到底是还要几块酱豆腐啊?
小姑娘叫起来。她
怕那个男顾客走了。
'还要:
没等乔先竹说完那个苍老的男人打断了她的话,
'你说的可都
是真的","家属沟通, 未竟事务",,,,
ku_pdfbook_9fa65194,毕淑敏自选集 生命卷 预约死亡.pdf,16-16,"觉得有一-种
危险正从那个男人的花自头发上飞翔过来。
我问你的是肘间。
那个男人严厉地重复。
""好像有两个月的工夫了吧?  不对。有小半年了吧?
乔先竹求
援地看了看司徒大妈。明知老太太什么世不明自。
她突然生起自己的气来了。他是什么人?  凭什么拦住自己。在这
里没完没了地盘问人?  疙瘠汤快儆不成了!为什么要踉他嘤唆!乔先
竹转身要走。
""我是医生。您的孩子得了病。很重。你可以到这儿来找我。
巷
老的男人告诉了乔先竹
家医院的地址
这在附近要算条件最好的了。
""尽快带她来。我姓袁。
男人说。
那块鸽血红的酱豆腐砸在地上。
""他膳说!没事找事!吃饱亍撑的!
老姜说。
乔先竹是在家属区以外的路","家属沟通, 医疗决策",,,,
ku_pdfbook_eb6fdfd3,毕淑敏自选集 生命卷 预约死亡.pdf,23-23,"?  脑子里的每
~块都是非常重要的。除
非是哑区一
'哑区不就成了哑巴了吗?
老姜积极地插噶。其实他是不该打
岔的。但他憩显出对大夫的讲解都心领神会。希望执掌孩亍命运的医
生能对自己说得再详细一点。
没想到袁犬夫火亍:
#谁说哑区不好?  要是瘤子长在哑区,
切
掉就是了。危险要小得多!为什么叫它哑区。就是有它设它一个样。
你家孩子的瘤子长得不是地方。如某把瘤子切除。就像从湿地里把一
个萝卜拔出来
要拖出-大砣泥。那都是人的生命中枢。肿瘤被切除
了。人的生命也就在那
瞬同肘停止了。
迄今为止。袁大夫说的都是丧气话。但这并不妨碍他千方百计地
寻找救治孩于的方祛。他从不在病人那里停留太长的时间,","未竟事务, 预后不确定, 告别与分离, 家属沟通, 医疗决策",,,,
ku_pdfbook_aa6e9bf7,毕淑敏自选集 生命卷 预约死亡.pdf,25-25,"。当厄运像洪水般袭来的时候,
女人们就挺身而出了。笨重的东酉都被淹没了,只有那些平日里轻飘
飘的物体,颃强地在浑水之匕浮动。
护士们开始紧张地救治。
""我要去找他!
""找谁?
乔先竹抱肴丈夫。
01y
'找那个像巫师神汊一样的大夫。他什么都知道。病要娈成什么
样
他早就心里明镜似的。可他就是不给治呀!愣是他把我们孩子给
拖成这样的啊! 我要找他去! 跟他算账!和他拼命!孩子不活了。我
世下话了
他也甭想活!
乔先竹抱眷丈夫声嘶力竭地对护士喊:
'你们给他也打一支镇静
药吧!让他也睡过去吧!求求你们了 !
孩子睡了
丈夫也睡了
刚才狂躁
~团的病房
现在宁馨静谧。
要是永远这样沉寂。多么好啊!乔","死亡焦虑, 存在性痛苦, 告别与分离, 哀伤与丧失, 家属沟通",,,,
ku_pdfbook_37dac68f,毕淑敏自选集 生命卷 预约死亡.pdf,29-29,"。
乔先竹使劲揪住袁大夫。她的指甲长时间没剪。把袁大夫的白大
褂柚子劐断了。
医学做不到那一步。即使做到了
那个人是你呢? 还是你的孩
子?  人之所以存在。所以你就是你。而不是其他的什么人。就因为头
颅是不一祥的。将来有一天。医学发展到『那一天。也不会做这种幸
的。
袁大夫想把袖子抽出莱。
你休想走!
""你要怎么样?  你!
袁大夫难得地吃惊了
'既然你治不活她,你就把她治死吧!犬夫,这是我坡后一次求
你了。她这么活着太受罪了。我看着她受罪我又代替不了她。我又不
能不看。要不你就把我的眼睛治膳了吧。医生
你给她吃点药。你让
她平平安安走了吧。可是你别告诉我!你就骟我一回吧!你让我在她
前头死","死亡焦虑, 家属沟通, 医疗决策, 抑郁情绪, 儿童安宁",,,,
ku_pdfbook_92faa5cb,毕淑敏自选集 生命卷 预约死亡.pdf,46-46,"是凶猛的海蜇。男人的蜂群像干军万马杀将过
来。圆圆的卵子像海洋里的救生圈。在汹涌波涛间起伏。唯有一只蜜
蜂钻「进去
它用泥巴封了洞口。和那个眼腈似的卵子作成一个蛹,
在里面慢慢地孵啊孵。一直要等十个月
女人的感受掺杂了贫乏的科学知识。当她像)单子一样铺在男人
的身下时,她感到亍一种创造。
女儿的脸会突然在最意堪不到的地疔出现。比如刷碗后碗底剩下
的那一小洼水里。比如打碎了的暖壶内胆上 她就对她说:
""你别
急
我就要把你造出来了。我们就会有一个和你一模一样的孩子了。
你就是我生的。造你的那套模具还在。现在把我的血肉块进去。就像
把面按进月饼模子。等上十个月 啊+现在用不了十个月了。你
就可以垂","哀伤与丧失, 生命意义, 告别与分离, 未竟事务",,,,
ku_pdfbook_02842c6a,毕淑敏自选集 生命卷 预约死亡.pdf,52-52,"一寸寸往外爬。而是蜷着身孑。像被
架在巨犬的弹弓上,
女人一憋气。就像拉动钢弦。孩子箭
~般地弹射
丽出,前进一大段。
现在孩子最宽的两耳卡在产门的峡谷。犹如鸡蛋要通过蛇颈。这
是生产中最险恶的关口。
女人突然觉得舒适,宫缩骤然停歇。好像风暴退去的海滩。平
静得纤尘不染。宫缩是
~种强制给你的
-迫害你的力量
它把你身
体里的
+部分调动起来。凶狠地同你的整体对抗。子宫在这种非常肘
刻。是看临一切的威王。它不听命于任何人。只服从那个黑暗中的孩
子。子宫是女人全身的叛徒。它独往独来。天马行空。
现在。不知是什么原因。宫缩停了。
女人立即合上眼,很安详的样子。在剧烈的重体力劳动之后。她
累了。恬然","呼吸困难, 疼痛管理, 家属沟通, 医疗决策, 预后不确定",,,,
ku_pdfbook_5ebe2fbf,毕淑敏自选集 生命卷 预约死亡.pdf,53-53,"进不来。别说是救人,就是救火。也
亳无办祛。
袁犬夫只看了-眼。就知逍事情远比他预计的要严重得多。
所有的血液都不嶷固。像祧花
-样鲜艳。男人和司徒大妈当然没
发玑危险。他们大叫着:
""孩子快憋死了!
大夫把男人拖到炉子边。这是小屋里距床最远的地方。男人顸
感到亍什么。他说:
""您甭问我是想要大人还是堪要孩子
我都要!
都要!
他的眼腈像两块红煤。好像这一切都是医生造成的。
蓑大夫平缓地说:
""不是。我不是要同你说这句话。我荽告诉
你的是:  孩子不用保。也会在的。最多不过是得场感冒。这屋子太谅
了。大人却是想保也保不住了。你心里要有个数。
说完。他留下男人在屋角发呆。走到床边。
他开始帮助女","医疗决策, 家属沟通",,,,
ku_pdfbook_8b895d1f,毕淑敏自选集 生命卷 预约死亡.pdf,59-59,"视着你。你看得清岁月之网的每一个
绳扣。
夫说:
""镜子老了。
我从书包里往外掏磁带。精致的小盒子像-块块果酱夹心饼干
从我的手指柔潸地脱落。
夫从录音磁带的夹层里拈出一张张内容提示。这是我在偷录的闻
隙匆匆写就。潦草不堪。
86岁的痴呆病人叱骂医务人员。
玉男二女要求拔下其母的氧气吸管。
英国临终关怀医学专家詹姆斯博上参观医院肘的讲话。
我把
盒磁带卡进音响。揿下按键。
极为急促的呼吸苗
夹杂眷怪异的喘息。
""知道这是什么苗音吧?
我问。
听说有一种 & * *皴的录音带。录的是人们儆爱时的音响。可
惜咱尤缘见识。这就是吗?
夫说。
不要想人非非。这是
位垂危病人最后的呼吸。你或我或是
其他","死亡焦虑, 生命意义, 告别与分离, 家属沟通, 呼吸困难",,,,
ku_pdfbook_d32641ac,毕淑敏自选集 生命卷 预约死亡.pdf,62-62,"有的病人都+死「吗?
我说。
是的。绝大多数的病人都去了。我们医院的平均住院肘间是
13.7天。您知道这是
~个什么概念吗?
'知逍。就是说您这里的病人。基本上不到两周的肘间内。就全
部死亡。
我说。
'您理解得很正确。他们全都去了。
院长看着苍凉的天空。今
天天气不好。有极细小的雪花落在她的发丝。
""我们到瘸房里吞看吧。
她说。我跟在她身后。向低矮的平房
走去。在临推开病房门的一刹那。她停顿了-下
回头望了塑我。我
脸上神色很泰然。多年行医的磨炼。我不怕死人不怕鲜血不怕粪便不
怕丑陋。
但我还是不由自主地深吸一几气。好像人们夔潜进深水肘那样。
毕竞我知道门里的那个世界和我们不大一样。
阴阳界","死亡焦虑, 存在性痛苦",,,,
ku_pdfbook_1f499980,毕淑敏自选集 生命卷 预约死亡.pdf,63-63,"。床单细碎的折纹。就是他们躯
体的轮廓了
枕头上是一只空罐头盒
青灰色地塌陷着。有-些不很
显著的洞穴点缀其上。我在其中两颗平行的洞里。看到绝望和平和的
星光。
""您叫什么名字?
我问。
设有人回答。
""多大岁数了?
""得的是什么病啊?
""现在感觉怎么样?
我锲而不舍地询问; 一律没有回答。屋子里很暖和。疆悍的气流
冲击着暖气管的内壁。啪啪作响。
""他们不会回答你的。世界在他们心中e经不存在了。他们只是
在等待
等待上路。到远方去。
院长说。
也许是看我太急于和这些人交谈。在另一闻病房里。院长代我
发问。
""你们觉得好吗?
""我八十四了。七十三;八[四。阎壬不叫自己去。
一位老太
太瘪着呦说。","死亡焦虑, 未竟事务, 认知障碍, 老年安宁",,,,
ku_pdfbook_3a17229f,毕淑敏自选集 生命卷 预约死亡.pdf,68-68,"是我没祛满足你们的要求。因为中
囤没有这方面的法律。假如实行了安乐死我们说不清。
一个外国同行的故事让院长痛心疾首。
一个美丽的女人得了不治之症。治疗只是延长她受苦的时闻。治
疔水身更加重了她的痛苦。
我实在是受不了。医生。从患病以来。
我求过您许多次。但这
是我埭后一次求您了。我不能让我的所有感官。都成为储藏痛苦苫的『
器。我不愿意生命的存在。只是为了证朋医学的威力。我的生命现肘
对我已毫无意义
它只是病的跑马场。我的意忐己经走到尽头。我除
了消耗别人的精力与财富以外。唯一的用处就是感受痛苦。经过郑重
的孝虑
我恳求您帮助我。结束生命。
那位医生冷静地说。女士。您刚才谈论的问题.
应该去问您","死亡焦虑, 存在性痛苦, 生命意义",,,,
ku_pdfbook_591da713,毕淑敏自选集 生命卷 预约死亡.pdf,73-73,"。其气自伤。院长回到家里。很少说话。就像厨师在自
己家里。只吃最简单的饭粜。
'你们儆医生的。把人治活没什么本事。把人治死还不容易?  找
点抑制呼吸抑制心跳的药泡在滴瓶里。不就什么事都了结了吗?
皮
肤癌的儿子很内行地说。
这种内行激怒了院长。或者说是潜伏在这种内行后面的冷酷。
安乐死末尝不可。但它由这样
""位打扮过于精细。挥着冰激凌的年轻
人。如此轻描淡写地说出来。她为那奄奄一息的老人叹息。
她的病人都巳经失去了对这个世界的发言权。她要为他们说句公
道话。
'既然你知道得这么清楚。又不用负法律责任。你把你老父亲拉
回家去就是了
所有的操作你都可以在家里完成。又何必送到我们这
里来!
院长没","死亡焦虑, 照护负担, 文化敏感性, 家属沟通, 医疗决策",,,,
ku_pdfbook_b325232a,毕淑敏自选集 生命卷 预约死亡.pdf,76-76,"院。院长什么话也不会说。住院有些像银
行。进出自便。但这句话刺激了院长的职业自尊。
没有什么服务项目是昆办医院能儆到而我们不能做到的。
院
长很矜持地说。
""真的。有。
小伙子不很情愿但是很肯定地说。
没有。他们能做到的我们都可以做到。你详缃说说。
院长有
几分冒火。她觉得这不是事实。
没有回答。小伙子沉默。听得见远处病房轻声呜咽。又一位老人
去了。
""说啊!
院长不耐烦了
""我不说。
小伙亍终T开T
""我不想说。
院长火了:
你刚才还说感谢我们。这么一件小事都藏着掖肴!
就看在我们为你妈端屎端尿的份儿上。你也该说!
你是不是想你妈反正也这样了
再说什么也没大的意义了?  别
这么思
是人都得","医疗决策, 家属沟通",,,,
ku_pdfbook_191f9871,毕淑敏自选集 生命卷 预约死亡.pdf,77-77,"月的鼻饲雀。而且停用一切维持药物。氧气也掐
断 这样。据他们估计。我母亲在
两天内就可以走「。
法
兰克福的小伙子不看院长。对眷墙壁说。
他的话说得很理智漠然中渗出残酷。但他越往后说。语调越被
0bG
一种潸在的哭泣所分割。
'这样。我就可以在母亲身边尽完最后的孝
道。无怨无悔地踏上奔赴异国的道路。我将把母亲滚烫的骨灰带在身
边。兀论我走到什么地方
母亲都永远同我在
~起了。她会保佑我,
关照我。我一生永不抓单。从此。我的灵魂同母亲的灵魂在--起;永
不分脔。
院长瞠目结舌。她觉得自己也算个高级知识分子了。真不明白这
个儿孑!要说他不孝吧。他眼侍老母到今天。此刻眼里还闪着莹莹水
光。要说他孝。","死亡焦虑, 告别与分离, 医疗决策, 家属沟通",,,,
ku_pdfbook_258bc7db,毕淑敏自选集 生命卷 预约死亡.pdf,86-86,"从老家大老远地跑到京城来服侍
他们。这是缘分。奁最后的日子里。我待在他们身边的肘闻。比他们
的儿女多多了。我从d儆过对不起他们的事
心里没鬼。鬼世是讲理
的。恁看。它们要来
怕吓了我。还先把灯绐开厂。
大概到天快亮的肘候
灯又突然熄了。我一点都不觉得这有什么
奇怪的。这是他们最后离开的地方。人都夔到他去过的地方走一走;
好像有什么东酉丢在那里了。要捡回来。你要不问。我倒忘了。
远处有人喊:
""小白,4床又打了屎酱啦。
就来。
她要走。
她边跑边说:
以后我想当医生。不但服侍他们。还给他们治病。
这样他们就会对我奶奶说。你那个小白孙女越发出息了。只是不知道
当不当得上?  这里面有个户口问题。
","家属沟通, 灵性需求, 告别与分离, 死亡焦虑",,,,
ku_pdfbook_ab947358,毕淑敏自选集 生命卷 预约死亡.pdf,90-90,"
""我为什么还
不死啊?为什么!老天!求求他们。让我死了吧!人夔走。怎么这么
难!孝顺的孩干们。帮我一把。让我死了吧!都怪我的秋衣不结实!
你们耍是给我买件结实的秋衣。我的苦也熬到头了..
涕泪纵横。
齐大夫顾不得翻译。问家属:
#怎么回事?
家属说:
老爷干痈得受不了。好多回想寻死。我们肘刻肴肴,
不敢让他够上一点带尖带钩的东酉。刚才他疼得实在受不住。趁我上
厕所的时间。从沙发上爬起来要匕吊。他早就不能平躺着了,躺下来
就得疼晕过去。他哪有绳啊。就把秋衣脱下来挽了个扣,搭在晾衣眼
的铁丝上了。要不怎么说老爷子遭罪呢。每天痛出一身身的汗。那
秋衣早泡槽了挂不住他。摔在地上了
齐犬夫不情愿地把话","疼痛管理, 家属沟通, 死亡焦虑",,,,
ku_pdfbook_25c3a283,毕淑敏自选集 生命卷 预约死亡.pdf,91-91,"我说:
""你快跟他交流。人家正吞眷你。
""我们的麻醉性镇痛剂使用非常严袼。例如吗啡。要经过几级机
构批谁。每一片都要查记在桊。
齐大夫郑重解释。
我可以知道-下贵囤庥醉镇痈剂的产量吗?
博士的蓝眼珠很
专注。
当然可以。
齐大夫报出一个数字。
#谁确吗?
博士充满疑惑
""非常可乖。这是我们的国家统计局公布的数字。
齐大夫很有
把握地说。
'假如您的数字谁确无误
那我要说。以一个十多亿庞大人9
的囤家
只使用这样微不足道的镇痛剂。贵国的绝犬多数晚期癌症病
人。都是活活痛死的!
博士极为愦慨。
我们都愣住了
我们这个民族善于忍受疼痛。我们以坚韧不拔著
称于世。我们的每一位久病的英堆都说。把好药留给","疼痛管理, 文化敏感性",,,,
ku_pdfbook_cd70ea9b,毕淑敏自选集 生命卷 预约死亡.pdf,92-92,"有过这样一场战
争。我是医生。我除了医学之外。其他一律不感兴趣。我只同您讨论
医学。我不明白眼前这位老人发黑溃烂的双腿同一百多年前的那场战
争有什么关联。你们以为不给这位痛不欲生的老人吃镇痛剂。那场战
争的结局就会改写吗?  我的中国同行。你们是不是把简单的厌疗问题
想得太复杂了太久远了?  面对这个企图以纺织品自杀的老人,太少人
道的关注!
我们张口结舌。无论我们多么地其有爱国主义情操。也无祛同这
个英国佬理论。他只懂医学。
我们又走进一间病房。这是一位老嬷。用乒乓球
般瓷自的眼珠
瞟着房顶。一个穿紫衣的护工正给她喂食。一种混有黄色颗粒的乳汁
从她鼻孔的管里推进。少部分自喘角外溢。尖锐的喉结","生命意义, 文化敏感性, 医疗决策",,,,
ku_pdfbook_9169115f,毕淑敏自选集 生命卷 预约死亡.pdf,106-107,"这个姑娘怎
么这么讨厌! 你是来帮助我还是来成心气我?  你从一进门就吊眷脸子
吆喝我干这干那。烦死我啦!你根本就不是为我。你是为了你自己 !
我此肘还伏在他的被子里。预备给他更衣。他声音透过我头顶厚
心。
厚的棉絮传过来。如喑哑的鼓鸣。我呼地
~下撩开被子
全然忘记他
还赤裸眷双臂。扇起的冷风把他枯萎的白发吹得参起。更显出面目的
嶙峋
他恨恨地吞着我。大概是悄泠。自己艰难地穿上衬衣。遮住那个
嬉皮笑脸的肮脏猴王。
当小自进来的时侯;-切看起来还算正常。
小白说。杜爷爷。今天来的志愿人员是大学生,比别的来得更细
心更有经验吧?
老人极含糊地嗯了一声
看起来很沮丧。
别难过他们走。爷爷。他们下星","照护负担, 抑郁情绪",,,,
ku_pdfbook_928c37c0,毕淑敏自选集 生命卷 预约死亡.pdf,110-110,"症汰后,我决心儆-个快活的人。
我想了许多办法,比如唱歌。但最有效的是穿这件孙悟空的
肯心。我一看见这张渭稽的猴脸。就忍不住徽笑起耒。我要
到遥远的地方去了,在我走之前。送给你一个猴脸。当你忧
0gg
伤的时侯。看看它,你会情不自禁地徽笑。
一位爱发脾气的爷爷
字迹非常潦草
每一横每-竖都是分几次写完的。
北风里。我满脸都是泪水。但我真的望着那件鲜艳的脸谱「恤。微
笑了。
小自说。爷爷死的时侯很痛苦。他是胃幽门癌。肠道完全梗阻,
就像人的下水道不通
全积在胃里。每进
""滴水
都像莓药。
我知逍爷爷最后的那勺饭。就是他对我最大的抚慰了。
以前。我真的不会唱歌。现在
为]到这里来
我学会了许多歌。","癌症末期, 疼痛管理, 存在性痛苦, 生命意义, 告别与分离",,,,
ku_pdfbook_aa9c9984,毕淑敏自选集 生命卷 预约死亡.pdf,114-114,"18床就要去了
她毫无先兆地停止说话,撇下我一人在昏睛中。
问题己经解决。
18床像
-根轻飘飘的白发。在床匕无声地扑动着。她巳经完全昏
迷
艟孔散得很大,
像黑蚀吞没了眼珠。她的呼吸很快。我试着用她
的频率喘了一会儿气。立即愍到窒息。
我走回21床。这是我的街菖地。
雪自的床单上有几片洗涤不去的污渍。绷得很紧
整个床面显出
鼓面似的平坦。枕套也可疑地膨隆着。好像一张纸虚蒙在碟子上。
我小心翼翼地上了床。穿者信笺条纹的蓝衣服。钻进了浩诤的被
褥。我辗转-下。使自己躺得更舒服。猛然感到滑进了一个 ""槽""
在平铺的自褥单之下。有-个人形的凹陷。它把我锲在里头。严丝合
缝。我的头骨同时落人枕头上的卯","死亡焦虑, 存在性痛苦, 生命意义, 灵性需求",medium,,,
ku_pdfbook_928507e0,毕淑敏自选集 生命卷 预约死亡.pdf,127-127,"教授说:
""下一个。
~位非常妖娆的女士富有弹性地走进来。
""您好!
她目空-切
地打招吁。
今天怎么尽碰上稀奇古怪的病人! 屈侠想。
你怎么不舒服?
教授常规问。
那女人只是微笑。并不答话。
L16
时间流逝。屈侠想女士可能耳背。大声重复了问话。女士矜持地
说:
""那您吞我哪儿不好呢?
又碰上了这路病人。_们好像存心要和医家捉迷藏。顽固地信
奉:
""病家不用开口。就知病情三分。说得对你吃我的药。谈不对分
文不取。
原则。非得让医生先说。
这不是耽误工夫吗?  屈侠暗暗叫苦。教授不愠不恼。轻声说:
""伸
手。男左女右。
接下去的步骤屈侠不用看也知道。教授伸出中指戴戒指的右手给
病人把脉。不知教","死亡焦虑, 预后不确定, 灵性需求, 自杀意念",high,,,
ku_pdfbook_974d6107,毕淑敏自选集 生命卷 预约死亡.pdf,135-135,"是用石头抠成的?
朱提大吃
~惊。
'你想想
原始人盛流质。除了用石头器皿
还能用什么?
教
授兴致很好地解释。
大家呷了一几。果然鲜美无比。
""夫人
你这汤是怎么烧成的。教教我。回家先给妈妈烧。以后
再烧给屈侠喝。
朱提天真地说。
丹岚夫人微笑肴说:
汤是不难烧的。只是这火却有些难取。
朱提说:
火有什么难的。 煤气火。酒精火。汽油火不是多
佴很:
丹岚夫人说:
""这些火都是不行内。你想原妗人从哪里能得到这
些火?
屈侠醒悟道:
""那这就必得是天火了。
丹岚夫人说:
#是的。火种是我在大雷雨的天气。从原始森林里
被闪电点燃的枯术上取来的。一直保存肴。
陶教授惊诧地说:
""我
~点都不知道! ","生命意义, 灵性需求, 告别与分离",,,,
ku_pdfbook_6e3edc79,毕淑敏自选集 生命卷 预约死亡.pdf,143-143,"人轻轻地但是极有力地推开他俩。说:
屁侠。你来探探我的
内关穴。
屈侠遵嘱扣住夫人的纤纤祟手。他以为会触到悲痛欲绝痴迷错乱
的情感波。设想到是-下又一下极规律极呆板的振动。叉是一个他从
末遇到的病例。
您是
他充满迷惘地说。他已经知道了那个答案。只是无
法相信。
是的。我是个机幂人。教授将他的全部心血献给了事业。爱
情背叛了他。极度绝望中。教授制造了我。困为每天看到的都是残缺
的人体痛苦的面斧。教授采用人类最优秀的黄金分割数据。浇铸了我
美轮美奂的躯体。教授只给我安了一套程序
就是探察世界上美好患
诚的心灵。现代人在勤奋进取的方面。得分都很高。但在忘我与献身
上上
往往是不及格的。无私地为人类","告别与分离, 哀伤与丧失",,,,
ku_pdfbook_e17cbd8f,毕淑敏自选集 生命卷 预约死亡.pdf,152-152,"怎么还有这么死心眼的人!要是叫到我。一口气能说出50个。
郁臣炫耀地对梅迎说。
这有什么「不起的?我也行! 可梅迎不想同他争辩。她真心为红
脸汊子着急。谁都有这种非常窘迫又不肯认输的肘刻。她把嘴唇嘟成
一个圆筒。对着岳北之 ""呜
呜""
像一只焦虑的猫。
可惜岳北之完全不看她。冥思苦想。
郁臣倒是看懂了,
恨不能用手把梅迎的喘捂上。漂亮女孩对另一
男子有好感
是令人气愤的事。
梅迎百般无奈。猛地扯了一下岳北之裤腿。岳北之一低头。看见
梅迎笔直地竖肴于措。直指天花板。
天花板上有什么?
岳北之狐嶷地抬起头。
天花板匕有一枚灯泡。像一颗黄澄澄的鹃梨。在梨核的部位。有
曲折而闪亮的灯丝。
钨。
岳北之",抑郁情绪,,,,
ku_pdfbook_d6b93d02,毕淑敏自选集 生命卷 预约死亡.pdf,171-171,"过:  笛样
萧样 _
呜咽样
叹息样,没什
么稀奇。想不通的是在自己军衣笫二个纽扣偏左这方寸大的地方。竟
会有这许多名堂。莫非匕脏也是风口?
""同学们先互相听正常心音。知逍了正常的。才能分辨出不正常
的。有比较才有鉴别。
老焦引用了一句最高指示。恰到好处。使他
的讲授更其有杖威性。
""两人一组。互相听。
他划定范围。
翟高社把听诊器头像探雷针似的,柞到郁臣怀里。郁臣像被扎了
一刀似的直往后躲。
阼啦阼啦?
翟高社忙不迭地把银亮的钢头抽回来。
'谅。
郁臣嘶嘶吸气。
忒娇气! 革命战上一不悄苦二不怕死。这点谅怕什么!
翟高
社不屑地说。
同学们暂停。
焦如海擎起听诊器,
听诊之前;一定要把钢
","预后不确定, 抑郁情绪",,,,
ku_pdfbook_87c9174e,毕淑敏自选集 生命卷 预约死亡.pdf,181-181,"!
说
罢,不待岳北之答话,扭身就走。那一对细长的辫子。在空中画出愦
怒的圆圈。
走廊里。焦如海正在拖地。他把墩布甩得像一朵牡丹花。极有韵
律地舒展。收拢。在地面上雄浑地划过。蚕头雁尾。仿佛在书写一个
又一个巨幅的隶书
""
宁。
悔迎吞得某了。她突然有一种顿悟;  任何一桩技艺。只要你倾心
地热爱它
就能操练到出神入化鬼斧神工的境地。
有人从对面走来
困为是逆光。梅迎看不清是谁。来人巳分辨出
梅迎。他从尚未拖扫的那
侧走来。老焦见来了人。便收起拖把。垂
手挤在墙边立眷。待来人走过再擦。来人趾高气扬走到洁净处。喉咙
里酝酿许久,|的一声将-口浓痰溅到地上。
声音很响。像打碎了一个空杯。
梅迎认出",抑郁情绪,,,,
ku_pdfbook_81f5ed36,毕淑敏自选集 生命卷 预约死亡.pdf,184-184,"奔波买回来的。手术还设做。他也舍不得让狗出
师末挺身先死啊!
学员们有文化水。心有灵犀,
一点就通。
医院里残羹剩饭颇多。猎肥得肚皮蹭到地上磨出伤口。护士给贴
~块雪自的纱布。继续把剩牛奶喝得咕嘟嘟。
不几天。野战医院又来提抗议。说猪掉膘。病人们成天阐狗叫。
上了岁数的就以为月本鬼子又进庄了。
这一回。工兵装傻充愣,给他个一问三不知。
七
阿随终于还没有养到很强壮。就轮到了开刀的日子。
解剖犯人的那间屋子。临时改造成了手术室。没有无影灯。空中
挂了许多葫芦似的犬灯泡
像一座金色的莱园。几张桌子拼起来,
蒙上一条雪白的床单
就算万能手术床了。空气中弥漫肴强烈的消毒
剂气味。仿佛大战前的硝烟。唯有",疼痛管理,,,,
ku_pdfbook_9454db94,毕淑敏自选集 生命卷 预约死亡.pdf,190-190,"这件事了。他自个也恶心得够
呛。倒剪着双手。帮炊事班喂猪去了。
""老焦;
梅迎的长腱毛像刷了胶。聚成许多把极小的刷子。
""挺好的 比黄连水强多了。
老焦安慰他的学生。
老焦捧肴剩下的半碗。朝狗舍走去。
夜里
一场猛烈的风雨骤然袭来。狂风鼓荔着雨网。无所不在地
缠绕在天地之间。雨像纠结不清綮衍不息的无数条蟒蛇。吞噬着荒野
中的
切。一道闪电击过。空中刹那间生长出一丛银色的文竹。枝叶
婆娑。将凄惨的银光笔直地泻向大地。万物在这
瞬被施了魔法。黑
色浮雕一般凸显在白色的雨帘之后。雨帘被建筑物的棱角。白杨树的
枝梢和山峰锐利的石块
戳出一个个紫色的窟窿。闪电过后。一切又
沉没于黑暗。雨丝强韧地扭结起族","呼吸困难, 恶心呕吐, 疲劳与虚弱",,,,
ku_pdfbook_73376b71,毕淑敏自选集 生命卷 预约死亡.pdf,193-193,"'那狗幂要进速救治。
焦如海的脸重新板结得如同土壤。
梅迎觉得这个先生才正常。片刻前的老焦似乎是个幻影。
""你把我那个小箱子拿来。
老焦吩咐。
箱子里的药,比以前少得多了。梅迎想,在这间不见天日的楔形
小屋里。老焦不知熬过了多少病痛。她用眼去找那支古怪的酉地兰。
唔。它还在。
像一枚光滑的贝壳。静静地躲在那里。
老焦把它拿起来。狠攥了一下。药液动荡起伏。好像一个无色的
精灵。
'拿着它。
老焦把手伸平。
""干什么?
梅迎不解。
""给阿随。这样它就可渡过危险。
这支酉地兰我不能要。阿随的生命固然宝贵。但它是狗不是
人!
梅迎强硬地拒绝。甚至把手背到身后。她怕自己对老焦的尊
重
会不由自主地眼从。",生命意义,high,,,
ku_pdfbook_e9f7bf34,毕淑敏自选集 生命卷 预约死亡.pdf,218-218,"  闹得咱们也沾不
上光了。
老兵吞万良魂不守舍的样子
干脆把话挑明。
""谁是谁相好的。你可得把话讲潸楚。
万良一反常态。对老兵
发起火来。
""大哥我说错了。是我的相好的。还不成。
老兵忙眷缩小事态。
是你的相好更不成了!
万良不依不饶。
战土们闲得无中。有时便拿厂里的女工开个玩笑。比如把那个最
胖的女犬师傅说给干瘦的老兵当媳妇。其实女大师傅的儿子都快有老
兵高了
每星期天都到厂里来洗澡。恭恭敬敬地管战士们叫叔叔。大
家都不是恶意。开心过后也就忘了。绝不会有人把话传到工人中去。
万良这次却真的生起气来。
还好
第四天早上。艾晚上班来了。她的步履有些蹒跚。面色也
显得苍白。
""请拿出证件。
万良","抑郁情绪, 疲劳与虚弱",low,,,
ku_pdfbook_42598574,毕淑敏自选集 生命卷 预约死亡.pdf,220-220,"
万良点点头。
下午见。
艾晚把始终末曾打开的蓝派司收进书包。
""下午见。
万良注视眷艾晚的背影。喃喃重复道。其实;有进
就得有出。既然下午是万良的班。你不想见也得见。可这招呼里。有
薏味深长的亲切。
老兵像条上好的猎狗。无声地溜达过来。这位痴痴呆呆的小老
弟。看样子要陷人单相思亍,拉他-把。义不容辞。
""这小娘们。挺妖道的。
老兵不慌不忙地抛出这句话。引万良
开C。
万良一惊,
紧张地等待下文。自己却不张H。
老兵也不在乎。他是我行我素惯了的。径直说下去:
""讲个笑话
给你听。有回夜里巡逻
不是跟你。是跟旁人一岗。砖缝里有团黑乎
乎的东西。我以为是条野狗呢。心想堵住它炖锅狗肉还能落条狗皮褥
",文化敏感性,,,,
ku_pdfbook_d4f19d23,毕淑敏自选集 生命卷 预约死亡.pdf,221-221,"就服
这城里人胆于大。你想
那砖垛干摇摇晃晃。两个人若再一动弹。那
还不塌下来成了合葬蓥了?  还不如咱们乡下。往庄稼地里一钻。想干
啥千啥!
老兵津津乐道。万良觉得自己心目中一块美好的桃心形小镜于.
~块地被掰碎亍。
'你为啥告诉我这个?
万良怒气冲冲地喊逍。
""为啥。为了你好!
老兵像长辈似的拍拍万良的头。他没万良
高大。拍得便有些吃力。奸像万良头上有个苍蝇。他要帮他赶开。
万良又气丈急:
你把他们咋样亍?
不知为什么。在这种气恼
的时刻。万良还在担心艾晚。他知道老兵手毒。
'我能把人家咋样?  人家又没犯祛!厂里只给了咱看铜的钱又
设给咱看人的钱。我把手电筒在他俩脸上狼劲晃了晃。晃得他俩",抑郁情绪,,,,
ku_pdfbook_7b28c710,毕淑敏自选集 生命卷 预约死亡.pdf,222-222,"。彼此间的情谊寡淡得
 像清水。
万良开导自己。一肘见成效; 一时就又气愦起来。
下午。下雨了。细密的雨丝刷子似的从灰蓝的天幕渐次而下。待
流淌到地上
巳被工业区特有的烟尘。污得混浊而黏稠。天幕抖去尘
埃。熨过般平蹩
一道稀薄的虹;
懒懒地斜在天空。天空有一种清晨
般的谅爽。湿淋淋的地面弥谩着使人衰伤的土气。
下班了。人流也像鱼汛。有着显著的时间差异性。最先熙熙嚷
嚷拥挤而出的。是中年以上的女工。她们面色倦怠
步顾匆匆。眼神
中流躇出对
切都无动干衷的疲惫。她们的书包多半残旧而污秽。半
敞着的口袋露出儿根伶牙俐齿的毛衣针.其后。是些懒洋洋的男人
们。他们叼着烟。脚步在地面沉重地挪动。多半漤有拎","抑郁情绪, 疲劳与虚弱",,,,
ku_pdfbook_27f15975,毕淑敏自选集 生命卷 预约死亡.pdf,227-227,"次
以前从来没有过.我实在是凑不出学费.
饭盒我不要了。你
放我走 .放我走吧
万良听见饭盒里发出极轻微的金属撞击声。饭盒里有什么;万良
不用打开也知道亍。那可能是
~盒古铜钱。携带出厂
拿到长城十三
陵卖给外国佬
一枚要几美元呢!也可能是几个景泰蓝的铜胎。戒
指。手镯。小花瓶什么的。古色古香。宛若出士文物。当然最大的可
能是灿若黄金或紫如汗血的纯铜块。铜价上涨。这是极值钱的东酉。
远处。老兵吸足了烟,晃晃悠悠走过来。万良迟疑着。
艾晚痴痴呆呆地瞪着万良背后。万良也回过头去。那是工厂的
布告栏
~张明黄色的告示贴在那里。斜行的雨水曾将它挠湿。明黄
非但不显菱蘼。竟越发鲜艳得触目惊心。其上以很规","未竟事务, 抑郁情绪, 存在性痛苦",,,,
ku_pdfbook_f03a3709,毕淑敏自选集 生命卷 预约死亡.pdf,256-256,"得一眨眼就过去了。费费e
经睡实。按说该把他放回床上去。可小髫不敢动。她甚至嫉妒起片中
的女主人公。
终于,又-幅男主人公的面部特写镜头出现了
一只纤细而柔弱的于。拿起一个像电源插座般大小的小仪器。轻
轻地按了一下。
屏幕上喇啦一下。全是茂密的雪花。然后一片昏暗。紧接着。出
现了另一个频道的节目。
阿宁被沈建树调动的事搅得心烦意乱。看不下去书。找了个自己
喜爱的频道看起来。
没想到要征询一下小鬓的意见。仿佛她根本不在看电视。或是此
肘此刻根本设这个人一样。阿宁用遥控开关把英俊的男主角赶走了。
小髻把紫花布幔帐扯得喇喇响。早早躺下了。正屋的灯光透过花
布。娈成稀薄的紫色。轻柔地覆盖在小髫身上。
","未竟事务, 存在性痛苦, 告别与分离, 哀伤与丧失, 抑郁情绪",,,,
ku_pdfbook_9950b589,毕淑敏自选集 生命卷 预约死亡.pdf,257-257,"。妈妈不愿最小的女儿受
委屈。
偏要去!都是自家亲戚。能把我怎祥!小髻听到自己无忧无虑的
声音。
饺子是吃上了。彩电也算看了。可是
被幔于染成浅紫色的枕
巾。吸进小髻思乡的不平的眼泪,娈得湿润而凄凉。
七
不知是几时
费费哭了。小暑立刻惊醒。其实费费夜里跟他爹
妈睡。与小髻并无关系。小髻一天同费费在一起。听得懂他的哭声
这是费费要尿了。应该马上抱起给他把尿。可惜。阿宁虽然是懂多种
计算机语言的工程师
对儿子的特殊语言却很生疏。费费是个干脆的
小伙子。他的哭声很快停了。变成
-种快活的哼叫。了! 巳经尿出
来了。小莰子真怪
尿湿了自己身底下的被褥。该是很不舒服的一件
事。怎么能如此自在而得薏呢!",家属沟通,,,,
ku_pdfbook_1b36110a,毕淑敏自选集 生命卷 预约死亡.pdf,258-258,"息。不过事与愿违。从她身上发生
咚咚擂鼓般的声响。她绝望地松了一口气。才发现不过是心在嗓子
下面跳动。
极短暂的平静后。声音又起。
""小髫来了以后 .
""你好像  少多了?
阿宁姐的话,慵慵懒
懒的。
""这样年轻的
个姑娘:
""你不是对我也正规多了
""不说这些好吗?  好不容易
姐夫有些急躁。
那:
.你得去洗  洗.-
""今天。就免「吧小髫会醒
#今天'以后夔先去 一
""以后..唔:.以后我每夭都先去,
然后:等着你:
小髻一下子觉得自己的耳朵不好使了
其后的声音是确确实实
的。但因为想象不出是如何发出的。声音也就变得模糊不清了。当她
焦急地睁开眼艄。紫花布幔帐无情地遮断了她的视线。她极轻灵","生命意义, 灵性需求",,,,
ku_pdfbook_42a99491,毕淑敏自选集 生命卷 预约死亡.pdf,263-263,"人受过。
粱阿宁铁青着脸
紧紧地抱着费费。泠漠地站在围观的人群中,
执拗地沉默着。
小髻在众人的逼视下。抬不起头来。她找不到姐姐。
只吞到
条宽笮不
的裤腱和一双双大小不等的鞋..姐姐也许从另一个牟]
下车走远了
费费正生着病 
费费从睡梦中醒了过来。他一眼看见自己的小誓姨姨站在离他不
远哟地庐。就张开双手。奶声奶气地发出模糊的
"" ""  声_
要小髻抱。
这真是出人意外的小插曲!己经感到乏味的人群。立即像打了一
针似的兴奋起来。连稽查队的也跃跃欲试:  怎么。还有一个同伙?
阿宁不得不站出来了。她先把兜里的月票神大家端正地出示了一
下
然后用从斧不迫的矜持口吻问道:
怎么「怎么了?
阿宁的气","存在性痛苦, 抑郁情绪, 家属沟通",,,,
ku_pdfbook_382c81a8,毕淑敏自选集 生命卷 预约死亡.pdf,278-278,"亮。窗户小些
夏天少进阳光。冬天少迸衿风。
一个老迈得分不出男女的声音在说:
""人都讲
底下都一佯。脸
上分高低 '
不对。不。人和人哪都不一样。
""婆婆见得多了。自然一眼就看得出。
这是妈妈在答话。
屋里是谁?  噢。想起来了
大家都叫她稳婆婆。会接生的。小髫
还是她接到这个世界匕的呢! 只是自己家里并没有产妇。这么晚了,
稳婆婆到这干什么?  髫感到隐隐的不祥,艨胧之中好像有什么危险
向自己靠近。她倚在门旁。人在弄不清底细的肘候。往往愿意先藏住
自己
也许。是为了更有效的躲避吧!
""小髻这孩子
怎么还不回来?
妈妈的话中流露出焦急。
""不慌不慌。今日不在。还有明日。那家央了我来,原也说要在","文化敏感性, 家属沟通",,,,
ku_pdfbook_7e8d24d9,毕淑敏自选集 生命卷 预约死亡.pdf,286-286,"吗?
她尽量大声说。声音还是含混
不清。
店主人是个看不出年纪的络腮胡孑男人。他用篦子一样细密的目
光。将小馨上下刮了两遍
才说:
#是。
接下去是难堪的沉默。小髻不知道再说什么好。那人也并不急着间。
屋内光线很暗。小髫这才看清是间经营服装的商铺。己经有几个
与小箐差不多大的女孩子在码放衣物。
原来己经招满了。小髻真后悔;为什么不早一点上街。早一点来
到这里!
你真息干吗?
那男人的话里好像露出某种转机。
""真想干!真想干!
小髫忙不迭地说。
'你要真想干
我就把她辞了
要上你。
那人用粗糙多毛的手
指。点点姑娘中的一个。怎么能这样?  小警就是再想找份工作。也不
能抢别人的饭碗!
""那我: ",抑郁情绪,,,,
ku_pdfbook_1b240a16,毕淑敏自选集 生命卷 预约死亡.pdf,287-287,"""耍流氓?
那男人真诚地奇怪了,
你不是
全活
都干吗,
这算什么!
原求。这就是
全活""
小髻失魂落魄地往家走。今天的事。跟谁也不说。永远也不说!
小髻的工作热情显然低落下来。倒不是她有意要怠慢姐姐
只是一个年轻姑娘。心里压了这许多的心事。妈妈又一个劲来僖问她
说过的那个对象怎么祥厂
闹得小髻再没个能说心里话的人
连对至
亲至爱的妈妈也只能说假话。每晚早早钻进紫花布幔。去想自己总也
想不出头绪的心事。
这可不行。保姆的工作。数量和质量都很难有确切的标准
干好
和干坏可大不一样。阿宁需要一个可靠的后方。费费应该有个快活的
藁年。只是现在要调动小髫的积极性。实在不是件易事,几块钱。几
件衣服。包","家属沟通, 抑郁情绪",,,,
ku_pdfbook_811809ee,毕淑敏自选集 生命卷 预约死亡.pdf,288-288,"也许真是上夭对小髫格外恩慈。竟早早给了小髻一个预兆!
小髻真是从心里感谢姐姐。
看肴小髻不由自主地把手中的紫花布幔拧搓成了一根紫布绳。阿
宁忙补充道:
'这事成不成。现在还很难说。你也别寄太大的希掣。
成了不要太高兴
不成。也别恕我。
'姐姐!我怎么能怨你呢!不管成与不成。你待我的这片心。小
髻一辈子是忘不掉的。
紫花布幔抖开后。皱得很厉害。以至于小髻不得不尽量拉向头这
一侧。以挡住自己兴奋的脸。垒于脚。就让它们露在外面吧。
十二
'哎呀。我的髫姑娘!你到哪去了? 可把大妈给想死了!
田大
妈一边往自行车的闸缝里塞着邮票大的存车收据。一边热辣辣地招呼
小髫。
小髻一阵感动。忙向田大妈说明。
田",家属沟通,,,,
ku_pdfbook_9acc22ca,毕淑敏自选集 生命卷 预约死亡.pdf,289-289,"过妈妈的迷雾
又像鬼魂似的出现
了。既然对方一切都好。为什么偏夔找一个乡下姑娘呢?
小馨知道自己漂亮。但北京城的漂亮姑娘多的是。小髻绝不是
最出色的一个。就算小髻是最出色的一个
还有远比漂竞更值钱的工
作。丈凭
房子'是什么人把这一
~切都抛弃了。来找小髻呢?
想到暗中曾有一效眼睛。将自己审视再三
左右衡量。才儆出这
个袂定。小髻不禁悚然。她固执地保持沉默。田大妈应该知道更多的
理由。她堕应把事情再讲清楚些
一向精明的田大妈。稍稍有点紧张:  成败在此一举了,
弄不好
鸡飞蛋打。她清淆喉咙。说:
""小伙干别的都不错。就是有点一
她像怕吓`小髻。放低了声音才说出来:
~残疾。
说罢。人气
不喘地","存在性痛苦, 抑郁情绪, 生命意义",,,,
ku_pdfbook_6d669857,毕淑敏自选集 生命卷 预约死亡.pdf,298-298,"髫的心思完全不奁田国兴那里。简单把田家的有关情祝说过
又问:
""姐,
你们那儿
跛儿子究竟跛成个什么程度?  你知逍。跛跟跛可大不相同。轻
的同正常人没什么区别。重的可就是残废亍。你能不能学学。他跛成
什么样?
阿宁穷追不舍地问。沈建树也被惊动了。
田国兴长得什么样子。小髫巳经回忆不起来了。只记得他的腿
和脚。他的左面跛。腿和腿是人体{重要的一部分
没有它们。人就
不能称为人,
而只是半截身子的怪物了。国兴的腿是怎样跛的?  小髫
试着模仿了一下。好像是这样的。左边浮起
右边陷下 然后是扭
胯。半侧身子像失去框架似的跌下。心也随之扑通一跳。人几乎跌
倒。为了维持平衡。另半侧健康肢体不得不奋力向","家属沟通, 抑郁情绪",,,,
ku_pdfbook_ee3e5df6,毕淑敏自选集 生命卷 预约死亡.pdf,303-303,"小仪嚣,每每有一个漂亮姑娘
有的还不如小髫漯亮
呢!
坐在那像
年级小学生坐的连凳课桌那样的小桌子上
像打字
似的敲打着扣子似的键盘。殊不知是完全错误。徽机同最先进的计算
机系统相较。实在是沧海一粟!
一秒钟多少亿次的计算。那是浩瀚无垠的世界。
""嘀嗒"" 一声
中
这机器就数遍了天上的星星,地上的人头。小髫想不出还有什
么东酉需要这样庞大的数字。山林中的每一片树叶?  稻田里的每一
粒谷穗?
她想不下去了。阿宁姐站在远处。在同什么人谈话。那人顺从
地记录着。看得出。阿宁姐是个领导。虽然穿了毛背心。小髫还是觉
得冷。她曾以为
经过学习。她也能成为阿宁姐那样的人,
现在才明
白
其实是根本做不到的","抑郁情绪, 存在性痛苦",,,,
ku_pdfbook_4f695f79,毕淑敏自选集 生命卷 预约死亡.pdf,304-304,"上。然后又很关切地开导她,
'看一个人。主要看是不是好。
别的都在其次。
小髫木然地嗯哪着。
阿宁姐回去上班。小髻一个人回家。沈建树在家看着费费,一见
小髻那个模样。就知道那件尴尬的事情已经发生过了。
小髻闷者头垂泪。
沈建树不知从何劝起。小譬太像阿宁了
连哭泣肘那种任眼泪滚
滚而下
不去擦拭。直到喘角。下颔都挂满了泪珠的姿势都像。
阿宁计划好的这
~切太惨忽丁。她怎么就不怜惜这个同她一模一
祥的小妹妹?
沈建树走过去。扳动小篝的肩头。连透过肩部衣服所感到的肉体
的圆润。都是一样的。
他看到一朵酒满雨水的梨花。祈求地望肴他。他真想吻一
下那及
湿漉漉的眼睛。
他无力地松开了自己的手。他能为她儆","抑郁情绪, 家属沟通",,,,
ku_pdfbook_417a511a,毕淑敏自选集 生命卷 预约死亡.pdf,317-318,"陪小髻吧。我有点不舒服。
堪到一会儿婚
礼上将要出现的悄形。那个比小髻要矮半头的瘦弱的残疾人:
""这合适吗?
沈建树迟疑着。说实话。他世不懋去。
""我真不知道在这样的婚宴上。该说点什么
阿宁忧郇地说。
沈建树上了车。这是他能给予小髻的最后的帮助。
阿宁疲惫地推开自家的门。
屋内显得空荡而陌生。小髻是个勤快人。临走前。将屋内该冼的
冼。该刷的刷,
+切陈设恢复到她末住迸时的样子。
~切的
+切。都同原来一样。只是墙角多了那幅紫花布幔帐。
天不早了
该去幼儿园接费费了。
费费回来。不见了他的小髯姨姨。也许会哭的。
[General Information]
书名=毕淑敏自选集  生命卷  预约死亡","告别与分离, 抑郁情绪",,,,
ku_pdfbook_9dc5fe2e,生命的反转：急重症科医生手记.pdf,1-4,"生
命一
的
李文丰
著
反
转
急  重症 科  医生  手  记
慷 公沩  曝  的雀7尽 毖
脑科医尘(祈宾药匣子 )
@飒姐
丁香园。知乎签约医学科普大 V
@医路向前巍孓 @Dr. X@才哥谈心
@
乳腺外科陶思|医生
!力推荐
李丈丰医生首部作品
天讣川代4I1
53ATIiIIt
`
荤
著
厍
艄
目录
前言
胸痛未必就是心肺问题
一次寻常的“心肌梗死”诊断
判断心肌梗死就看这两个指标
一路“绿灯”的冠脉造影剂
多少英雄好汉，折在三种胸痛疾病之下
排除三种胸痛大病，又迎来腹痛
闻“恐水”而色变，我们恐的到底是什么
年轻人出现呼吸困难和发热，首先考虑肺炎
急诊科是病房排头兵
一",医疗决策,,,,
ku_pdfbook_830d8ca4,生命的反转：急重症科医生手记.pdf,1-4,"”的冠脉造影剂
多少英雄好汉，折在三种胸痛疾病之下
排除三种胸痛大病，又迎来腹痛
闻“恐水”而色变，我们恐的到底是什么
年轻人出现呼吸困难和发热，首先考虑肺炎
急诊科是病房排头兵
一杯水引发的集体恐惧
呼吸困难、乏力、恐水，生命出现大危机
有救了！“晨轻暮重”之后，绝症诊断被推翻
小小“阑尾炎”，竟能让人住进ICU
无论肾结石还是阑尾炎，其实都不难搞
微创改开腹，摊上大事了
小阑尾“戴罪立功”
“心门”不能随便开，关不上了才真叫糟糕
医生开那么多检查单，总是有道理的
听到心脏杂音，关键问题浮出水面
手术风险很大，却是唯一的生机
屋漏偏逢连夜雨：两个并发症同时出现
被忽略的皮疹
怀疑颅内感染？患","呼吸困难, 疼痛管理, 恶心呕吐",,,,
ku_pdfbook_dbc3a80c,生命的反转：急重症科医生手记.pdf,5-5,"片照出一双白肺，医生的努力却没白费
前一秒喘气说话，后一秒心脏停搏
突发呼吸困难，必须警惕气胸
找到双肺变白的原因，又引起新的担心
妻子昏迷的真相，藏在“难言之隐”里
无缘无故的昏迷，不能只考虑低血糖
病危通知都下了，感染灶依旧是个谜
丈夫的坦白证实了医生的猜测
服用降压药长期没效果：可能是其他疾病的锅
中老年人头痛不是小事
心脏停搏10分钟、血压坐了过山车……还有救吗？
这种罕见的肿瘤，可没少折腾人
再暴躁的患者，在病魔面前也没了脾气
“特殊”的肺炎患者
“它不过比肺炎难缠一点，但不是绝症”
久治无果，或许穿刺能找到答案
肺穿刺的重磅发现：肉芽组织、多核巨细胞
ICU里的“一波十三折”
有家","预后不确定, 呼吸困难, 医疗决策, 家属沟通, 死亡焦虑",high,,,
ku_pdfbook_9f4896cc,生命的反转：急重症科医生手记.pdf,9-11,"对诸君有所帮助。
铁打的营盘，流水的兵。铁打的老马和华哥，流水的病人。老马是
一个在急诊科摸爬滚打近二十年的“老兵”，华哥也多年驻守ICU病房。
他们的从医故事异常精彩。请大家搬好凳子，我们这就开始。
胸痛未必就是心肺问题
患者病历
基本信息
男性
58岁
主诉
胸痛,
胸闷
病史
高血压 
冠心病
会诊科室
心内科。外科
关键词
心肌梗死
冠脉造影
主动脉夹层
肺栓塞
一次寻常的“心肌梗死”诊断
“以后再没风平浪静的日子喽！”进急诊科大门的第一天，老马不自
觉感叹了一声。路过的护士听见，暗自琢磨了一下，这话似乎在营造一
种“来都来了，就是干！”的豪气，尾音里却多少带点“呜呼哀哉”的意
思。
","疼痛管理, 呼吸困难",,,,
ku_pdfbook_a4eecc48,生命的反转：急重症科医生手记.pdf,12-12,"过来会诊，
患者一旦明确急性心肌梗死，必须得马上做介入治疗，开通被堵住的心
脏血管，恢复心脏血流。”其实还有半句话，老马用余光瞟了一眼家
属，选择了用眼神传递：患者等下万一发生心脏衰竭，就不止胸痛这么
简单了。
护士确认过眼神，马上找来了对的人。
心内科医生过来后，仔细瞧了瞧病人，一边语速极快地问了几个问
题：“胸痛是怎样的感觉，是像石头压在胸口那样的疼痛，还是像大象
踩在胸口那样喘不过气来？胸痛时你在干什么？”一边按压患者腹部，
摸清具体情况。很多时候，不是医生不体谅患者，非要连珠炮似的发
问，而是在这急诊科里，医生节省下的每一秒都是在拉着患者和死神赛
跑。
这会儿患者的胸痛、胸闷还没缓解，","医疗决策, 家属沟通, 呼吸困难",,,,
ku_pdfbook_37dbce6f,生命的反转：急重症科医生手记.pdf,13-13,"了，感觉
胸痛，还很闷，像块大石头压住胸口一样，喘不上来气。”说完，示意
老马医生把吸氧浓度调大一些，并提高了音量：“缺氧啊，快出人命了！”
患者老婆本来没吭声，听到这话登时慌了，用近乎哀求的眼神盯着
医生：“大夫啊，知道是啥病是不是就能治了？我爱人这情况到底严不
严重啊？”
在急诊科工作多年，老马对此早已司空见惯。其实也不是他这个人
心肠硬，来急诊科的头两年，每天下了夜班躺在床上时，还是小马的他
眼前总会浮现出一些无助的眼神，只觉得自己正在被一些炙热的希望裹
挟着，这种希望关乎几条生命、几个家庭的未来，让他经常连着几日都
合不上眼。后来经历得多了，老马终于悟出了一个道理——医生职责有
边界，","呼吸困难, 家属沟通",,,,
ku_pdfbook_50547711,生命的反转：急重症科医生手记.pdf,18-18,"里面都已经被汗水浸湿了。
老马再次将目光投向心内科医生，然而这次，他们没有发生眼神交
会，因为那双眼睛正一刻不停地盯着屏幕。
造影剂流过胸主动脉，非常顺滑，没有看到夹层迹象。
在场所有人都松了一口气。
多少英雄好汉，折在三种胸痛疾病之下
紧接着，下一口气又要提起来了。如果患者不是心梗，也不是主动
脉夹层，那接下来他们必须继续排除另外一种可能致命的疾病——肺栓
塞。
肺栓塞也会引起剧烈胸痛，它和前面提到的心梗、主动脉夹层三者
之间很容易混淆。急诊科、心内科医生职业生涯中最害怕的三种胸痛病
因就是它们仨，有多少英雄好汉都折在这三种胸痛疾病之下。
肺栓塞的原理和心肌梗死类似，都是因为血栓堵住血管，不","呼吸困难, 疼痛管理",,,,
ku_pdfbook_8396f721,生命的反转：急重症科医生手记.pdf,18-18,"是
堵车的街道。肺栓塞是血栓堵住了肺动脉，心肌梗死则是血栓堵住了冠
脉或者是冠脉严重狭窄引起缺血。肺栓塞一旦发生，那也是分分钟取人
性命的。
临床上，这几类人容易发生肺栓塞：肿瘤患者，血液高凝、手术后
长期不活动或卧床、妊娠或长期口服避孕药的患者。因为这些患者的血
液容易凝固形成血栓，一旦静脉有血栓形成，血栓脱落就可能随着血液
回流至肺动脉，一旦卡住肺动脉，血流马上就会中止，肺脏会立即缺
血。我们知道，肺脏是血液和氧气交换的地方，氧气在肺泡里面登上红
细胞这艘船，让静脉血变成动脉血，但如果肺脏缺血了，进入肺脏的红
细胞缺少了，氧气就没办法进入我们的血液循环，患者就会极度缺氧。
这时候患者会表现","呼吸困难, 家属沟通",,,,
ku_pdfbook_7b90176c,生命的反转：急重症科医生手记.pdf,23-25,"时此刻，患者活过来了。
一个因为胸痛被拉进急诊科的患者，最终确定的病因竟然是最先被
排除的腹部脏器问题。此时天已经亮了，跟着折腾了一天的老马脱下绿
大褂，心生感叹，急诊室里，果真从没有风平浪静的日子。
闻""恐水""而色娈,
我们恐的到底是什么
患者病历
基本信息
女性。30岁
主诉
咳嗽,
咳痰两日 ,
呼吸困难,发热,恐水
Cg
病史
尚未明确
会诊科室
呼吸内科
心内科
神经内科 ICU
关键词
湿1音
狂犬病
重症肌无力
年轻人出现呼吸困难和发热，首先考虑肺炎
凌晨1点，急诊科120车拉回来了一个年轻的女病人。
年轻的女病人最让老马头痛，去年一个年轻女病人差点死在急诊
科，老马至今心有余悸","呼吸困难, 家属沟通, 医疗决策",,,,
ku_pdfbook_3fec70b6,生命的反转：急重症科医生手记.pdf,23-25,"者
一般不会打120到急诊来的。
几个护士合力把这个女病人推进了抢救室。还没等下级医生汇报，
老马就已经觉察出端倪了。看得出，患者呼吸稍急促，口唇轻度发绀，
虽然有鼻导管吸着氧气，但显然供氧还是不够。
陪同病人前来的是她的
丈夫，是个30出头的年轻小伙子。
下级医生不耽误时间，迅速跟老马汇报基本情况：30岁女性，在家
咳嗽、咳痰2天了，今晚突然发生呼吸困难，便叫了120急救车。救护人
员现场为她测量了血压，当时还是正常的，只是血氧饱和度仅有95%。
考虑是肺炎，估计是重症阶段了。
老马一边仔细地听着出车的下级医生汇报，一边认真端详着病人。
这边，几个麻利的护士已经帮患者接上心电监护了，血压也测",呼吸困难,,,,
ku_pdfbook_f2dd4f39,生命的反转：急重症科医生手记.pdf,23-25,"g，心率120次/分，呼吸26次/分，血氧饱和度95%。供氧设备
这会儿已经从鼻导管换成面罩了。
面罩吸氧能提供更高的氧浓度，比鼻导管要好一些。对缺氧的病人
来说，面罩是更合适的选择，但也不总是这样。
比如，万一患者有CO2
潴留
[1]，戴个面罩会导致CO2更加难以排出，会加重CO2潴留。
“有没有发烧？”老马问病人丈夫——那个年轻的小伙子，他此时站
在抢救室门口，没敢进来。
“有，在家量了，体温38.2℃。”他回复说，嘴唇还在轻微颤抖，看
得出很紧张。妻子生病，丈夫紧张，这是人之常情。尤其是年轻的小夫
妻，可能这辈子到现在都没经历过这么大的抢救阵仗。此刻，只见患者
头部正上方是一个心电监护","呼吸困难, 家属沟通",,,,
ku_pdfbook_bdce51b8,生命的反转：急重症科医生手记.pdf,26-26,"
老马靠近病人，一边示意她不要紧张，一边用听诊器检查病人心
肺，了解基本情况。
病人口唇仍旧轻微发绀，神志还很清楚，但精神不大好。说通俗
点，就是有气无力。她半坐在床上，额头上有汗珠，轻轻喘着气，吸气
的时候，锁骨、胸骨上窝凹陷明显，这是典型的缺氧努力吸气的表现。
老马听到了患者肺部有少许湿啰音，沉默了一会儿。这可能意味着
患者肺部有炎症。肺部有炎症，就会有液体渗出，支气管、肺泡里面如
果有液体，那么空气进出气道时会划破这些水泡，产生的声音很像你听
到金鱼缸里面的水泡音，这就叫作湿啰音。
“先拍个胸片，抽个血，估计是肺炎，可能相对严重，要使用抗生
素，并且要收入院住院治疗。”老马跟患者丈夫说。","呼吸困难, 医疗决策",,,,
ku_pdfbook_1d4e9ea0,生命的反转：急重症科医生手记.pdf,26-26,"该怎么做就怎么做。”患者丈夫赶紧说，生怕老马不让住
院，毕竟有时候医院一床难求。
“病人之前有没有什么疾病，比如有没有先天性心脏病？”老马问
他。
他怔了一下，说：“没有吧，没发现，就这两天才不舒服。
以前也
有过身体不舒服，但都不严重，也没查出什么毛病。”
“今晚才出现的呼吸困难吗？”老马问。
“下午就有点不舒服了，呼吸不是很顺畅，但不大严重，晚上就比
较难受，本来想等到明天再来的，但实在是不舒服，而且我看她好像缺
氧，赶紧叫了120车过来了。”患者丈夫回忆说。
“这两天有看过医生吗，吃过药吗？”老马问。
“没看医生，自己买了些药。你看，我都带过来了。”说完，他打开
书包，从里面拿出一袋子药","呼吸困难, 家属沟通, 医疗决策",,,,
ku_pdfbook_3284db40,生命的反转：急重症科医生手记.pdf,26-26,"有一盒阿莫西林，一盒氨
溴索，一盒感冒药，还有几盒中成药。阿莫西林是抗生素，治疗肺炎是
合适的。氨溴索是祛痰药，患者有痰，用这个也合适。患者丈夫告诉老
马，这些都是药店店员让买的，但吃了也没什么效果。
老马点点头，没再说什么，开单让他去缴费。开完单子他回头看了
看患者，患者此时仍然是半坐姿势，精神萎靡。老马告诉她，不用紧
张，用点药就会好很多。
我们都知道，即便在免疫力较强的年轻人群体中，肺炎也是很常见
的一种病。所谓肺炎，多数情况是细菌、病毒等微生物入侵了肺部，引
起炎症，导致咳嗽、咳痰、胸痛、发热、咯血等症状，情况一旦严重也
会出现呼吸急促的症状。大多数肺炎症状都是轻微的，少数会演变为重
","呼吸困难, 家属沟通, 医疗决策",,,,
ku_pdfbook_dca60418,生命的反转：急重症科医生手记.pdf,27-27,"这不，影像科医生很快就过来给患者拍了胸片。结果也迅速出来了，左肺有少许炎症。
这让老马感到头痛。单纯看患者的症状，似乎肺炎很严重。但从胸
片上看到的，又出乎老马意料——肺炎很轻微，不大可能引起这么明显
的症状。
这时候，抽血结果也出来了，血常规是正常的，白细胞没有升高。
这就更加不像是肺炎引起的缺氧、呼吸困难啊！老马隐隐觉得不
对。白细胞是对付细菌的人体卫士，如果真有肺炎，可能性最大的就是
身体有细菌感染，那么白细胞计数一般都会升高，但她的白细胞计数并
没有显著升高，这有些奇怪。
“不管怎么样，先吸氧，补点液体，用些抗生素再说。稳住生命体
征，就有时间慢慢观察。”
急诊科医生是有习惯性思维的，",呼吸困难,,,,
ku_pdfbook_8757258b,生命的反转：急重症科医生手记.pdf,28-28,"眼前这个年轻的女病人，没有卧床
病史，没有妊娠，不存在长期口服避孕药等高危因素，血液不会很黏
稠，不大可能是肺栓塞。老马也没有往这方面考虑（通常如果有必要验
证，可以做胸部CT检查，那就一目了然了）。
急诊科是病房排头兵
会不会是心脏的问题？老马突然想到这点，心里咯噔了一下。
“心电图得再做一次。”老马吩咐身旁的规培医生。病人在送来的路
上虽然已经做过心电图了，没有异常发现，但现在过去了将近1小时，
复查心电图是必要的。“估计不会有很大问题。”老马暗自思忖。因为从
心电监护也能大致看到患者心电情况基本是稳定的。不过心电监护看得
很粗略，肯定比不上心电图，所以若想排除心脏问题，心电图还是得
做。","呼吸困难, 医疗决策",,,,
ku_pdfbook_4e6b81cf,生命的反转：急重症科医生手记.pdf,29-29,"果不是心肌梗死，那么心肌炎还是要考虑。”规培医生说了自己
的看法。
“患者如果有心肌炎，肌钙蛋白应该会升高的。”老马眯着眼睛，似
笑非笑。
“老师，我见过肌钙蛋白不高的心肌炎患者猝死的。”规培医生瞪大
了眼睛，望着他的老师很认真地说。
老马想多说两句，告诉他肌钙蛋白不高基本可以排除心肌炎，但想
到世事无绝对，有些病人症状的出现先于检验结果的异常，也是有可能
的，所以没再说什么。
患者呼吸困难原因未明确。从胸片看，肺炎虽然不严重，但目前能
找到的病因也就只有肺炎，心肌炎证据不足，心肌梗死基本排除，既往
没有心脏病基础，估计不会有心衰。总的来说，心脏的原因可能性小，
肺部的原因可能性大。
“先请呼",呼吸困难,,,,
ku_pdfbook_acbb024e,生命的反转：急重症科医生手记.pdf,29-29,"内科医生过来看看再说吧。”老马告诉规培医
生，让他去打电话。急诊科不是病房，而是病房的排头兵，急诊科的重
要作用之一就是识别出病情严重的患者，做早期处理，然后把他们护送
至相应的科室进行更细致的治疗。
通常情况下，急诊科发出的会诊请求，各科室均需配合，尤其是对
呼吸困难的病人，所需科室医生一刻都不敢耽搁，都会尽快赶到。这
不，会诊请求发出没多久，呼吸内科、心内科医生就先后赶来了。
呼吸内科医生看了病人后，认为即使胸片看起来不严重，但依据症
状判断，肺炎诊断是成立的，病人完全可能是因为肺炎引起的呼吸困
难、缺氧。另外，还是不能排除肺栓塞的可能。典型的肺栓塞症状是呼
吸困难、胸痛、咯血三联征，病人","呼吸困难, 医疗决策, 预后不确定",,,,
ku_pdfbook_e1777485,生命的反转：急重症科医生手记.pdf,30-30,"发热、焦虑、紧张、
疼痛、害怕、缺氧、缺水都会导致心率快。加上心电图基本都是正常
的，看不出有心脏缺氧的迹象，所以心肌梗死基本可以排除。但凡事无
绝对，可以动态观察，必要时再复查心电图、心肌酶等指标。
一杯水引发的集体恐惧
两个科室的医生都走了。
老马跟规培医生说，那就收入呼吸内科吧，暂时按照肺炎处理。至
于要不要做胸部增强CT，看他们的意思吧，让他们来做。毕竟术业有
专攻。
这时候，患者招手示意想喝水，说口渴。此时，她的呼吸困难似乎
稍微好转了一点，但也没好多少。毕竟折腾了一晚上，渴了是正常的，
老马怕她有心脏问题，也就没有敢补太多液体，所以她此刻应该是缺水
的。
老马让规培医生去倒杯水给她","呼吸困难, 疼痛管理, 疲劳与虚弱",,,,
ku_pdfbook_b3a15b7d,生命的反转：急重症科医生手记.pdf,31-31,"。”她说这话的时候，嘴唇是干燥的，傻瓜都看
得出，她真的需要水分。
患者一动，心率就更快了，接近140次/分，心电监护发出了尖锐的
报警声。
老马稍微靠近了一下病人，问她：“觉得光线刺激吗？要不要关一
部分灯，让你好好休息休息？”
病人此时皱着眉头，喘着粗气，似乎提一口气都很困难的样子，费
力极了。她说：“能关灯就最好了。”说完后她顿了顿，又说：“不关也
不要紧。”
老马一边告诉她不要说话了，好好吸氧，一边示意规培医生看着
她，自己则走出了抢救室，找到患者丈夫，问了一句：“患者最近有没
有被狗咬过？”
患者丈夫对老马这个问题感到很疑惑，想了好一会儿，说：“没有
啊，没有听她说过这个事情。”
显","呼吸困难, 家属沟通, 医疗决策",,,,
ku_pdfbook_c4b9b1ea,生命的反转：急重症科医生手记.pdf,31-31,"马不满意。
“你再仔细想想，最近几个月，或者最近几年，你们家有没有养
狗？或者在居家、路边等处有没有跟狗接触过，有没有不小心被咬
过……”
“你这么说，倒好像真有一次……”患者丈夫使劲回忆着，说去年在
朋友家，她被小狗吓了一跳，还被咬了，但当时好像并不严重……
“当时有没有打狂犬病疫苗？”老马追问。
“没有。”
这个答案，让老马失望至极，又让老马恐惧至极。
眼前这个呼吸困难的女病人，很明显有恐水的表现。恐水意味着什
么？别人可能不知道，老马自己却是心惊胆战。他从事急诊工作十几
年，遇到过的两个恐水患者，最终都确诊为狂犬病，而且都死掉了。
狂犬病，一旦发病，必死无疑。
老马丝毫不怀疑这点，所以恐","呼吸困难, 家属沟通, 医疗决策, 死亡焦虑",,,,
ku_pdfbook_7bf1c0ab,生命的反转：急重症科医生手记.pdf,32-33,"哭，蹲在凳子前，伤心欲绝。此时此刻，凌晨
3点，他仿佛成了全天下最可怜的人。
“你也不用太担心，我只是怀疑而已。确诊还需要做一些检查，比
如查一些抗原等，需要点时间。她未必就是狂犬病，可能仅仅是重症肺
炎而已。”老马安慰患者丈夫。事实上，他真的仅仅是在安慰而已。在
他内心里，已经基本认定患者就是狂犬病了。
呼吸困难、乏力、恐水，生命出现大危机
患者呼吸困难、乏力、恐水，好像还怕光，希望病房能够关灯，又
有被狗咬的病史，诊断已经七七八八了。更何况，患者排除了心脏原因
引起的呼吸困难，胸片也没看到明显的肺炎，虽然呼吸内科医生说胸片
不严重但症状可以严重，老马也相信这点，但他从个人经验判断，那些
胸","呼吸困难, 死亡焦虑, 家属沟通",,,,
ku_pdfbook_fe8d5357,生命的反转：急重症科医生手记.pdf,32-33,"生这样的
情况，所以老马心里并不认可肺炎导致患者呼吸困难的诊断，肺栓塞的
依据又不足。
然而狂犬病可以解释一切。
肺炎怎么解释恐水呢？不能。
老马大脑快速转动，该怎么处理这个特殊的病人，要不要马上请感
染科？半夜三更地请感染科也不合适，他们也暂时帮不上忙，今晚的任
务是保住生命，先插管上呼吸机再说。
不管什么原因导致的呼吸困难，只要足够严重，就有插管上呼吸机
的指征，除非是气胸。气胸就不能上呼吸机，因为气胸往往意味着肺脏
破裂，这时候还用呼吸机吹气，只会越吹越破，气胸越来越厉害，这会
得不偿失。但患者明显不是气胸，胸片也证实了。
所以，马上找ICU上呼吸机吧。ICU是重症医学科，全院最危重的
","呼吸困难, 医疗决策, 家属沟通, 转诊决策",high,,,
ku_pdfbook_383970b7,生命的反转：急重症科医生手记.pdf,34-34,"CU有专业的生命支持设备，能最大限度稳住患者生命体征。
“同意去，已经签好字了。”老马说。
“什么原因导致的呼吸困难？”华哥望着患者，问老马。在老马告诉
华哥之前，华哥已经在快速观察患者的一般情况了。
老马把华哥拉到一边，表示目前怀疑狂犬病。声音很小，怕患者听
到。旁边的规培医生没说话，静静地听着。他刚刚也翻了书，书上说，
恐水这个特征是非常重要的，基本上可以跟狂犬病画等号了。毕竟狂犬
病还有个名字叫“恐水症”。
为什么狂犬病患者会恐水？这个机理比较复杂，主要是因为病毒侵
蚀了迷走、舌咽、舌下脑神经核，这些位置控制患者的咽喉、吞咽动
作，患者会发生吞咽肌痉挛、呼吸肌痉挛。一旦患者看到水或者联想","呼吸困难, 家属沟通, 医疗决策, 转诊决策, 预后不确定",,,,
ku_pdfbook_c1ebe8d2,生命的反转：急重症科医生手记.pdf,34-34,"会联想到吞水的动作，而对一个咽喉痉挛的狂犬病患者来说，吞
水无异于自杀，因为水可能会误入气管导致窒息。所以狂犬病患者会恐
水。
华哥听老马说出狂犬病时，瞪大了眼睛，难以相信。
“患者有典型的恐水表现。
”规培医生这时候插了一句。老马点头，
默认这个说法。“而且，患者之前有被狗咬的病史，还没有注射疫苗。”
华哥依然不相信，这太夸张了吧，买彩票都没那么好运气。每年被
狗咬的人多了去了，没几个发病的。再说现在家养的狗大都很安全，狂
犬已经不多了。
老马理解华哥的质疑，于是跟他重新分析了一遍病情，时不时瞥一
眼患者心电监护，确认暂无生命危险才接着说。
华哥听罢，只能认同老马的判断。毕竟，恐水真的是一个","呼吸困难, 医疗决策",,,,
ku_pdfbook_63ce94f9,生命的反转：急重症科医生手记.pdf,34-34,"的
特征。
“那怎么办？收入ICU吗？”华哥问老马。
“先收上去吧，我估计患者不用过多久就要插管了，现在呼吸有些
急促了，血氧饱和度勉强可以，那是因为高流量吸氧了，搞不好过10分
钟就要插管上呼吸机。
如果患者真的是狂犬病，那么现在应该是兴奋
期，兴奋期患者会恐水、有幻觉等，持续一两天时间。现在过去差不多
一天了，接下来就会进入麻痹期，到那时候患者就会呼吸麻痹、循环麻
痹了。如果不上呼吸机，必死无疑。”
“当然，上了呼吸机，也必死无疑。”老马补了一句。
“你容我思考一下，这个病人比较特殊，我得跟上级汇报一下。”华
哥说。
“还汇报啥，你汇报不汇报都得上啊，不上呼吸机马上就死掉了，
我们的职责不","呼吸困难, 医疗决策, 家属沟通",,,,
ku_pdfbook_640f5eb9,生命的反转：急重症科医生手记.pdf,36-36,"犬病呢？她丈夫说当时被狗咬了，但那会儿他喝了酒，糊涂了，记不
清楚是有可能的。病史这东西，还是患者自己亲口说的更为可靠。
老马当然知道这点。
可如果患者不是狂犬病，为什么会有恐水的表现呢？老马糊涂了。
虽说经验丰富，但老马一直以为恐水基本等同于狂犬病。不是狂犬病的
恐水症状估计临床不多见。
“马哥，患者肺炎真的不严重啊……”华哥赞同老马的观点，患者的
呼吸困难应该不是肺炎导致的。而且患者看起来很虚弱，浑身都没力
气，说句话的工夫都快要睡着了。“该不会有神经系统问题吧？”
“神经系统问题也不大可能导致呼吸困难啊。”老马摊了摊手。
“有没有脑血管意外的可能？少数脑血管意外会引起肺水肿，这是
一种神","呼吸困难, 疲劳与虚弱, 医疗决策",,,,
ku_pdfbook_9b0b547d,生命的反转：急重症科医生手记.pdf,37-37,"华哥
没想到的东西，所以才会眼神发亮。
“是不是觉得早上好一些，下午差一些？”老马问。
患者轻轻点头，似乎都懒于说话了。
听到老马问这句话的时候，华哥才恍然大悟。而站在一旁的老马，
早已经激动不已了。
有救了！“晨轻暮重”之后，绝症诊断被推翻
他们俩都观察了患者很久，患者的肢体无力、呼吸困难显而易见，
连抬头、睁眼、活动肢体都难以做到。一般人会以为患者是由于缺氧导
致乏力，但此时此刻，老马和华哥同时想到了一个旁人可能没有想到的
疾病。
重症肌无力！
这个诊断已经呼之欲出了。
患者非常有可能是重症肌无力，而且是肌无力危象。老马望着华
哥，眼睛放光。肌无力危象发作时，最严重的莫过于呼吸肌无力（呼吸","呼吸困难, 疲劳与虚弱",,,,
ku_pdfbook_8bf0c4cd,生命的反转：急重症科医生手记.pdf,37-37,"肉都可能累及，如呼
吸肌、颈部肌肉、眼皮肌肉等，所以患者会抬不起头、睁不开眼……
这些华哥当然也都知道，笑着说：“看来还是得请神经内科过来看
看啊。”
规培医生得到老马的示意，颠颠儿地跑出去打电话了。
剩下老马和
华哥在抢救室盯着病人，两人一商量，还是决定先下手为患者插管上呼
吸机，否则患者一旦呼吸停了，治疗就被动了。
华哥出去让患者家属签字，老马则在护士的协助下，三两下将患者
身体放平，顺利插入了气管插管，接上呼吸机。
看着患者安静地躺在抢救床上，呼吸机“扑哧扑哧”打着气，老马感
到无比的踏实。因为患者的血氧饱和度升至了100%。
说到这儿你可能会有疑问，难道恐水不是狂犬病的特有表现吗？还
","呼吸困难, 医疗决策, 家属沟通",,,,
ku_pdfbook_80b9043e,生命的反转：急重症科医生手记.pdf,38-38,"的交接工作，恢复肌肉的力量。此外，
还可使用激素、免疫球蛋白类药物配合治疗，我们认为很多重症肌无力
患者的发病可能跟免疫异常有关，而激素是最强的免疫抑制剂，所以激
素冲击治疗也是有效的，甚至是高效的。
收入ICU后，遵从神经内科医生的建议，给予溴吡斯的明、糖皮质
激素、免疫球蛋白等药物治疗。
第二天，患者顺利苏醒，眼睛睁得大大的。
看到这么明亮的大眼睛，华哥知道，重症肌无力确诊无疑了。这双
大眼睛看上去漂亮多了，跟患者昨晚眼皮无力的状态相比，简直天壤之
别。
用对药了，患者的呼吸无力迅速好转，呼吸困难也显著改善，顺利
脱了呼吸机，拔除了气管插管。
没错，患者得的不是狂犬病，不是肺炎，不是心肌炎","呼吸困难, 疲劳与虚弱, 医疗决策",,,,
ku_pdfbook_0fa4322d,生命的反转：急重症科医生手记.pdf,44-44,"叫。老马急忙请了外科医生过
来，外科医生查看后，同意了急性阑尾炎诊断，认为当下有立即手术切
除阑尾指征。
患者听到要住院做手术，不是太情愿，但肚子实在痛，也不好拒
绝，只好让老马帮忙打电话叫儿子过来。
老马和患者两人商量决定，患者先办理入院，直接入手术室，家属
这边由老马联系。
外科医生联系了手术室，让准备急诊手术。老马提出，还是等家属
来签了字再说吧，或者先向医务科备案也好。外科医生说：“两边一起
进行也没问题，谁知道家属什么时候才能到。再说，阑尾切除手术，患
者自己也可以签字。”老马默许。
不到半小时，患者儿子赶到了。老马简单地介绍了情况，让他去手
术室找外科医生。家属找到了外科医生，焦急","医疗决策, 家属沟通, 疼痛管理",,,,
ku_pdfbook_e9a84e6f,生命的反转：急重症科医生手记.pdf,54-54,"检查吧。”老马催她。
等她检查回来后，老马已经看了好几个病人了。各科室跑了一圈，
病人似乎有些疲惫，一屁股坐在凳子上，微微喘气。
老马敏锐地注意到了这个小细节，问她：“平时有经常运动吗？体
力如何？”
病人告诉老马，自己平时不怎么运动，偶尔会跑跑步、打打羽毛
球。她大概意识到老马的担忧了，指着自己的胸口，说现在感觉有点胸
闷，但不是太严重。
老马看了看电脑，发现患者的检查结果已经同步过来了，便开始逐
一排查。胸片还好，没有明显炎症，不是肺炎；心电图也没什么明显异
常，就是心率略微偏快，101次/分；血检结果还没出。
发热病人心率偏快些，这是很正常的。但患者觉得有些胸闷，这就
让老马不得不警惕了","呼吸困难, 疲劳与虚弱",,,,
ku_pdfbook_ecf832ea,生命的反转：急重症科医生手记.pdf,58-58,"说约了后天才能做的，没想到今天
就能做了，由衷地庆幸。
一切准备妥当后，管床医生推着病人去了彩超室。
结果出来了，嗯，真的是心脏瓣膜的问题。
患者的二尖瓣、主动脉瓣都有赘生物，引起瓣膜关闭不全。这个赘
生物，基本上就是细菌团块了，细菌和坏死组织黏附在瓣膜上，细菌可
能持续入血，所以患者会反复发烧。虽然管床医生一开始也用了抗生
素，但是抗生素未必能针对这个细菌起作用，而且剂量也不够大，很难
把赘生物里面的细菌干掉，所以病情反反复复。
这些细菌不知是什么时候入血的（可能是从患者皮肤感染入血），
一路侵袭到患者的心脏瓣膜，引起瓣膜炎症，造成瓣膜损伤，患者因此
出现发热、心脏杂音等症状。换句话说，患者","医疗决策, 家属沟通",,,,
ku_pdfbook_5a681489,生命的反转：急重症科医生手记.pdf,59-59,"的，现在检查到患者血里面有细菌，最大的可能就是
从心脏赘生物这里释放出来的。
到现在为止，患者存在发热、心脏听到杂音、心脏彩超看到有瓣膜
赘生物这三方面情况，那么诊断为感染性心内膜炎就是确定无疑的了。
手术风险很大，却是唯一的生机
确诊后，接下来就要考虑治疗了。
科主任说，治疗也是要用抗生素。但从现在起，我们要根据培养出
的细菌来有针对性地选择抗生素了，而且要使用较大的剂量，才能维持
血液较高的药物浓度，从而杀灭赘生物里面的细菌。否则，这些精明的
家伙藏在又肮脏又厚的赘生物里面，药物未必能干掉它们。
“请心内科医生过来看看吧，毕竟是他们的专科疾病。”科主任发话
了。
心内科医生过来了，看了看患","医疗决策, 家属沟通",,,,
ku_pdfbook_2a86da1d,生命的反转：急重症科医生手记.pdf,59-59,"基本同意目前的治疗。感
染性心内膜炎，既然是细菌感染导致的，用抗生素是必需的，也是最关
键的。只要抗生素用对了，且剂量足够，应该会有效果的。
“治疗方法看起来简单，就怕患者在过程中发生并发症，比如心力
衰竭，或者栓塞等，最怕发生脑栓塞。”说这句话的时候，心内科医生
暗暗捏紧拳头。因为前段时间他们科一个确诊感染性心内膜炎的患者后
来发生脑栓塞而去世了，这件事让大家心里都蒙上了一层阴影。
管床医生转过身对患者说：“你的病现在已经明确诊断为感染性心
内膜炎，只要不发生心力衰竭、脑栓塞等并发症，一般都没问题的，不
用太担心。安心配合治疗就可以。”
患者丈夫还是有些担心，问道：“我媳妇这么年轻，怎么会发","家属沟通, 医疗决策, 预后不确定",,,,
ku_pdfbook_e62901b8,生命的反转：急重症科医生手记.pdf,60-60,"心，问道。
“这个很简单，”管床医生说，“如果瓣膜上的赘生物脱落，随着血
液流动，它可能会流入大脑，如果刚好堵住大脑的血管，造成这部分脑
组织缺血缺氧，就会发生脑栓塞了。我们现在用强力的抗生素治疗，目
的就是为了预防这个赘生物继续增大，要知道，赘生物越大就越可能脱
落。”
“那这个病要治疗多久啊？”患者丈夫问。
“起码得一个月，”管床医生说，“足够长的时间，才能确保彻底杀
灭赘生物的细菌。”
病人和家属听到这个答案后都吓了一跳。没想到一个发烧，竟然要
把自己禁锢在医院长达一个月的时间。
“如果能顺顺利利过完这一个月，那就谢天谢地了。”管床医生用只
有自己能听到的声音嘀咕了一句。
很可惜，命运总","呼吸困难, 家属沟通",,,,
ku_pdfbook_78c3a951,生命的反转：急重症科医生手记.pdf,60-60,"让人那么顺利。
你越是害怕什么，命运就越会给你什么。
第二天一大早，护士就冲进来喊医生，说2床（就是这个患者）呼
吸不好了，缺氧严重，赶紧去看看。
管床医生连白大褂都来不及穿，护士话音刚落就冲了出去。
等他来
到患者床旁时，发现患者正端坐着大口呼吸，气喘吁吁，满头大汗，口
唇有些发绀。
患者丈夫在一旁急得手忙脚乱。
糟糕，难不成患者真的发生了急性心力衰竭？这是管床医生脑海中
闪现的第一个念头。
难道细菌最终还是弄破了瓣膜，导致瓣膜功能障碍，心脏失去了正
常的泵血功能？血液如果不能有效泵出去，就会淤积在肺循环，肺循环
是装不下那么多血液的，多余的液体会渗出到肺泡里。肺泡本来是装气
体的，现在装了","呼吸困难, 疼痛管理",,,,
ku_pdfbook_fe716f35,生命的反转：急重症科医生手记.pdf,61-61,"下医嘱，让护士执行。
急性左心衰发作，肺水肿明显。利尿剂能迅速把身体里面多余的水
分去掉，通过尿液排出来，也能减少肺里面的水分，从而缓解心衰症
状。
但药物起效是需要时间的，而患者目前已经危在顷刻了。
管床医生赶紧让ICU医生过来会诊，看看需不需要直接气管插管接
呼吸机，先保证患者的呼吸再说，否则患者可能会因缺氧窒息而死亡。
在等待ICU医生来之前，管床医生又给患者拉了个心电图，心电图
仍然没有看到急性心肌梗死图形。看来真的是瓣膜损坏加重了，因为听
诊的时候心脏杂音更强了。
抗生素治疗失败了。细菌正在张牙舞爪，嘲笑着管床医生。
接到会诊电话后，ICU医生华哥急忙赶了过来。快速了解患者病情
后，","呼吸困难, 医疗决策, 家属沟通",,,,
ku_pdfbook_bae1fd1f,生命的反转：急重症科医生手记.pdf,61-61,"是急性心衰发作。此时患者缺氧明
显，必须立即解决缺氧的问题。
“患者必须马上气管插管接呼吸机辅助通气，转ICU治疗。”华哥斩
钉截铁地跟家属说。
家属这时候来不及考虑太多，当下只能同意转运ICU治疗。
“没的迟疑。一迟疑，人就没了。”华哥继续强调。
患者本人缺氧更厉害了，眼看就要昏迷过去了。
所幸华哥这次来时早有准备，随身带来了气管插管箱，就怕患者需
要气管插管。现在刚好马上用到，不耽误一分钟时间。
放倒患者后，华哥跪在患者床头，三两下就把气管插管插入患者咽
喉，置入气管。患者已经失去意识了，所以没有太多抵抗。
“赶紧接上简易呼吸器，转ICU。”华哥跟管床医生说。必须用最快
的速度接上呼吸机，","呼吸困难, 医疗决策, 家属沟通",,,,
ku_pdfbook_9f626f87,生命的反转：急重症科医生手记.pdf,61-61,"，给患者吸入高浓度的氧气，才能缓解缺氧。
在众人的努力协作下，患者顺利转入了ICU。
经过2小时的呼吸机治疗，患者缓缓醒来。这会儿血压也低了，但
人还是很虚弱，华哥给她用了小剂量的升压药维持身体状态。
一般普通人到了ICU这种地方，那肯定会害怕的，这是人之常情。
为了减少患者的担忧，华哥不停地给她安慰，告诉她，治疗一两天，等
病情好转就能出去了。口中这根管子是救命管，暂时不能拔掉，就忍一
下吧，实在忍不了，就给你用点镇静药，睡一觉就好了。
患者拼命摇头，表示不想“被镇静”。
然而，清醒的病人在ICU里是真的遭罪。镇静药该用的时候还是会
用，由不得患者自己做主了。但考虑到患者现在既然能耐受气管插","呼吸困难, 疼痛管理, 医疗决策, 家属沟通",,,,
ku_pdfbook_171d7d8d,生命的反转：急重症科医生手记.pdf,65-65,"保证。”胸外科医生再次跟家属强调，同时
跟家属解释了手术的费用问题，要他们去缴纳一部分押金。
华哥后来刷新了系统，家属的确充入了3万元押金。
这次手术，胸外科医生几乎都去了，几个技术好的上台，其他人围
观。华哥搞好手头上的活后也去观摩了。
还好，手术比较成功。
手术医生把置换出来的坏了的瓣膜拿给家属看，告诉他们，这个就
是本次疾病的罪魁祸首。
术后，患者再次送入ICU复苏。
也许是命运之神终于开始眷顾患者了。
第一个好现象就是，她的氧合指数大有好转，复查的动脉血气提示
氧分压高到正常值了。这都归功于心脏恢复了正常的泵血功能，血液能
够正常泵出去了，不堆积在肺循环，肺泡里面的液体减少，气体增多，","家属沟通, 医疗决策",,,,
ku_pdfbook_960e9ef7,生命的反转：急重症科医生手记.pdf,65-65,"迎刃而解了。
第二个好现象是，当天晚上，患者的血压逐步恢复了正常，升压药
剂量也随之逐步下调了。这也印证了患者的休克是心源性休克，而不是
感染性休克。之前有些医生考虑患者的休克说不定是感染严重导致的。
现在看来，感染是很严重，但还不至于引起休克，休克完全是因为心脏
功能不行了。只要更换了新的心脏瓣膜，患者立马好转。
什么叫作“满血复活”？
什么叫作“起死回生”？
估计这个就是了。
不过还没到彻底放心的时候。当下，大家都很担心患者的脑栓塞的
问题。术后患者生命体征恢复稳定，也顺利脱开呼吸机，拔掉了气管插
管，还做了头颅MRI检查，证实了脑栓塞的存在，而且是有两个部位的
脑栓塞，还好，不是太严重。","预后不确定, 医疗决策",,,,
ku_pdfbook_650d4afb,生命的反转：急重症科医生手记.pdf,71-71,"胸片，发现有点肺炎，可能是肺部感染了，不排除有其他的感染灶。说到这里，老
马皱了皱眉：“单纯用肺炎来解释他的病情，依据似乎不太充分，从胸
片上看确实有肺炎，但不至于这么严重啊！而且患者的尿不多，今天一
整天才600mL的尿液（正常人一般一天会有1500～2000mL尿液）。”老
马望着华哥说。
华哥接过化验单，看了一眼，血里面白细胞计数的确是很高，将近
20×10
9/L［一般（4～10）×10
9/L为正常范围］。
“血小板低吗？”华哥问老马。血小板低，往往意味着感染更严重，
感染的患者伴随血小板计数降低是ICU医生司空见惯的事情。血常规是
个很简单的检查，但是它能提供非常多的信息，包括我们","呼吸困难, 预后不确定, 医疗决策",,,,
ku_pdfbook_d126ee5e,生命的反转：急重症科医生手记.pdf,80-80,"登革热，1～4天可痊
愈。重型患者或因中枢性呼吸衰竭和出血性休克患者可能在24小时内死
亡。
登革热的典型表现就包括发热、皮疹、血小板低、出血啊！华哥内
心几乎要喊了起来，但是没喊出口，怕吓着同事们。
“5床可能是登革热！”华哥忍不住跟丁医生分享了自己的想法。当
然，仅仅是可能而已，目前来说，似乎所有的症状都可以用登革热来解
释。他有出血，病情重，估计是登革出血热。
其实登革热这个传染病本身的死亡率并不高，多数都可以治愈（或
者说自愈），但登革出血热是一种较为严重的登革热，以高热、休克、
出血、皮疹、血小板减少等为主要特征，病死率高。华哥几年前在呼吸
内科值班，曾经一天接收了13个登革热患者，","呼吸困难, 家属沟通",,,,
ku_pdfbook_db159990,生命的反转：急重症科医生手记.pdf,91-91,"低了，就会
因脑缺血而昏迷。
华哥迅速进行了抗休克处理，不管是什么原因导致的休克，紧急抗
休克的处理方式都是正确的。处理方法无外乎马上补充液体、补充血容
量，同时用些升高血压的药物，比如去甲肾上腺素。
去甲肾上腺素能够
强烈收缩外周血管，从而提升血压。
同时针对胰腺炎进行处理。
多数胰腺炎都是可以保守治疗，无须手术的。除非病情发展到一定
程度，胰腺坏死明显，保守治疗效果不好，或者合并其他脏器损伤，才
考虑手术治疗，手术治疗的目的是清除坏死的胰腺组织，同时处理其他
问题。
但是，重症胰腺炎一旦到需要外科手术治疗的地步，往往提示病情
很重了，病死率相当高。
当下，手术并非优先考虑的方案。经过1小时","呼吸困难, 医疗决策, 家属沟通",,,,
ku_pdfbook_99323c0a,生命的反转：急重症科医生手记.pdf,92-93,"血压还是很低，升压药剂量较大，而且昏迷后呼吸状况
也不好了。华哥跟家属沟通，说要上呼吸机了，先气管插管，再接呼吸
机，保证氧气供给，才有机会逆转。
上呼吸机这个决定对家属来说是艰难的，但是没的选择了。
开弓没有回头箭。
“插吧。”家属签字了。
患者休克难以逆转，华哥自己也很纠结。造成休克的原因有很多
种，但是最常见的就是严重的感染、心脏衰竭，还有就是大量失血。患
者目前被认为有重症胰腺炎，本身重症胰腺炎就会导致休克。但能不能
排除其他原因引起的休克呢？
诊断一个疾病，如何才能做到万无一失呢？只有明确一个诊断，并
且能同时排除其他可能性，这样才是最稳妥的。
很显然，目前这个患者病情进展太快，很多","医疗决策, 家属沟通",,,,
ku_pdfbook_430f0627,生命的反转：急重症科医生手记.pdf,94-94,"行血肿清除术，结扎活动性出血点，
用生理盐水反复冲洗确认不再出血了，才关腹出来。术中还继续输了4u
红细胞、1000mL血浆，还有其他液体。
术后，患者顺利恢复，没再继续出血了，血红蛋白也稳定下来了，
腹痛也显著缓解了，左下肢也没有疼痛感了。华哥向患者仔细询问，得
知她2天前干活时扭伤了腰部，说不定当时就已经有出血了，但不严
重，后来才逐步加重。
这个病例给我们最大的启发，就是服用华法林的时候一定要严格遵
循医嘱，控制剂量。华法林虽然能抗凝，但如果服用剂量把握不好，用
过量了，或者受到日常生活中饮食因素的影响效果增强了，就会导致出
血。这次患者是腹膜后出血，所幸及时发现并处理了。下一次，如果是","医疗决策, 疼痛管理",,,,
ku_pdfbook_a2f96d50,生命的反转：急重症科医生手记.pdf,101-101,"副主任问。
恙虫病，大家可能听得少。很多动物（主要是各种老鼠，比如黄毛
鼠）身上都有恙螨，恙螨很小，长度不过1mm，恙虫病立克次体这个病
原微生物会感染恙螨，恙螨又寄生在这些鼠类身上。这些鼠类出没于田
间野外，人类在田地间干农活或者在野外休息时，就可能会被寄生在鼠
类身上的恙螨叮咬，从而传播恙虫病立克次体，引起恙虫病。
恙虫病立克次体侵入人体后，会引起全身小血管炎症，会有发热，
如果侵袭呼吸道，那就有咳嗽、胸闷，如果侵袭心脏，那就会有心肌
炎，如果侵袭肝脏，就会有肝炎、转氨酶升高等，患者发热、畏寒，难
免会有四肢疼痛。
“这些症状都可以解释得通啊，所以必须要警惕恙虫病这类传染病
可能。”副主任","疼痛管理, 呼吸困难",,,,
ku_pdfbook_797e4ad7,生命的反转：急重症科医生手记.pdf,102-103,"。
“说不好，我看看才放心。”副主任微笑着说，边示意他躺下，边戴
好手套，不由得患者不配合。
患者只得解开皮带，脱下裤子，让副主任瞧个仔细。
副主任一言不发，左左右右查了个遍，愣是没发现啥。皮肤还是很
完整，没发现明显的焦痂。最后，让患者撅起屁股，看看肛门附近，也
都没有。副主任这才死心。
检查后，大家又回到办公室。副主任吩咐管床医生，请感染科医生
过来看看到底有没有传染病可能，另外要再做一次胸腹部CT，看看有
没有变化。患者现在呼吸有些急促，恐怕是肺炎加重了。
副主任临走前，还让管床医生把抗生素调整了，多加了一种药。
恙虫病？不是已经被排除了吗？
当晚，感染科医生还没来得及看，患者病情就变化","呼吸困难, 疼痛管理",,,,
ku_pdfbook_48a0a263,生命的反转：急重症科医生手记.pdf,102-103,"。
护士急急忙忙冲进办公室，说38床（该患者）呼吸困难症状突然加
重了，满头大汗，还说肚子痛，嗷嗷叫。
值班医生一听，也跟着紧张起来了。这个患者诊断未明，本来就让
人头痛，突然来这么一出，可别出事了。
值班医生来到病人床旁，见患者神志还清楚，但额头上都是汗珠，
捂住肚子，呼吸急促异常，心电监护提示血氧饱和度降至90%。值班医
生赶紧让护士把氧气面罩拿过来，给他戴面罩吸氧，随后开始检查患者
腹部。患者腹部压痛比较明显。
到底哪里出了问题？下午都还好好的。值班医生丈二和尚摸不着头
脑。进一步细致检查，发现患者右上腹似乎压痛更明显一些，墨菲征似
乎是阳性的。
前面提到过，墨菲征阳性，意味着患者胆囊有","呼吸困难, 疼痛管理, 医疗决策",,,,
ku_pdfbook_d4c0dbd2,生命的反转：急重症科医生手记.pdf,102-103,"症波及了腹壁，这时候我们在胆囊这个位置压下去，会出奇
疼痛，因为压迫到了发炎的胆囊。可是患者之前的B超没有看到胆囊结
石啊！值班医生想不明白。
该不会有突发的胃肠穿孔吧，胃肠穿孔也会让人痛得嗷嗷叫的。
不
管如何，请外科医生过来会诊总是正确的。
同时，也要再次排除心肌梗死的可能。任何腹痛都要排除心梗，这
是医院的明文条例。所以值班医生一边派人找外科医生，一边自己拉心
电图，同时考虑到患者突然病情加重，说不定得去ICU，又派人找ICU
医生会诊。
心电图结果出来了，没啥大问题，就是心率快些，120次/分。
外科医生先到了，检查了患者腹部，说：“患者这个肚子虽然疼
痛，但是腹壁不紧张，没有反跳痛，","疼痛管理, 呼吸困难",,,,
ku_pdfbook_a9d4b4fb,生命的反转：急重症科医生手记.pdf,104-104,"
手术。”
ICU医生也来了，对，就是大家熟悉的华哥。华哥看了病人，快速
回顾了病人的病史，大脑里也是“找不着北”。患者有发热、胸闷、气
促，突然就腹痛起来，既然没有特殊病史，的确不好诊断是什么，只好
同意外科医生的意见，先做CT。
但是患者现在这个情况比较严重，直接拉去做CT，恐怕运送路上
也不安全，可是不做CT也不行。“还好现在血压还是稳定的，跟家属沟
通好，快去快回，看看CT能不能发现什么特殊情况，”华哥给了建
议，“如果有需要，ICU随时准备好床位等着。”
华哥的话刚说完，患者的呼吸更加急促了。这可吓坏了患者老婆，
她差点哭出来，扯着值班医生说赶紧用药啊，再不用药就死人了。
华哥本来想","呼吸困难, 家属沟通, 医疗决策",,,,
ku_pdfbook_99d4d98d,生命的反转：急重症科医生手记.pdf,104-104,"息，见这架势，也不好先行离开了。患者呼吸
困难进一步加重，赶紧再用听诊器查看双肺，双肺呼吸音是对称的，不
支持气胸诊断。心电图也没看到心肌梗死。虽然呼吸急促了，但是血压
还是高的（不过这可能是假象）。
患者现在交感神经兴奋，血压高是当
然的，如果患者安静下来，说不定血压会掉得很厉害。
当务之急，先解决患者的呼吸问题。至于明确诊断什么的，只得容
后再说了。华哥打定主意，跟值班医生说：“要不先转ICU，气管插管接
呼吸机稳住生命体征再说。”
值班医生跟华哥想到一块去了。这样的病人再放在呼吸内科也是
个“定时炸弹”，搞不好分分钟心跳停了，一切就完了。
华哥问家属：“患者病情危重，呼吸不好，缺氧，要转","呼吸困难, 家属沟通, 医疗决策",,,,
ku_pdfbook_cfe1c2d1,生命的反转：急重症科医生手记.pdf,104-104,"？”
家属一下子蒙了，慌了神，一个劲点头，边哭边说：“什么治疗都
愿意，花多少钱都可以。”
病人这时候意识都有些模糊了，眼神放空。华哥把心一横，
说：“等不了去ICU了，直接在这里插上气管插管才保险。
耽误一分钟都
不行。”说罢立马让ICU护士把插管箱送下来，边做准备边跟家属沟通，
家属“同意插管”这几个字一出口，华哥的气管导管就送入了患者气管。
此时此刻，整个病房闹哄哄的。
华哥顺利给患者插入气管插管，又赶紧接上球囊，给患者按压送
气，然后几个人齐力把患者转运至ICU。
患者总算安全到达ICU。那一晚，在场医生可谓筋疲力尽。
ICU的几个医生也在商量，为什么患者病情会突然加重，呼吸怎么
突然","呼吸困难, 医疗决策, 家属沟通, 预后不确定",,,,
ku_pdfbook_5226aaec,生命的反转：急重症科医生手记.pdf,105-105,"果令他失望了。患
者没有肺栓塞，没有气胸，肺炎都没怎么加重，只是有些肺水肿。
肺水肿怎么来的呢，是肺炎引起的，还是心衰引起的？大家意见不
统一了。如果患者心脏功能不好了，血液泵不出去，就会堆积在肺部，
发生肺水肿。整个肺泡本应该是充满空气的，现在都被水分填充了，患
者当然会缺氧、呼吸急促。问题是，为什么患者会发生心衰？要知道，
患者之前身体都很好的，没有冠心病等心脏病史，年纪也不大，突然就
心衰了，说不过去。除非，患者有严重的心肌炎。
华哥这个担忧不是没有道理的。
“如果真是重症心肌炎，那在之前的检查结果里应该有所体现的
啊。难不成是突然由普通心肌炎一下子进展到重症心肌炎，那为什么会
发生心肌","呼吸困难, 预后不确定, 医疗决策",high,,,
ku_pdfbook_c891a715,生命的反转：急重症科医生手记.pdf,107-107,"我
们担心的恙虫病立克次体这个家伙，偏偏就只对多西环素、氯霉素这些
抗生素敏感，而医生先前采用的那些抗生素，看似级别更高，实际上是
无效的。
“如果患者用了多西环素后退烧了，病情好转了，一样可以证实恙
虫病诊断。”上级医生眯着眼睛笑着说。
事情就这么戏剧化，人生也是充满着戏剧性。
自从用了多西环素，患者就不发热了，复查的各项指标也有转好的
趋势。
第二天下午，病原微生物高通量基因测序结果出来了。
大家看到这个结果后，异常振奋。华哥忍不住跟老马分享了这个结
果，老马看到了，情不自禁地自夸了一句：“我就知道这家伙不简单。”
基因测序结果显示，恙虫病立克次体的基因序列有数百条。
事到如今，真相终于大",医疗决策,,,,
ku_pdfbook_24047b1f,生命的反转：急重症科医生手记.pdf,108-108,"患者得的的确是恙虫病。有两个证据可以确证：第一，多西环素治
疗有效，患者用药第三天就成功脱离呼吸机，拔除气管插管了；第二，
基因测序找到了恙虫病立克次体的基因序列。
这叫人证物证俱在，想赖都赖不掉了。
恙虫病是恙虫病立克次体侵入人体后引起血管病变，进而引发的一
系列血管炎症。人体全身都遍布着血管，所以感染后各个器官都有可能
出现问题。只有把导致这些问题的元凶除掉，各个器官才能好起来。换
句话说，只有对恙虫病立克次体这个病原体进行有针对性的干预，患者
的其他症状才能得到缓解。
恙虫病患者的症状往往轻重不一，多数恙虫病患者都能痊愈，也会
有少数患者会进展到多器官功能障碍，就好像今天这名患者一样，心","呼吸困难, 家属沟通",,,,
ku_pdfbook_d11200dd,生命的反转：急重症科医生手记.pdf,114-114,"只是
时间问题，但医生必须要赶在患者病情加重前找到凶手，否则处境更加被动了。
说不定中消化道（空肠、回肠）那里就有一个血管破裂了，正气势
汹汹地出血，而我们的胃镜、肠镜都没办法到达中消化道，所以没办法
止血。
按照这个思路，下一步就是要想办法看看并处理中消化道了。
“还有别的办法吗？”患者丈夫都要哭了。
可以尝试介入止血治疗。ICU的医生华哥找来了介入科的同事，大
家坐在一起讨论了。患者输了好几袋血和好几瓶液体后，血压稍稍稳住
了，这会儿出血似乎缓和了，他们才喘口气。
“什么是介入止血？”患者丈夫当然不懂，“有没有生命危险？”
华哥说：“你太太已经病危了，这时候能救命的措施都可以考虑，
你只要","医疗决策, 家属沟通, 预后不确定",,,,
ku_pdfbook_32035412,生命的反转：急重症科医生手记.pdf,114-114,"，没有比此刻更危险
的了。
“现在我们初步怀疑你太太的便血原因在小肠，可能是小肠里面的
某一根血管破裂了，造成大出血。介入止血的原理很简单，就是通过对
小肠的血管进行造影，找到出血点，再把出血点堵住。
我们会先在你太
太大腿根部做动脉穿刺，然后把一根导管放入动脉里面，顺着这根导管
打入造影剂，造影剂流经小肠的动脉。动脉上哪里有血管破裂出血，造
影剂便会把信息透露出去，我们在X光下就能捕捉到这个出血点，然后
再把一些止血的物质填充上去，堵住这个出血口，从而达到止血的目
的。”
华哥连珠炮似的说了一堆，患者丈夫听后，似懂非懂地点头。
为了让他更容易理解，充分行使知情同意权，华哥打了个浅显的比
方：","家属沟通, 医疗决策",,,,
ku_pdfbook_de4417be,生命的反转：急重症科医生手记.pdf,119-119,"的肠管进行接合。
手术很成功。
患者住院期间再无出血，血红蛋白从入院时的50g/L升至了
90g/L（正常范围是120～160g/L），虽然还未正常，但好了很多，人也
清醒精神了。
患者终于死里逃生。
概率再小的事件，也可能切实发生
可谁也没想到，人生就是这么戏剧化。
1个月后，患者再次发生便血，而且又是一次来势汹汹的大出血。
这次她头脑清楚，叫了120到她家，直接拉回急诊科。
又是老马值班。
一切似乎都是缘分，但这种缘分不要也罢。
患者休克了，意识模糊了，老马一边安排补液输血一边将她送上
ICU，同时紧急请其他几个专科会诊，商讨对策，看看需不需要立即手
术止血。外科医生脸都绿了，说这怎么可能","医疗决策, 预后不确定",,,,
ku_pdfbook_e6527ba4,生命的反转：急重症科医生手记.pdf,121-123,"来这回真解决问题了。
这个病例中患者的胰管出血应该是胰管里面的结石引起的出血，结
石长期摩擦黏膜，导致血管破裂，又或是结石阻塞了胰管后，胰酶淤积
在胰管内会消化自身组织，引起血管破裂，这都是有可能的。
胸片照出一双自肺,
医生的努力却没自费
患者病历
基本信息
男性。不到 40岁
主诉
发热:
咽痛3曰,
突发呼吸困难
病史
尚末明确
会诊科空
ICU
关键词
无创呼吸机。气胸
胸片 /CT。 肺结核
前一秒喘气说话，后一秒心脏停搏
那天ICU是华哥值班，急诊科又来电话，说有一个呼吸困难的病
人，需要会诊。
说来也奇怪，每次华哥值班，ICU的事情总是最多的，惹得搭班的
护士都喊苦不迭，一跟华哥",呼吸困难,,,,
ku_pdfbook_35a691a3,生命的反转：急重症科医生手记.pdf,121-123,"日子过。有些年长一些的护
士，甚至调侃华哥说：“你几时能让我们消停一会儿。”
“病人要来，我也没办法啊，大家还是硬着头皮上吧，顶多下次夜
宵我请。”华哥的这句话大家还是受用的，夜班时很多护士忙着忙着就
忘了喊累，也忘了要吃夜宵。
言归正传。
又是呼吸困难，ICU医生最经常面对的严重症状之一，就是呼吸困
难。呼吸困难是专业术语，说通俗点就是呼吸不顺畅、不够气、上不来
气、喘息等，我们一眼就能认出一个呼吸困难的患者，太明显了。呼吸
困难的存在，往往意味着病情严重，很多时候，也意味着病情进展会异
常迅速。曾经有一个呼吸困难的患者，前一秒还喘着气说句话，下一秒
直接心脏停搏了。
为什么会发生呼吸困难？",呼吸困难,,,,
ku_pdfbook_11da3d02,生命的反转：急重症科医生手记.pdf,124-124,"急诊。当华哥赶到急诊科的时候，病
人已经躺在抢救床上了。
不到40岁的一个中年男子，看起来瘦瘦高高的。
急诊科老马医生正在给他戴无创呼吸机。
无创呼吸机，是相对有创呼吸机而言的。无创呼吸机不需要气管插
管，仅需一个面罩，把面罩扣在患者口鼻上，然后通过呼吸机打气，给
病人供氧。一般呼吸困难的病人，用无创呼吸机都是可以应付的。症状
更轻微一些的病人，用鼻导管吸氧就够了，无创呼吸机都用不上。一旦
用了无创呼吸机，意味着患者缺氧明显，病得不轻。
有创呼吸机需要给病人做气管插管，那是很辛苦的，因为气管插管
就算产生创伤了。试想一下，一条手指般粗的导管从口腔或者鼻腔插
入，通过咽喉，置入气管，想想腿都发软",呼吸困难,high,,,
ku_pdfbook_4f88aeaf,生命的反转：急重症科医生手记.pdf,124-124,"最好。华哥
懂，老马医生自然更懂。
但很明显，无创呼吸机并没有帮到他。
病人呼吸还是很窘迫，一分钟会呼吸35次左右。我们正常人的呼吸
频率是12～20次/分，呼吸频率太快往往是因为缺氧，大脑会迫使呼吸
频率加快，目的是加快吸氧，这都是人体的自我保护机制。但是过快的
呼吸频率是很累的，很容易会呼吸衰竭。就好比一头耕田的老牛，你越
是抽打它，它自然会越努力耕田，但体力终归是有限度的。如果你不停
抽打它，不给它休息，终有一天，它会累倒在田地上。
眼前这个病人，华哥猜他肯定是发生呼吸衰竭了。
华哥皱着眉头，靠近病人，试图观察更细致一些。虽然他戴着面
罩，不大好判断嘴唇的颜色，但隐隐约约能看到口唇发紫，","呼吸困难, 医疗决策, 疲劳与虚弱",,,,
ku_pdfbook_40d39e10,生命的反转：急重症科医生手记.pdf,124-124,"配合医生护士的治疗。
那是一个垂死的病人对生命的渴望。口唇发紫，专业术语叫“发
绀”，是极度缺氧的表现。正常的口唇应该是淡红色的，起码是红润
的，意味着口唇黏膜里面的红细胞是很有活力的，是氧气富足的。
但氧
气不够时，红细胞里面的还原型血红蛋白增多，就会导致皮肤黏膜出现
紫绀。一个不懂医学的普通人，大概也会懂得患者口唇发绀意味着什
么。
华哥看过病人后，隐隐感觉不妙，病人呼吸这么急促，戴着无创呼
吸机还是缺氧，心电监护看到的血氧饱和度仅有90%。
“怎么个情况？”华哥靠近老马，问他。
要迅速了解一个病人的基本情况，最快捷的方法就是问诊。无论是
问病人还是问家属，总之要问清一切情况，包括什么时候",呼吸困难,,,,
ku_pdfbook_30a0095e,生命的反转：急重症科医生手记.pdf,125-125,"气回答华哥的问诊，而病人家属也不在这
里，所以，问老马是最合适的。
“病人自己说发热、咽痛3天，今天早上突发呼吸困难，所以赶紧打的来到我们急诊科。”老马一边目不转睛盯着病人的心电监护，一边回
答华哥。
“自己打的过来的？”华哥想确认这点。
“是的，是打的，不是叫120。”老马确认了。
“刚来到急诊，我见他情况不好，赶紧安排住入抢救室，上了心电
监护，看到心率128次/分，血压偏高，血氧饱和度仅有90%（正常会有
96%以上，多数会有98%以上）。”老马接着说。
患者呼吸困难，背后是什么原因？这个是本质问题。但即便我们不
知道原因，也可以先处理，这是救命。
前文说过，如果把急诊科医生比作一个猎人",呼吸困难,high,,,
ku_pdfbook_3e5af6ca,生命的反转：急重症科医生手记.pdf,126-126,"就会排出体外。
一旦有一个肺脏破了，那么肺泡里面的气体就会进入胸腔，空气进
入胸腔，反过来会压迫肺脏，肺脏要想膨胀就很难了，因为外面有气体
顶着。肺脏不能膨胀，意味着病人无法很好呼吸，所以会极度缺氧。
突发呼吸困难，必须警惕气胸
为什么华哥首先考虑患者有气胸呢？因为患者实在是太瘦了，又
高，瘦瘦高高体型的男性患者，是比较容易发生气胸的，这跟体质有
关。而且前几天华哥才处理了一个瘦高男性发生气胸的病例，所以也有
一定的先入为主在。
如果是气胸，又没有及时发现，那就糟糕了。因为肺破了，胸腔内
气体会越来越多，肺脏没办法继续膨胀，整个肺都会萎缩掉。患者在极
度缺氧的情况下，说不定突然就没了。想想都可",呼吸困难,,,,
ku_pdfbook_34b77433,生命的反转：急重症科医生手记.pdf,126-126,"。
但老马毕竟是急诊科老兵，不是菜鸟，是不是气胸他肯定早有判
断，华哥心想。
果然，老马开口了：“听过双肺了，呼吸音是对称的，而且刚刚拍
了急诊胸片，胸片没看到气胸迹象。”老马快速解答了华哥的疑惑。华
哥知道，如果有一侧气胸，那么这一侧肺脏没有膨胀，听诊是听不到呼
吸音的，或者呼吸音很低，跟健康的那侧肺脏会有显著区别。既然老马
说双侧呼吸音对称，基本就排除气胸了，更何况有胸片做证。可以说
100%排除气胸了。
“不是气胸，那会不会是别的严重疾病，比如急性心肌梗死？40岁
男性患者，估计可能有高血压了，工作压力大，来个急性心肌梗死发生
呼吸困难也不是没有可能的，毕竟40岁可不算很年轻了。”
“查",呼吸困难,,,,
ku_pdfbook_b7e21af0,生命的反转：急重症科医生手记.pdf,127-127,"老马结合目前的检查结果对患者做出的诊断。
此时患者呼吸仍然非常窘迫，护士把动脉血气结果拿过来了，说严
重缺氧，氧分压很低。老马当即示意把氧流量调到最大！
华哥目光暂时离开了病人，拿起胸片快速阅读起来。
天哪！这是什么肺！
正常人的肺部影像学表现应该是黑色的，因为正常的肺组织是含有
气体的，透亮度高，X线射过去的时候会呈现黑色。
但这个病人的两个肺，几乎全白了！
这意味着，肺里面充斥的不再是空气，可能是渗出的液体。这是肺
炎非常严重的表现之一。即便是初学医者，一看到这么白的双肺，都知
道病得够呛。这种肺太糟糕了。
知道溺水的人为什么会死吗？对，就是因为肺里面都是水，肺泡在
水里面，试问空气又如何",呼吸困难,,,,
ku_pdfbook_464bd0f9,生命的反转：急重症科医生手记.pdf,127-127,"进去呢？肺脏是“一根筋”，正常情况下，除
了气体，别的东西都无法容忍。
所以，当你不小心气管里呛了一粒米饭，大脑都会让你往死里咳，
就是想要你把米粒咳出来，因为气管太敏感了，无法容忍固体物质在里
面。
搞不好堵住了，气体进不来了，人就窒息了。所以，呛咳米粒也是
人体自我保护的一种措施。
固体不能容忍，同理液体也不能容忍，但相对好一些，所以当你感
觉气管有痰（痰多数是液体）时，你也会想办法咳出来，否则总是如鲠
在喉，怎样都觉得不舒服。
病人这个肺这么差，已经可以解释他的病情了。缺氧的原因也找到
了，就是肺太糟糕了。
老马见华哥许久不动，走过来说：“病人来急诊时呼吸困难还没那
么严重，也就刚刚，突","呼吸困难, 疼痛管理",,,,
ku_pdfbook_6a2f0ef0,生命的反转：急重症科医生手记.pdf,128-128,"没了，或者呼
吸就没了，那就狼狈了，路途上抢救也不方便，患者是九死一生。
提前在急诊科完成气管插管，先上了呼吸机，再转运，可确保途中
无忧。
护士快速准备好了气管插管相关物品，麻利地把呼吸机推了过来。
老马开始同病人谈话，说：“因为你目前严重缺氧，肺部病变很严
重，要想治病，必须要做气管插管后接呼吸机通气（有创呼吸机）。”
此时病人的呼吸状况没有丝毫好转，华哥看到他口唇、指甲都是发
绀的，但好在神志还算清楚。他大概是由于呼吸太急促，没办法开口说
话，听了老马的话，只是不停地点头，猛点头。
患者同意了！下一步就是谁来签字的问题了。“目前看他连说话都
困难，别说签字了，”另一个医生凑过来跟老马说，","呼吸困难, 医疗决策, 家属沟通",,,,
ku_pdfbook_700d7df1,生命的反转：急重症科医生手记.pdf,128-128,"经用病人的电话
联系了他家属，家属说最快也要半天时间才能赶到广州。他们同意积极
抢救。”
“口说无凭，万一出事了怎么办？”在场有人提出疑问。
老马当机立断，让手下的人做好气管插管准备，自己则出去给主任
打电话。
挂了电话，老马回来了，大手一挥，说主任同意先给病人处理，救
命要紧。
华哥作为会诊医生，一直在旁边看着，同时也在迅速反应，给自己
所在的科室打了电话，说等下要从急诊科送来一个重病号，让护士准备
好呼吸机接应。
多方人手同时动了起来。老马这边人手备好了，准备气管插管。插
管前，先静脉注射了5mg咪达唑仑，作镇静用（否则很难将导管顺利插
入气管）。
治疗过程中，经常有家属担心给患者用了镇静","家属沟通, 医疗决策",,,,
ku_pdfbook_9e345852,生命的反转：急重症科医生手记.pdf,129-129,"可能呢？如果真出了这么多血，患者怎么刚刚没有呕血呢，
难道是新发的出血？华哥很诧异。
“赶紧负压吸引！”老马唤旁边的护士。
护士把吸痰管置入患者口咽，一瞬间哗啦啦的，只见吸痰管中不断
有血液被吸引出。
“该不会是心衰肺水肿吧……”华哥嘀咕了一句。
心脏的功能是泵血，如果心脏衰竭了，血液泵不出去，或者说很难
泵出去，那么多余的血液就会积聚在心脏。心脏的空间是有限的，总不
能都堆积在心脏吧？所以多余的血液也会沿着心脏后方继续积聚下去。
左心室后方就是肺静脉，肺静脉也会瘀血，如果瘀血严重，多余的液体
（主要是血液的液体成分）就会漏出到肺间质、肺泡，甚至挤满了肺
泡。这些液体会沿着气管以痰液的形式喷出","呼吸困难, 疼痛管理",,,,
ku_pdfbook_44e6abfb,生命的反转：急重症科医生手记.pdf,129-129,"一些粉红色的泡沫痰，那就是血液，是红细胞和水分的混合
物。
此时此刻，患者气道里面都是血液，会不会就是因为这个心衰肺水
肿呢？华哥快速思考着。
但很明显，患者被吸出的不是粉红色泡沫痰，而是鲜红的血液！
来不及多想了。推了镇静药后，患者睡过去了，但呼吸还是比较急
促，而且从心电监护上看到，血氧饱和度进一步降低了，意味着气道里
的这些血液可能引起了气道堵塞、缺氧。
不管什么情况，必须先把气管插管置入气管，保证气道通畅，接上
呼吸机，才有可能马上挽救患者生命。
华哥懂，老马当然也懂。
老马毕竟是急诊科老手，沉着冷静。充分吸引血液后，他快速把气
管插管准确置入了气管。此时的操作，相当于提供了关键的生命",呼吸困难,,,,
ku_pdfbook_5e1f7aa0,生命的反转：急重症科医生手记.pdf,129-129,"了氧气的“高速公路”，高速公路的一头是呼吸机，另一头是患者的肺
部。呼吸机的氧气可以直接通过管道打入患者的肺部，确保不会缺氧。
见一切顺利，华哥也松了口气。
可就在大家都准备放松的时候，意外又发生了。
患者呛咳严重，大量的血液从气管导管口喷涌而出！
老马和旁边的护士躲避不及，上衣染成了红色，幸亏脸上没溅到。
护士尖叫了一声，但手中的吸痰管还是抓得紧紧的。
“赶紧吸痰！”老马催促。
其实已经不是吸痰了，是吸血，因为冒出的都是鲜血。
华哥也蒙了，这是什么情况，患者怎么会突然气道出血这么严重？
突然，华哥看到患者的脸色发绀更严重了，赶紧抬头看了一眼心电
监护，此时血氧饱和度已跌至了80%！
大事不好",呼吸困难,,,,
ku_pdfbook_e4208ff7,生命的反转：急重症科医生手记.pdf,130-130,"，窒息了！
此时能做的，就是不停地负压吸引，最好能把血液都吸出来，保持
呼吸道通畅。
患者严重缺氧，老马也发现了，立即接上了呼吸机，并且将模式调
整到了纯氧吸入，试图靠呼吸机的帮助缓解患者的缺氧状况。
万幸，吸引出100mL多的血液后，患者呼吸窘迫终于缓解一些了。
大概是因为气道凝血块被吸出来了，一旦凝血块堵死气道，患者必死无
疑，即便纤维支气管镜下去，也很难把凝血块都搞出来。
呼吸机接上后，患者的呛咳缓解一些了，出血似乎也少了，情况似
乎又有了好转。
然而片刻的放松过后，护士又叫起来了：“马医生，病人心率慢
了！”
华哥一听，后背都发凉了。
这样极度缺氧的病人，心率应该很快才对，因为心脏要不","呼吸困难, 疼痛管理, 医疗决策",,,,
ku_pdfbook_54cf66a4,生命的反转：急重症科医生手记.pdf,131-131,"紧想办法止住血。”
华哥请示了上级医生，也惊动了医务科。毕竟患者没有家属在场，
又鬼门关里走了一遭，搞不好引起医疗官司。
医务科发话了，家属虽然还没来，但应尽一切努力救治。
病人最终还是转入了ICU。
找到双肺变白的原因，又引起新的担心
患者为什么会发生心搏骤停？
真的是因为凝血块窒息吗？有没有别的原因，比如心脏本身的问
题？
不好说，得一个一个排查。但最起码，摆在眼前的就是气道出血。
为什么会有气道出血呢，是重症肺炎引起的吗？有这个可能。肺部
的炎症，侵犯了肺部血管，肺部血管一旦破裂，就可能造成大出血，血
液会进入气道，奔涌出来。
不管什么原因，先止血总是对的。在呼吸机维持下，华哥和上级医
","家属沟通, 医疗决策, 疼痛管理, 呼吸困难",,,,
ku_pdfbook_cba66f90,生命的反转：急重症科医生手记.pdf,131-131,"1]检查，用了些止血药，好不容易把出血止住了。
患者终于转危为安。
折腾了这么久，终于把家属等来了。住进ICU的患者，上了呼吸
机，还用了镇静镇痛药物。
第二天，患者的痰涂片结果出来了，吓到了所有人。
痰涂片检查是所有肺部感染患者的常规检查，目的是发现致病菌。
判断是不是肺炎很简单，我们看看胸片就知道了。但又因为导致肺炎的
细菌、病毒、真菌等有一大箩筐，到底是哪个细菌或是哪个病毒呢，谁
也不能瞎猜，只能通过检查来确定。而痰涂片、痰培养就是此类检查中
最基本的。如果在痰里面找到一种高度怀疑的细菌，我们就会考虑，说
不定这家伙就是凶手。
现在的情况是，患者的痰涂片抗酸染色呈现阳性，而且是三个加
号","呼吸困难, 疼痛管理, 家属沟通, 医疗决策",,,,
ku_pdfbook_904306f0,生命的反转：急重症科医生手记.pdf,132-132,"酸性的乙醇。所以医生一见到抗酸染色呈阳性，就
立马想到结核分枝杆菌。
事实上，还有少数别的细菌也会有抗酸染色阳性，比如非结核分枝
杆菌。但总体来说，最常见的抗酸染色呈阳性，原因正是结核分枝杆菌
感染。
结核分枝杆菌，就是肺结核的罪魁祸首。
同一时间，患者的胸部CT结果也出来了，之前做了胸片，从中看
到双肺白茫茫的，但胸片毕竟有局限性，看到的东西都是二维的，很多
细节被掩盖了，只有CT才能看到更多细节，也看得更清晰。所以患者
体征一稳定，华哥就推患者去CT室做了检查。
胸片和CT的区别在哪？举个例子，我们现在来观察一根香蕉的形
状。肉眼只能看到香蕉的外表，看不到内在。而用X光成像看香蕉，就
好像",呼吸困难,,,,
ku_pdfbook_bde6c0f1,生命的反转：急重症科医生手记.pdf,132-132,"些内在信
息（比如里面长虫子了），香蕉的很多内在细节都重叠在这张照片上，
尤其是空间上的细节，没办法区分开前中后。细节一多，看起来就更乱
了。
虽然没办法区分细节，但最起码它能告诉我们，嗯，里面是挺乱
的。这时候就要靠CT了。CT就好像把香蕉一段一段切开，好看清楚每
个横切面都有什么，都在哪个角落有异常，然后出来几百张图片给我们
慢慢看。
通过三维重建功能，我们能把所有CT片综合起来，得出一个三维
影像，这个影像将告诉我们，原来香蕉里面有虫子了，这个虫子距离前
面1cm，距离后面0.5cm。而这个虫子，很可能从胸片上是没办法看到
的，即便看到了，也没办法判断虫子的位置到底是靠前一点还是靠后一
","呼吸困难, 医疗决策",,,,
ku_pdfbook_0a3e1301,生命的反转：急重症科医生手记.pdf,137-137,"肺炎引
起的昏迷，那么患者的肺炎必定很严重，虽然未必会有很明显的咳嗽、
咳痰症状，但患者必定会有明显的缺氧表现，才会出现缺氧昏迷。但现
在我们看到患者在吸氧浓度很低的情况下，血氧饱和度还能升至96%，
这不大说得通。”
年轻医生点头，赞同老马医生的分析。
如果不是肺炎，那为什么患者的血压会偏低呢？90/50mmHg的血压
不算太低，但是也是休克血压了，患者肯定是有其他问题的。老马暗自
思忖。
老马还有很多问题没想明白，但他并没有直接告诉年轻医生。
如果患者的肺炎很严重，那一切都解释得通了。老马这回把矛头指
向了肺炎，同时也在等待患者家属回复是否同意做颅脑CT以排除脑出
血。
如果家属同意做颅脑","医疗决策, 家属沟通, 呼吸困难",,,,
ku_pdfbook_5c2f3947,生命的反转：急重症科医生手记.pdf,138-138,"，起到升压作用。老马早就做好了准备。
不用等老马吩咐，年轻的医生已经给患者做了心电图。这是第二次
做心电图，第一次是在车上做的。前后两次心电图对比，没什么大变
化，也没有发现急性心梗图形，老马放心了。
这个年纪的女性突然昏迷发病，其实不大可能是心梗，但急诊常规
都要做心电图，不怕一万，就怕万一，做了心电图会更加心安。
“医生，同事老公同意做CT。他很快就到医院了，说让你们先做
CT。”B打完电话后，找到老马说。这时候负责床旁胸片的医生已经过
来了。老马决定先做完床边胸片，再去做CT。
床旁胸片出来了，提示左肺有问题。“左肺有明确的渗出改变，看
起来是有肺炎，但不是很严重，不至于引起昏迷啊。”老","呼吸困难, 老年安宁",,,,
ku_pdfbook_bca1fcd8,生命的反转：急重症科医生手记.pdf,139-140,"突出的表现有三个：昏迷、低血压、低血糖。嗯，还有第
四个，不算严重的肺炎。
本来以常理推之，如果患者肺炎严重的话，是完全有可能导致低血
糖、休克、昏迷的，这样的肺炎我们称之为“重症肺炎”；若细菌在肺内
兴风作浪，甚至入血，引起感染播散，出现休克，就叫“感染性休克”。
感染性休克是肺炎的最危重阶段，随时有可能一命呜呼。
但CT明确告诉老马了，肺炎真的不严重。
这时候，患者老公终于来了。他冲入了抢救室，紧紧握住病人的双
手，眼泪唰的一下就下来了。男人转过头问老马，他妻子到底是什么原
因会这样。老马刚好也有很多疑惑，暂时没回他的话，直接反问
他：“患者这几天在家有没有异常？是不是咳嗽发烧得很厉害？”","家属沟通, 医疗决策, 预后不确定",,,,
ku_pdfbook_00584668,生命的反转：急重症科医生手记.pdf,139-140,"擦了眼泪，说他老婆这两天有些发烧，以为是感冒了，有
点咳嗽，不太严重，就买了些冲剂，吃了后也退烧了。
老马听到家属的描述，似乎又有了些头绪。
患者自己买了药吃，会不会由于剂量过多而导致药物中毒，比如因
出现肝衰竭、肾衰竭而昏迷？这样的例子并不罕见。很多感冒药成分中
都含有对乙酰氨基酚，这是个退烧药，本身很安全，但是如果过量使
用，真的可能引起肝衰竭。
老马还没来得及激动，又被现实打脸了。护士把化验单结果拿了回
来，老马一看，肝肾功能基本都是正常的。老马不动声色，继续思考着
患者的病情。
患者肝肾功能显示都是正常的，所以肝肾功能衰竭这个推断也不成
立。
“患者既往有什么疾病吗？”老马试图问清楚患","预后不确定, 医疗决策, 家属沟通",,,,
ku_pdfbook_2c1899c8,生命的反转：急重症科医生手记.pdf,141-141,"也不长，这时候做颅脑CT是看不到有没有脑梗死的，要做头颅MRI才好。但是MRI做的时间比较长，
要将近20分钟，太危险了，患者目前这个血压，待在MRI室随时有可能
出大问题，所以现在不可能去做MRI。
“可以明天再复查颅脑CT，”神经内科医生说，“过了24小时后，如
果真的有脑梗死，那么相应的坏死脑组织就会在CT上显示出来了。”
颅脑CT为何有时不能迅速识别脑梗死？如果患者发生脑出血，血
液由破裂的血管流出来，会直接流淌在脑组织上，或者占据一个空间。
因为血液是高密度的，这时候做CT就能看到这部分出血液，知道是脑
出血。但如果患者得的是脑梗死，即因为大脑某根血管被血栓堵住了，
血液过不去，大脑","医疗决策, 预后不确定",,,,
ku_pdfbook_7666cce3,生命的反转：急重症科医生手记.pdf,141-141,"炎症，会刺激腹膜，引起腹膜紧张，这时
候医生触摸患者肚子，就会觉得整个肚子都是硬邦邦的，好像一块木板
一样，我们称之为板状腹。
但患者没有。
为了进一步排除腹部问题，老马还叫了B超医生过来，专门查看了
腹部情况，胆囊、胆管、肝脏、肾脏、胰腺都是完好的，没有明显异
常。
“那就没辙了。”几个会诊医生说，虽然感染灶不明确，但考虑还是
感染可能性大，抗生素肯定要用的，而且要用就用最好的，力求短期内
控制感染，否则感染扩散就麻烦了。事实上，患者可能已经感染扩散
了，因为人已经休克了。
“患者病情很严重，随时有生命危险。”老马不得不给家属告病重。
患者老公拿到病危通知书，整个人都蒙了，实在不敢相信原本这","家属沟通, 医疗决策",,,,
ku_pdfbook_86e99b60,生命的反转：急重症科医生手记.pdf,142-142,"打电话给ICU，让对方快点派人下来
评估患者。
ICU华哥接到老马电话，嘟囔了两句就下来了。这是华哥为数不多
的在白天而不是夜间被老马找到。
华哥到了急诊科，见到老马正在跟家属谈话，就先进入抢救室看病
人了。
患者此时已经用上了升压药去甲肾上腺素，还好用的量不大。华哥
目光扫过几个微量泵、床头的心电监护，还有昏迷了的病人。
老马中断了跟家属的谈话，闪身进了抢救室。
“这是个麻烦的病人啊！”老马苦着脸说，“昏迷，休克，原因暂时
不明。”他把所有的化验资料都递给了华哥。
急诊科和ICU就是一双难兄难弟，在整个医院里面，这两个科室是
比较亲密的，或可加上麻醉科。为什么？因为这三个科室有很多交叉的
知","预后不确定, 医疗决策, 转诊决策",,,,
ku_pdfbook_603be47b,生命的反转：急重症科医生手记.pdf,142-142,"管理，比如气管插管，比如深静脉穿刺等，
这些共同基础决定了这三个科室的关系会比较好，尤其是在抢救心搏骤
停的患者话题上，他们格外“聊得来”。
老马把之前分析的所有可能性都简短地跟华哥说了一下，华哥听完
后，也是丈二和尚摸不着头脑，看起来患者的问题是感染，但是感染灶
不明确，也的确不像是在肺部，但其他部分又没有明确的感染迹象。
是个难题。
“患者目前血压不好，随时可能进一步加重，还是先去ICU看看
吧。”老马说。
“血糖现在多少了？”华哥问。
“刚刚给扎了手指，血糖已经升至7.4mmol/L了，已经正常了，”老
马说，“但人还是没有清醒过来。我估计不是低血糖导致的昏迷，说不
定是别的原因导致了低","家属沟通, 医疗决策, 转诊决策, 预后不确定",,,,
ku_pdfbook_27f256ba,生命的反转：急重症科医生手记.pdf,143-143,"
抗休克治疗是ICU的强项，但这次，ICU的强兵勇将们失利了。
当天晚上，患者呼吸急促，血氧饱和度急剧下降，真的到了生死关
头。
华哥值班。
这下真的是糟糕透了，患者本来诊断就不是特别清楚，现在又发生
了呼吸衰竭。难道真的是肺部感染引起的吗？肺部感染真的进展了吗？
不管什么原因，先气管插管接上呼吸机，给足氧气保住命再说。华
哥找了家属谈话，说要马上气管插管。
“插管痛苦吗？”病人老公很是紧张焦虑。
“不会的，病人是昏迷状态，不会感觉到疼痛的，”华哥安慰
他，“即便有痛苦，如果我们不上呼吸机，她可能今晚都熬不过，所
以，还是要插管。”
“那就插吧。”他终于做了决定，长出了一口气。
插了气管插管，","家属沟通, 医疗决策",high,,,
ku_pdfbook_27b5c6ca,生命的反转：急重症科医生手记.pdf,143-143,"一些，但血压变
得更低了。
真是屋漏偏逢连夜雨。患者血压低的原因很多，说不定是感染加重
了，也说不定是上了呼吸机的原因，也说不定是有“幕后黑手”在主导这
一切……一切都是未知数，只能尽全力先保住性命。
华哥那天担心着患者的安危，根据病情随时调整治疗，整晚都没有
睡。
第二天，患者被推去做了很多检查，包括腹部CT、颅脑CT、胸部
CT。此时转运出去做CT当然是很危险的，因为患者还是昏迷状态，并
且戴着呼吸机，血压还需要升压药维持，说不好在路上一颠簸，心跳就
没了。但不去做也不行啊，不搞清楚情况，盲目治疗，患者也是等死。
与其等死，倒不如冒险多获得一些信息，说不定能有些眉目。这的
确属于临床治疗当","预后不确定, 医疗决策",,,,
ku_pdfbook_12818b12,生命的反转：急重症科医生手记.pdf,145-145,"高人，高人说了这句话，我们都很
信，她也很信。”
他说完后，神情黯淡。
“分娩大出血是很凶险，以前很多妇女都是这样就没了，现在医学
进步了，多数人都能熬过来，顺利过来就好了。”华哥对患者表示了同
情。
丈夫的坦白证实了医生的猜测
次日早交班，华哥把患者老公说的事情跟科主任描述了一遍，说患
者以前发生过分娩大出血，身体素质可能比较差……
华哥话还没说完，科主任就打断他了，让华哥再说一遍。
华哥愣住了，以为自己讲错了，但既然主任要求，便又重复了患者
家属的话，甚至把算命先生的话都分享出来了。在场医生们听了之后哄
堂大笑。
但科主任没笑。
相反，他的眉头紧皱着。
华哥捕捉到了这个细节，不知道科主任在","家属沟通, 医疗决策, 住院安宁",,,,
ku_pdfbook_5111cc80,生命的反转：急重症科医生手记.pdf,147-147,"看来算命先生也没说错，她这次难关估计又可以扛过了。想到这，
华哥不由得喜形于色。
但事情依然没有结束。
第二天回来上班时，值班医生说，患者昨晚差点没了。
华哥一听，眼珠子都要凸出来了，连忙问怎么回事。
值班医生
说：“患者昨晚连续发生三次室颤，差点就死掉了。”
华哥的心提到了嗓子眼，虽然他知道患者已经扛过来了，但这个消
息还是让人毛骨悚然。怎么会这样呢？
室颤，就是心脏乱跳，跳得一点规律也没有，而且动力也不够。正
常的心脏跳动是非常强劲有力的，这样才能把血液泵出去。但发生室颤
时，心脏跳动得就好像虫子蠕动一样，不可能形成有效的泵血。不用几
秒钟，人就会昏迷，然后死掉。
至于这名患者为什么会发生","家属沟通, 医疗决策",,,,
ku_pdfbook_55495aab,生命的反转：急重症科医生手记.pdf,152-152,"点喘不过气。”
老马本来紧绷着的心弦已经松开了，听到患者这么一说，内心又咯
噔了一下。本来胸闷是再寻常不过的症状了，但老马始终觉得这个病人
是有尚未发现的大问题的，所以他的每一个主诉都会牵动老马的心。
老马说：“可能跟你的血压高有关，我已经让护士拿降压药回来给
你用了，如果吃了降压药还是不行，我们就要静脉用些降压药了。血压
肯定能降下来，放心。”
这里顺便科普一下血压高有时会引起胸闷的原因。不妨试想一下，
血压这么高，心脏想把血泵出去，比正常情况下困难多了。就好像外面
刮台风，你非得顶着一把伞前行一样，不被吹得倒退就算不错了。但心
脏总不能不泵血吧？所以即便血压高，心脏还是一样得拼命地想办法把",呼吸困难,,,,
ku_pdfbook_8ec786e8,生命的反转：急重症科医生手记.pdf,152-152,"泵出去。血压越高，就越需要花大力气才能泵得出去，这样一来，
心脏自己就累多了。心脏本身也容易缺血缺氧，所以人就会感觉到胸
闷，甚至会有胸痛。
听老马这样一解释，患者心里得到了安慰，但胸闷症状还是持续存
在，而且似乎有加重的趋势。老马看势头不对，给患者重新做了一次心
电图。心电图提示，ST-T段似乎有轻微的抬高。这可不是好消息啊，可
能意味着心脏这时候是缺血的。如果是因为高血压导致的心脏缺血那还
好解决，把血压降低下来就好了，就怕是心肌梗死。
老马对比了前后两张心电图，真的有些许改变。后一份心电图比前
一份心电图更差一些，说不定真的是心肌梗死。虽然患者暂时没有典型
的胸口压榨样疼痛，但不是每个人","呼吸困难, 疼痛管理, 预后不确定",,,,
ku_pdfbook_5cf20de6,生命的反转：急重症科医生手记.pdf,154-154,"夹
层是必须列入考虑的。在他看来，患者迟早得完善胸部CT检查，看看
有没有夹层。
就在心内科医生给病人儿子解释病情，让他签署入院同意书的时
候，护士冲出来喊，医生，患者室颤了！
说的就是今晚这个病人。
心脏停搏10分钟、血压坐了过山车……还有救
吗？
心内科值班医生被护士这突如其来的喊叫吓了一跳，连跑带蹦冲回
监护室。一个护士已经在患者床旁做胸外按压了。
糟糕了，患者心跳停了。
怎么会这样呢？刚刚患者还是好好的啊，送入监护室的时候血压只
有170/100mmHg，比之前都要低一些了，从颅脑CT里没见到脑出血，
心电图也不像心肌梗死啊……什么原因会导致突然室颤、心搏骤停呢？
值班医生百思不得其解","死亡焦虑, 家属沟通, 医疗决策",,,,
ku_pdfbook_0bd00e18,生命的反转：急重症科医生手记.pdf,156-156,"亮了。
病人儿子不能进入ICU，只能在门外守着。华哥让他回去休息，说
ICU不需要留陪人。他说：“现在这样回去，还没想好怎么跟老妈说。今
晚事情发生太多了，一下子我都还接受不了，更别说我妈了。”说着说
着，他眼睛就红了。
“你父亲心跳一停就马上被抢救了，结果不一定很差，暂时不要太
悲伤。”华哥说了一句安慰话。问题是，为什么会心跳停止？这个才是
最大的症结所在。
早上交完班，大家正准备讨论患者心搏骤停的原因，此时规培医生
进来跟华哥说：“老师，新来的那个病人苏醒了，你要不要过去看看，
他眼睛睁开了。”
华哥一听，撒腿就飞了出去，到了病人床旁一看，果然是醒了。
患者能自己睁开眼了，估计是难受，皱着","预后不确定, 家属沟通",,,,
ku_pdfbook_c0a52fe3,生命的反转：急重症科医生手记.pdf,156-156,"插管，所以肯定难受了。华哥尝试跟他说话，让他点头他就点头，
让他摇头他就摇头。
这下可把华哥乐坏了。患者能准确给出反应，说明意识是好的，这
太重要了。很多心搏骤停的患者虽然心跳恢复了，但人可能醒不过来
了。
但这名患者醒了。可能跟心脏停搏的时间不长有关，也可能跟及时
抢救有关。不管如何，醒了就好。
华哥安慰了他几句，让他不用担心，等下拔掉气管插管就舒服多
了。忍一忍。
病人虽然清醒了，但是血压还是很高，200/110mmHg。
“这么高的血压可不行啊，可别把大脑动脉给冲破了。一旦冲破了
动脉，那就是脑出血啊……”于是，华哥给他用了些静脉降压药，试图
把血压降下来。
药效一到，血压就降下来了。
","疼痛管理, 家属沟通, 医疗决策",,,,
ku_pdfbook_af5b2cd8,生命的反转：急重症科医生手记.pdf,157-158,"士。现在回过头来分析，可能是病人本身的问题，跟护士的
关系不大，错怪人家了。
隔日上午，病人就顺利脱开呼吸机，并且拔除气管插管了。患者肺
部没有大问题，心脏估计是有问题，但暂时没找到毛病。华哥在心里把
问题逐一过滤。
科里有医生还担忧说：“患者这么早就脱机拔管了，会不会有隐
患？毕竟刚刚死里逃生，怎么着也要喘口气吧？”但华哥见病人塞着气
管插管难受，而且人已经这么清醒了，心肺功能还行，所以还是决定拔
掉了气管插管。
拔管后，患者就舒服多了，一身轻松，感觉自己像“脱胎换骨，重
新做人”一样。普通人可能没办法想象口里塞着气管插管的感受。试想
一下，一条手指般粗细的管子插入你的咽喉，进入气管，那是什","呼吸困难, 医疗决策, 转诊决策, 预后不确定, 疲劳与虚弱",high,,,
ku_pdfbook_77e66c95,生命的反转：急重症科医生手记.pdf,157-158,"降，直接“趴窝”了，泵不动了
——这就是心衰了。心衰后，血液就会淤积在肺脏，产生急性肺水肿，
患者会有明显喘息，而且会咳出大量粉红色泡沫痰。
想到这，华哥赶紧又给他拉了一份心电图，依然没有看到典型的心
肌梗死表现。患者真的不是心肌梗死。
“该不会是嗜铬细胞瘤吧？”旁边的规培医生随口说，“我在外地实
习的时候见过一个嗜铬细胞瘤的患者，跟他的症状一模一样，也是突然
飙升的血压，极快的心率，大汗淋漓。”
华哥听到嗜铬细胞瘤几个字，全身僵住不动了，脑海中快速闪过患
者前前后后出现的种种症状：从患者头痛、血压高来急诊，到胸闷、心
搏骤停，后来又反复发生高血压、低血压，现在又一副交感神经极度兴
奋的表现…",呼吸困难,,,,
ku_pdfbook_c8681b76,生命的反转：急重症科医生手记.pdf,168-168,"往的经验，病人早就有良好的治疗反应了，怎么现在患者还在
发烧呢？该不会有别的问题没有发现吧？但患者肺部这个脓肿又很显
眼，这里肯定是病灶啊……
大家又把胸部CT找出来，聚在一起，重新认认真真地看片子。
“的确像是肺脓肿啊，血象也符合，体征也符合。”上级医生喃喃自
语。
问题是，患者为什么会有肺脓肿？这个致病细菌从哪里来的？一般
的肺脓肿都会有个来源，比如有些病人发生龋齿感染，细菌从龋齿这里
进入气管、肺部引起感染；有些人发生皮肤感染，细菌从皮肤入血进入
肺部……但他们反复查看了，患者牙齿没有问题，皮肤也没有病变。
“这样，把抗真菌药物也一起加上，”上级医生给管床医生下达指
示，“虽然目前没有真","预后不确定, 医疗决策",,,,
ku_pdfbook_90d3280c,生命的反转：急重症科医生手记.pdf,170-170,"们不也是按照肺炎的疗法治疗
了一个多星期吗？教训深刻啊。”
“所以完善检查是必需的，今天就抽血，查风湿免疫一套指标。”上
级医生拍拍他肩膀。
管床医生点点头，似乎又重新燃起了希望。现在就等肺穿刺的病理
结果，还有一套风湿免疫指标了。
这诡异的病因，很快见分晓。只求患者在这之前病情不要变化，多
给点时间。
但现实就是这么残酷。你越是担心什么 ，就越会发生什么。
当晚8点，患者逐渐出现气促。
管床医生到床旁一看，见患者嘴唇有些发绀，心里隐隐感觉到大事
不妙，赶紧让护士接上心电监护。患者这时候喘着气，问医生到底怎么
回事，是不是肺穿刺出了什么问题。患者丈夫也跟热锅上的蚂蚁一样，
又是给她扇风，又是倒","呼吸困难, 家属沟通, 医疗决策",,,,
ku_pdfbook_6bef0d8c,生命的反转：急重症科医生手记.pdf,170-170,"搞破了
肺，弄成气胸了？这是最有可能的。如果肺脏破裂，那么气体会涌入胸
腔，压迫肺脏，肺脏再想膨胀就困难多了，患者当然会缺氧、胸闷、气
促。
想到这里，管床医生赶紧用听诊器仔细听了患者双肺，并且反复对
比，但两个肺的呼吸音还是对称的，这无法支持气胸推测。如果真的是
气胸，那么其中一侧应该呼吸音很低，因为肺没有很好地膨胀。
“赶紧做个床旁胸片。”管床医生让护士打电话请放射科医生过来，
同时仔细排查有没有其他问题。
这一查，又发现了问题，患者今天一整天也没排多少尿。
这真的是“屋漏偏逢连夜雨”了。一个病患，一旦出现尿少或者无
尿，往往意味着肾脏也损伤了。人体是一个整体，病重的时候，最先倒
下的往往","呼吸困难, 疲劳与虚弱",,,,
ku_pdfbook_f8523796,生命的反转：急重症科医生手记.pdf,171-171,"如果处理不好，下一个可能就是肝脏、心脏了。
一想到这，管床医生就不淡定了。
患者的心电监护接上了，可以看到血氧饱和度还有95%（在吸氧的
前提下），还算勉强。胸片此时也做完了，没看到气胸。不过，患者突
然出现气促，除了考虑气胸，还要警惕会不会有肺栓塞、心衰等情况。
这是一个内科医生的基本临床思维。
上级医生闻讯后也赶了过来，经过评估，认为患者还是病情加重
了，至于是哪里的问题，一时半刻不好说，为防万一，还是先送去ICU
加强监护吧。
患者听到要去ICU，更加恐惧了，连呼吸都急促了许多。
ICU医生华哥接到会诊通知，匆匆赶来。了解清楚情况后，表示同
意将其转来ICU密切监护。“如果病情继续恶化，","死亡焦虑, 医疗决策, 家属沟通",,,,
ku_pdfbook_3d52af96,生命的反转：急重症科医生手记.pdf,172-172,"，呼吸会
更急促，说不定一下子心跳就没了，到时候后悔莫及。ICU虽然不能起
死回生，但能在需要的时候及时干预，为治疗争取时间。”
患者同意了。 
患者丈夫也一咬牙，签了字。没有人能抵挡对死亡
的恐惧。
肺穿刺的重磅发现：肉芽组织、多核巨细胞
患者进了ICU后，华哥当晚基本没怎么睡。看到患者用面罩吸氧，
呼吸情况还算可以，不算太差，还不至于马上就要气管插管，华哥决定
再等等。
患者很惧怕ICU的场面，华哥只好不停地安慰她：“来这里只是过渡
一下而已，等到检查结果出来，一切明了之后，治疗就会更加顺手了，
不用担心。”
面对危重患者，只有不吝安慰言语，才能替治疗排除万难。华哥当
然懂这个。
但是，眼","死亡焦虑, 呼吸困难, 家属沟通, 医疗决策, 预后不确定",,,,
ku_pdfbook_57542396,生命的反转：急重症科医生手记.pdf,172-172,"情着实复杂到让人一头雾水，华哥硬是花
了将近半小时的时间才把她的病程看完，弄清楚来龙去脉。很明显，患
者得的不是普通的肺炎，似乎也不是肺结核、不是肺癌，针对肺脓肿的
治疗效果也不好，是得考虑别的原因。
但诊断历来不是ICU医生的强
项，如果患者的病明确是呼吸道疾病，那么还是得请呼吸内科专家帮忙
才行。除非患者有其他系统的疾病，ICU医生才可能有些相对优势，因
为较之专科医生，ICU医生对各种类型疾病涉猎更广泛一些。
幸亏当晚患者的面罩吸氧维持住了呼吸指标，无须气管插管。
患者丈夫听到这个消息后，悬着的心终于放了下来。
第二天，华哥把病人的情况向科里的医生汇报了，科主任听完后，
沉思了很久。大家","呼吸困难, 预后不确定, 家属沟通, 医疗决策",,,,
ku_pdfbook_7a8c7a9a,生命的反转：急重症科医生手记.pdf,174-174,"，肺癌是癌细胞作怪，肺结核是结核菌作怪，肺脓肿是普
通细菌的战场，而肉芽肿这个病，则是自身免疫系统紊乱引起的血管炎
病变，病理机制迥异。
“这个病，叫作‘肉芽肿性多血管炎’。”黄主任说。神色里蕴藏着无
限懊恼。
“这个肉芽肿性多血管炎虽然会影响全身，但还是对鼻腔、肺部、
肾脏的影响最为常见。患者前几天跟我说过鼻窦炎，鼻子不舒服，当时
我没有放心上，漏掉了这个关键信息，如果早一点警惕，及早做风湿免
疫一套检查，说不定会更早得出诊断。”黄主任说。
“看来患者尿少、肌酐上升也是疾病累及肾脏的缘故了。”华哥说。
“应该是。”
两个主任一商量，决定按照肉芽肿性多血管炎去治疗，用上了甲泼
尼龙和环磷酰胺。",呼吸困难,,,,
ku_pdfbook_d7e51361,生命的反转：急重症科医生手记.pdf,174-174,"皮质激素是最强的抗
炎药物；而环磷酰胺是一种免疫抑制剂，自然能治疗这类疾病。
患者此时呼吸稍微稳定，但仍偏促。血氧饱和度一直在92%左右，
不上不下。如果状况再差一些，华哥就要给她气管插管接呼吸机了。
华哥这回把诊断结果、治疗方案直接告诉了她，说：“你这个病叫
作肉芽肿性多血管炎，属于少见病，但现在我们明确诊断了，得用激素
治疗。”
患者一副万念俱灰的样子，闭上眼睛，只管喘气，没回答华哥。
华哥只好安慰她：“之前治疗效果不好是因为没找到凶手，现在已
经明确了是这个病，新的药物肯定会有效果的，不用担心，我敢打包
票。”华哥之所以会说得这么肯定，完全是为了安慰患者，给她信心。
毕竟，一个丧失信心的","呼吸困难, 家属沟通",,,,
ku_pdfbook_152db1aa,生命的反转：急重症科医生手记.pdf,174-174,"很难战胜疾病的。
但华哥跟家属说的是另一句话：“病情还是重，得观察治疗反应。”
患者丈夫听说妻子得的是个从没听过名字的病，蒙了，但转念一
想，除了听医生的，也没别的办法。再说，他也的确见到大家都在这么
努力地救治她，此刻没有理由怀疑。
其实，不管患者是否同意用激素，华哥都会用，只要家属同意就行
了。但患者毕竟此时是清醒的，得到她的同意当然会更好。
最终，患者还是点头了，声音很微弱地说：“如果这次还没效果，
我宁可死了……不治疗了……”
华哥头一次被患者的话震慑到了。是啊，对医生来说，从明确诊断
到予以对应治疗可能仅仅是破解一个疾病难题而已；但对一个活生生的
病人来说，这就是一个无比痛苦遭罪的过","呼吸困难, 家属沟通, 医疗决策, 抑郁情绪",,,,
ku_pdfbook_c9bb25ba,生命的反转：急重症科医生手记.pdf,175-175,"呼吸困难立马得到了缓解。
患者终于露出了久违的笑容，治疗是否有效，她自己最有发言权。
到了第四天，患者基本可以下床活动了，摘掉了面罩，转出ICU，
回到了呼吸内科。
还好，这一次，华哥的承诺没有落空。
回顾这个患者，从最初被诊断为肺炎，然后怀疑肺结核、肺癌，后
来考虑肺脓肿，先后做了两次纤支镜，还做了肺穿刺，最后才诊断是肉
芽肿性多血管炎……一路走来，患者身心备受折磨，一个原本脾气暴躁
的人被病魔折腾得服服帖帖、毫无脾气，这实在让人心酸。但在这个过
程里，我们大家也看到了医生为治愈病人费尽心思、绞尽脑汁。面对一
个复杂的疾病，诊断不是一蹴而就的，而是一波三折的，这就是医学的
不确定性。但我们看","呼吸困难, 预后不确定, 医疗决策",,,,
ku_pdfbook_92744e6e,生命的反转：急重症科医生手记.pdf,176-178,"性多血管炎，如果能及早
治疗，多数患者预后还是不错的，虽然要治愈也困难，但是要控制住病
情还是可以的。
但如果迟迟诊断不出，患者没有得到及时治疗，那么这个病的死亡
率会高达90%。
这绝不是闹着玩的。
ICU里的""一波十三折""
患者病历
基本信息
男性
G0 岁
主诉
呼吸困难 5日,咳嗽。咳痰
病虫
多年痔疮
会诊科室
ICU, 呼吸内科
关键词
血栓
多发性骨髓瘤
有家族病史，就不能只考虑肺炎
凌晨1点，ICU接到急诊科老马医生的电话，说有个60岁的男性病
人，呼吸困难，血氧饱和度不是很好，可能需气管插管上呼吸机，问
ICU有没有床位。
ICU正好是华哥值班，华哥刚忙完，躺下休息了半小时，","呼吸困难, 预后不确定, 医疗决策",,,,
ku_pdfbook_50b21cc4,生命的反转：急重症科医生手记.pdf,176-178,"还是得去急诊科看个究竟。
患者呼吸困难、缺氧是个危险信号，拖不得。有些看起来好端端的
病人，其实器官、组织已经严重缺氧了，可能一转头的工夫人就没了。
还有的人上一秒还能回答你问题，下一秒就心搏骤停了。
这说明缺氧真
的是小觑不得。
到了急诊科，华哥直奔抢救室。
老马早就在抢救室等着了，见到华哥立马说道：“60岁男性患者，
在家已经呼吸不好5天了，有些咳嗽、咳痰，今天一大早来急诊，呼吸
内科没有床位，所以暂时在急诊处理了，用了点抗生素、止咳祛痰药
物，效果不好。今晚患者呼吸更加急促了。看看你们有没有床位，拉过
去。”
华哥察觉到眼前这个患者情况不妙。他半坐在床上，稍微有些气
喘，扣着面罩吸氧，没",呼吸困难,,,,
ku_pdfbook_4dd3f91f,生命的反转：急重症科医生手记.pdf,176-178,"观察嘴唇是否发绀，但人还是清醒的。床头
心电监护显示：血压160/80mmHg，心率118次/分，呼吸频率25次/分，
血氧饱和度92%。
这几项参数都不好，尤其是血氧饱和度仅有92%。正常人在空气下
呼吸时，血氧饱和度应该会有98%以上，这代表绝大多数的血红蛋白都
跟氧气结合了。血红蛋白就好像一艘艘快艇，专门负责运送氧气给机体
组织使用。98%的血氧饱和度意味着“快艇”几乎都满载了，但眼前这个
患者，用面罩吸氧，血氧饱和度才只有92%。这意味着很多血红蛋
白“快艇”是没有满载的，氧气是不够的，他当然缺氧！
“是哪里的问题？”华哥直接问老马。这么多年相处下来，老马跟华
哥这对老搭档已经不需要那","呼吸困难, 疲劳与虚弱",,,,
ku_pdfbook_e4b023e3,生命的反转：急重症科医生手记.pdf,179-179,"肺部感染、呼吸衰竭。”老马说着，同时从桌面上拿起一摞
化验报告递给华哥。
一般来说，患者的缺氧程度是有个最低界限的，一旦血里面的氧气
分压低于60mmHg（特定的情况下）就可以诊断呼吸衰竭，这意味着患
者缺氧已经很严重，呼吸都已经衰竭了，再不处理，下一步可能就是直
接缺氧死掉了。
这绝非危言耸听，老马和华哥见过太多这样的病例了，在家拖着拖
着才来，来的时候其实大势已去了。
老马说：“给患者抽了血气，看到血氧分压只有68mmHg，还是在
扣着面罩吸氧的情况下测出来的。如果不吸氧，估计数值会更低，诊断
呼吸衰竭是没问题的。家属也很积极，同意气管插管上呼吸机。”
“是什么原因导致的呼吸衰竭呢，重症肺","呼吸困难, 医疗决策, 家属沟通",,,,
ku_pdfbook_6d475cb2,生命的反转：急重症科医生手记.pdf,181-181,"癌。肺癌不是10天内就能长出来并且影响这么大的，还是肺
炎的可能性大些，只有肺炎才会发展这么快。
华哥同意老马的判断。
就在准备将患者转运至ICU的时候，他的病情突然变化了。这出乎
老马和华哥的意料！
不管病因如何，先上呼吸机再做CT造影
护士冲出来说，患者心率很快，130次/分，呼吸更急促了。
老马、华哥立即转身进入抢救室。
此时患者大汗淋漓，气喘吁吁，从眼神里能看到他的惊恐。他跟旁
边的护士说：“赶紧，给我调大氧气，难受。”
血氧饱和度掉到了88%。
这不是好事情。老马皱着眉头，说：“看来患者等不及上ICU了，说
不定在这里就要气管插管上呼吸机了。”老马用听诊器给患者听了双
肺，双肺呼吸音",呼吸困难,,,,
ku_pdfbook_26b8a5ee,生命的反转：急重症科医生手记.pdf,182-182,"用病情转差来解释了。患者翻了个身，或者是发生心
律失常，都会导致心率加快、缺氧更严重。“那就插管吧，我跟家属
谈，先在这里插了管再上去才保险。”华哥咨询老马的意见。
“等等。”老马一挥手，止住了华哥。
“什么情况？”华哥见老马神情有变，估计是有什么新发现。“不插
管了？”华哥问。
“不是，”老马把心电图递给华哥，说，“你看患者这个Ⅰ导联的S
波，还有Ⅲ导联的Q波和T波，是不是有些眼熟……”
华哥一脸蒙，刚刚只顾着注意患者心电图的心梗信息去了，没看到
心梗图形，他就放了心，也没再细看。但老马显然是有别的猜测，所以
才会看得那么细致。
华哥接过心电图，按照老马的提示，重新认真地看了起来。
仔细看过","呼吸困难, 医疗决策, 家属沟通, 死亡焦虑",,,,
ku_pdfbook_25693647,生命的反转：急重症科医生手记.pdf,182-182,"哥才恍然大悟：“啊，患者该不会是肺栓塞吧！”一
想起肺栓塞，他们俩就心惊胆战，半年前，一个肺栓塞的患者就在他们
俩眼皮底下死掉了。
严重的肺栓塞，是会顷刻毙命的，丝毫耽误不得。华哥知道，老马
更知道。
但光靠心电图诊断肺栓塞还是勉强的、不充分的，心电图只能
大致提供一个思路。真正要确诊肺栓塞，还是得靠CT肺动脉造影。老
马想到这儿，已经飞奔出去找家属签字了，要家属同意做CT肺动脉造
影。
老马告诉家属：“患者现在病情更重了，怀疑有突发肺栓塞可能，
必须要做这个检查。做了也不一定能救得回来，但起码有个治疗的方
向，而且如果抢救及时，还是有机会的。”
关键时刻，老马把话都撂明白了。患者女儿害怕得不","家属沟通, 医疗决策, 预后不确定, 呼吸困难, 转诊决策",,,,
ku_pdfbook_16d02425,生命的反转：急重症科医生手记.pdf,182-182,"，她们刚
刚在外面也瞄了一眼病人情况，大致懂了。人都这样了，各项检查来者
不拒。“都做，有帮助的都做。”
“患者目前病情危重，我们得先给他气管插管上呼吸机，再去做
CT，否则怕路上出意外。”老马又说。
“插管同意，呼吸机也同意。”小女儿哭了起来，大女儿做了决定。
两个女婿也都表态，积极抢救。
患者现在缺氧严重，必须马上插管、上呼吸机。
肺栓塞会导致机体缺氧，是会发生大问题的。缺氧会让大脑变得迟
钝，甚至导致昏迷。人体会反射性地加快呼吸，希望能从空气中获得更
多的氧气。
有人要说了，这时候给患者加大吸氧浓度不就行了吗？还真不行，
道理非常简单，因为患者肺泡里面不缺氧，粮仓是充足的啊，缺的是因
为","呼吸困难, 医疗决策, 家属沟通",,,,
ku_pdfbook_3d97fe5f,生命的反转：急重症科医生手记.pdf,183-183,"食物。这时候再怎么吸氧都没办法缓解
患者的缺氧。我们要做的，是把道路清理干净，把卡在肺动脉上的血栓
溶解掉。或采用介入手段碎栓，或手术取栓，让血液这个大保姆能顺利
进入肺脏，获取氧气，再带给组织使用。
呼吸机能帮到患者吗？能，但肯定不能起到关键性作用。如果患者
真的是肺栓塞，我们要马上溶栓，才可能有一线生机。但在诊断肺栓塞
并溶栓之前，患者已经非常缺氧了，这时候还是得用上呼吸机。呼吸机
不能逆转病情，但多少能缓解一些缺氧症状，因为我们可以把纯氧打入
患者肺部，如果有血液能侥幸绕过血栓进入肺脏，就让它们多带点氧
气，让它们撑得饱饱的，超负荷工作，这样或许能给机体组织多带点氧
气。关键时刻，能多带","呼吸困难, 家属沟通, 医疗决策",,,,
ku_pdfbook_fb987a03,生命的反转：急重症科医生手记.pdf,183-183,"备好了所有气管插管装备。
“家属同意了吗？”华哥问。
“同意了，插吧。”老马说。
正常情况，应该是由急诊科老马给病人插管，毕竟这是在急诊科的
地盘。但老马和华哥的关系够硬，关键时刻也就管不了那么多了。
在老
马跟家属沟通的时候，华哥已经做好准备要代劳了。
一刻也不耽误。
得到老马授权后，华哥三两下就给患者插上了气管插管，护士迅速
把呼吸机接上，调到100%氧气吸入。一番操作过后，他们眼看着患者
的血氧饱和度从82%升至了90%，然后就上不去了。血压也在掉，只有
90/50mmHg。
看来真够呛。
老马已经联系好了CT室，还把呼吸内科的医生叫了下来。呼吸内
科医生看过后，同意考虑肺栓塞，也同意C","呼吸困难, 医疗决策, 家属沟通",,,,
ku_pdfbook_bea037dd,生命的反转：急重症科医生手记.pdf,183-183,"这时候请专家会诊太重要了，一来，多个人多个主意；二来，多个
人分担责任。这是保护患者，也是保护自己。老马和华哥都懂这个道
理。
老马亲自护送患者去了CT室。
此时ICU有急事让华哥处理，华哥先回去了。
CT那边，老马一个人
就能应付了，而且病人目前已经插管上了呼吸机，估计能扛住。华哥要
回去准备床位，如果CT结果出来真是肺栓塞，就收过来准备溶栓治
疗，只有把血栓溶解掉，患者才有一线生机。
华哥刚向上级汇报完，就接到了老马的电话。
老马语气平缓地说：“就是肺栓塞，CT看到肺动脉多处有血栓栓
塞，但没有完全卡死，幸亏还有一点血液能够过去，否则患者在急诊科
就没了。”
患者的诊断终于清晰了。有可能一","医疗决策, 转诊决策",,,,
ku_pdfbook_a9cd7c89,生命的反转：急重症科医生手记.pdf,184-185,"是肺
炎。普通的胸片不能区分肺炎和肺栓塞，必须要CT才行。而普通的CT
也不能明确肺栓塞，要CT肺动脉造影才行，也就是说，在做CT的同时
要给病人静脉注射造影剂。原理前文也解释过，即造影剂顺着血流进入
肺动脉，如果肺动脉这里有血栓卡住，那么这个部位是不会有造影剂流
过的，这时候，CT就能捕捉到这个变化，医生则据此推测这里有血
栓。
“风险再大，都需要治疗”
在老马的保驾护航下，患者被安全转运至ICU。
ICU上级医生也来了，遇到这样的危急重症，有上级医生在会更稳
妥。
患者此时已经被镇痛镇静了，插着气管插管，接着呼吸机通气，但
呼吸还是比较急促。这是预料之内的，不解除血栓，患者的呼吸困难肯
定","呼吸困难, 家属沟通, 医疗决策",,,,
ku_pdfbook_6404275d,生命的反转：急重症科医生手记.pdf,186-186,"反应，
还时不时用电筒看看患者瞳孔，生怕这一针溶栓药下去，患者就脑出血
了。而一旦有脑出血，四肢检查、神经系统检查、瞳孔变化等会有一些
提示。
“有任何变化，都要及时复查颅脑CT，看患者是不是真有脑出
血。”上级医生撂下话。然而，这话执行起来其实是很矛盾的，患者目
前病情很严重，不大适合出去做CT，但是如果不做CT，我们又没办法
准确判断是否有脑出血。两难。
所以，必须时刻关注患者的体格检查。
天快亮的时候，护士叫醒华哥。
“有麻烦了，患者手臂出现了大片瘀斑。”
华哥背后一阵发冷，顿时睡意全消。
患者手臂出现瘀斑，说明皮肤有出血，这肯定是溶栓药的影响，算
是药物副作用了。
但华哥也发现了好消息","呼吸困难, 医疗决策, 预后不确定, 住院安宁",high,,,
ku_pdfbook_06b14bd3,生命的反转：急重症科医生手记.pdf,186-186,"者的呼吸已经没有那么急促了，血氧饱
和度也升至了97%。看来，溶栓药物真起效了。
华哥又仔细查了一遍患者的神经系统，还是没发现多大异常。
第二天白天，患者情况大为好转。
华哥乐了，上级医生也喜笑颜开。
华哥把好消息带给了老马。
家属听到这个消息后也是千恩万谢，两个女儿笑着笑着又哭了。
患者很快清醒了，血氧饱和度升至100%。
看来患者真是过关了。
既然患者清醒了，氧合也改善了，估计肺栓塞栓子也溶解掉了。为
了证实这一点，华哥推病人去复查了一次CT，结果如大家所愿，栓子
基本消失了。
太幸运了，血栓溶解掉了，又没发生脑出血。
患者顺利脱离呼吸机，拔除气管插管。
然而，好景不长。
就在准备转出IC","预后不确定, 家属沟通, 医疗决策",,,,
ku_pdfbook_e396f120,生命的反转：急重症科医生手记.pdf,187-188,"好。但这次患者胸痛、呼吸困难还是因为肺栓
塞吗，要再做一次CT吗？
无奈的是，这非常有可能。
华哥赶紧联系了患者家属，再次和她们沟通。华哥告诉她们，患者
暂时转不出ICU了，因为可能再次发生了肺栓塞。
两个女儿一听，大惊失色，问怎么会这样。
华哥一时半会儿也说不出原因，只好说可能是患者发生肺栓塞的原
因还没解决，所以再次发生了肺栓塞。肺栓塞常见的症状就是胸痛、呼
吸困难，还有咯血。
前面说过，肿瘤患者和长期卧床、妊娠、口服避孕药的患者血液较
为黏稠，有更高的血栓形成风险，比如下肢静脉形成血栓，一旦栓子脱
落，就可能随着血流进入肺动脉卡住。但这个患者血栓形成的原因并不
明确，而且华哥后来也给患者","呼吸困难, 家属沟通, 预后不确定, 癌症末期",,,,
ku_pdfbook_08f2b34c,生命的反转：急重症科医生手记.pdf,187-188,"。栓子哪里来的，不好评估，反正B超没看到。
出现这几个症状要考虑多发性骨髓瘤
形成血栓的原因一般有三个：一是血液黏稠，二是血流缓慢，三是
血管内皮破溃。血液黏稠容易导致血栓形成，这很容易理解；血流缓慢
也容易导致血栓形成，这个也不难理解；而血管内皮如果有破裂，一些
凝血分子就会堆积上去，长此以往，也容易形成血栓。
所以，医学上建议患者不要长期卧床，因为容易导致血流缓慢，也
建议汽车司机不要老坐着，要时不时活动一下，这些都是为了预防血栓
形成。
现在不是考虑患者发生肺栓塞原因的时候，当务之急，先做CT肺
动脉造影，看清楚是不是真的再次发生肺栓塞了，毕竟患者又缺氧了。
真是头疼，本以为明确肺栓塞了","呼吸困难, 医疗决策, 预后不确定, 家属沟通",,,,
ku_pdfbook_9f13f306,生命的反转：急重症科医生手记.pdf,189-189,"终在血液内科诊断为多发
性骨髓瘤。
对，多发性骨髓瘤。多发性骨髓瘤并不少见。
正常情况下，我们的骨髓会生产很多正常的浆细胞，而浆细胞们平
时的工作就是生产免疫球蛋白，免疫球蛋白是保护机体的，可以认为是
特种兵。但在病理条件下，患者的骨髓错乱了，它们生产出很多不正常
的浆细胞，这些不正常的浆细胞也会分泌很多蛋白质，但它们不是正常
的免疫球蛋白，它们没有任何保护机体的作用，反而会霸着茅坑不拉
屎，而且还浪费食物，阻碍正常浆细胞的生长发育……
它们会侵蚀患者骨头，导致骨质疏松，一不小心就会骨折。骨髓没
办法正常造血，那么红细胞、血小板这种成分就会被迫减少，患者就会
发生贫血，患上血小板减少症。这些坏","预后不确定, 疼痛管理, 呼吸困难, 家属沟通",,,,
ku_pdfbook_c2d74d1a,生命的反转：急重症科医生手记.pdf,190-190,"异常。它们若是堆积在血液里面，就会引起血液黏稠，患者
容易有头晕、眼花、乏力等表现，严重的情况会引起血栓形成，血栓一
旦脱落……就是肺栓塞。
这就是前后两次发生肺栓塞的原因，也能解释患者当前所有症状！
一想到这里，华哥就压抑不住内心的激动和兴奋。
患者真的是多发性骨髓瘤吗？这个病多发于老年人，患者这个年龄
也合适。华哥越想越兴奋，于是跟家属分享了这个可能性。家属将信将
疑，但终究有个说法了，她们心里也好受了一些，问华哥那接下来要怎
么办。
华哥说，我们请血液内科医生过来帮忙看看，可能要做一些基本检
查，还要做骨髓检查。骨髓瘤，自然需要检查骨髓，否则没办法抓住最
本质的东西。
跟家属沟通完毕后，","家属沟通, 医疗决策, 癌症末期, 呼吸困难, 疼痛管理",,,,
ku_pdfbook_5732e546,生命的反转：急重症科医生手记.pdf,199-201,"至脑
死亡。
还好，患者是幸运的。
经过保守治疗后，患者健康逐渐恢复，几天后，他就要求出院了。
直到出院那天，他都是自己一个人处理所有事情。
他似乎又是不幸的。
人生真的是无常。珍惜眼前人，活好当下。
我是1型糖尿病患者,也是个失恋的女孩
患者病历
基本信息
女性
28岁
主诉
注射过量胰岛素
病虫
型糖尿病
会诊科室
ICU
关键词
糖尿病
脑死亡
“她倒在地上的时候，旁边散落着平时常用的胰岛
素”
120车拉回了一名28岁年轻女性，到急诊科的时候，人已经昏迷
了。急诊科医生说，这个女孩子是在家注射过量胰岛素自杀，父母及时
发现才打的120。
自杀的年轻女性，每个年代都会有很多，最常见的原因","抑郁情绪, 自杀意念, 告别与分离, 生命意义",,,,
ku_pdfbook_5e38743c,生命的反转：急重症科医生手记.pdf,199-201,"道——多是为情自杀。
对于有自杀行为的病人，医生很少会关注他们的自杀动机（那是警
察的事情），只会关注其自杀的方式，因为那涉及治疗和预后。其中有
些比较极端的自杀者，不管医生多努力，终究还是无力回天。
眼前这个年轻的女病人，我们当然希望她能活下来，毕竟太年轻
了，她的父母也哭着求我们一定要救救她。
她的父母说，发现她的时候她是躺在房间地上的，已经神志不清
了，他们赶紧打了120。
她的父母还说，她倒在地上的时候，旁边散落着她平时常用的胰岛
素。
“对了，她有糖尿病，十多年了，是1型糖尿病。”她妈妈红着眼睛
告诉我们，患者这十多年来一直在使用胰岛素。
糖尿病有很多种类型，其中最常见的是1型糖尿病","自杀意念, 家属沟通, 医疗决策",,,,
ku_pdfbook_3fc22283,生命的反转：急重症科医生手记.pdf,203-203,"可能喝了酒，需要进一步检查。”
病人父母连忙道谢，表示希望尽一切努力治疗。说着说着，看着不
省人事、生命垂危的女儿，病人妈妈又号啕大哭起来。
过了好一会儿，病人父母稳定了情绪，跟老马说了事情的经过，老
马才知道病人的确是为情自杀——跟男朋友分手了。一开始病人父母还
遮遮掩掩，不想说，只说她喝了酒，还注射了胰岛素，对，是过量的胰
岛素，因为胰岛素笔上显示剂量几乎没有了。如果不是他们提前回到
家，就永远失去了这个女儿。
前面我们讲了，过量的胰岛素会迅速降低人体的血糖，严重的低血
糖是会致命的，而且是会马上致命。
这个年轻的女孩当然知道这点，估计是跟男朋友分手后，伤心欲
绝，本想借酒消愁，后来冲动之","自杀意念, 家属沟通, 医疗决策",,,,
ku_pdfbook_034ca328,生命的反转：急重症科医生手记.pdf,204-204,"，只希望医生尽力。
医生最希望遇到这样的家属，好说话，不浪费时间，不浪费精力。
颅脑CT做了，没问题，不是脑出血，昏迷估计还是低血糖和喝了
点酒的原因。老马心想。
然而，急诊科的剧情走向总是出人意料。
“脑死亡”是否等同于真正的死亡？
就在急诊观察期间，患者突发呼吸节律异常，血氧饱和度迅速往下
掉，这代表患者突然发生了急剧的缺氧。任老马经验再老到，也是被吓
得不轻，眼看着呼吸就要停了，老马让下级医生赶快跑去跟家属沟通，
自己则马上找来气管插管箱，迅速给患者做了气管插管，接了呼吸机，
才稳住了呼吸氧合。
插管上机后，老马便去了ICU，ICU又是华哥值班，华哥闻讯马上
跑去会诊了。经过评估，华哥认","家属沟通, 医疗决策",,,,
ku_pdfbook_adf411bd,生命的反转：急重症科医生手记.pdf,205-205,"的是脑死亡，那么余下的治疗就没有任何意义了，当然，这
是对医生而言。对家属来说，有时候只要人还有心跳，他们就愿意倾家
荡产来维持，即便这是非常不明智的。
女孩父亲红着眼睛问华哥：“真的没有办法了吗？”
华哥只能告诉他：“我们会全力以赴，并且会请不同专科的专家教
授过来会诊，帮忙出谋划策，看看能不能有机会挽救。”
患者住在ICU的这几天，每天探视的只有她的父母，此外别无他
人。华哥慢慢得知，她是独生女，如果就这样撒手而去，白发人送黑发
人，真的是人间悲剧。
有一天白天，来了一群人要探病，都是她的同事。经过一番交流，
华哥知道了她在一家游戏公司上班。同事们问了几句情况，唏嘘了一阵
子便离开了。华哥","家属沟通, 医疗决策, 死亡焦虑, 告别与分离",,,,
ku_pdfbook_6060d08f,生命的反转：急重症科医生手记.pdf,205-205,"八卦问问，女孩的男朋友是否知道（她自杀）这
件事，但忍住了，作为医生，不该问的不要问。探病的同事走后，华哥
不禁感慨，人这一辈子会遇到很多你以为重要的人，但在最关键时刻，
真正心疼你的，只有你的父母。
真正为你落泪伤心的，也只有你的父
母。如果你运气足够好，能遇到另外一个肯为你落泪的人，请一定要跟
他好好相处。
很可惜，她可能没有机会了。
那天夜班，华哥把病房都巡视了一圈后，准备睡觉。这时候护工王
阿姨来到女孩床边，很认真地收拾了她的头发，然后用湿纸巾给她擦
脸。
一般情况下，护工是不大可能这么仔细地给病人擦脸、收拾头发
的。
王阿姨大概看出了华哥的疑惑，说：“这是她父母要求的，说她平
日里爱","自杀意念, 家属沟通, 哀伤与丧失",,,,
ku_pdfbook_69f22531,生命的反转：急重症科医生手记.pdf,205-205,"看到自己头发乱糟糟的，会很难受。”
华哥说：“即便她醒来了，也看不到自己的样子啊，这里也没有镜
子。再说，都病成这样了，哪还有心思管这些。”
“她妈妈说这几天陆续还会有同事、同学过来看她，希望我们给收
拾整洁一点。”王阿姨小心翼翼地擦拭着她的脸庞。
“这张脸本来是长得挺俊的，只是口里插着气管插管，看起来怪可
怜的。这么年轻漂亮的一个女孩子，如果就这样走了，那就真的
是……”
她没有往下说，大家都明白的话，没必要往下说。
华哥转头径自回到办公室。
目前ICU认为这个女孩子可能是低血糖时间过长导致大脑损伤，跟
酒精的关系可能不大，因为该处理的都处理了，而且已经过了5天时
间，再深程度的酒精中毒都应","家属沟通, 预后不确定, 死亡焦虑",,,,
ku_pdfbook_e8fb2db9,生命的反转：急重症科医生手记.pdf,206-206,"度，并不是很高。其实当时送来的时候也不是很高，一瓶
500mL的白酒，估计她没喝几口就喝不下去了，都打翻在了地上，她父
母也说她从来不喝酒。
然而，她现在情况着实不妙，对外界的刺激完全没有反应，无论她
父母怎么呼唤她，都没有反应，各种生理反射都是消失的，这已经是一
种深昏迷状态。再加上没有自主呼吸，真的有可能脑死亡了。
换句话说，此时此刻如果不是靠呼吸机的维持，她或许早已经离开
了我们。
现在医生们是一边治疗，一边等待。
等待什么？等她恢复自主呼吸，等她能自己醒过来。
而在这期间，华哥也要去跟神经内科沟通，因为她有可能脑死亡
了。
一旦诊断脑死亡，按照程序，科室会跟家属商量是否接受器官捐献
的","家属沟通, 医疗决策, 告别与分离, 哀伤与丧失, 生命意义",,,,
ku_pdfbook_2fb4d795,生命的反转：急重症科医生手记.pdf,207-207,"明显，她的安慰没有任何效果。
半夜华哥醒来，看了一下患者的心电监护，血压似乎低一些了。华
哥问护士：“她的血压什么时候开始有了下降趋势？”护士看了一下护理
单，说：“也就刚刚才下降的，之前都还好好的。
”
华哥又查看了她一天的液体出入量，都还行，尿量也没有特别多，
血压怎么就低了呢？情况特殊，绝对不能大意。
华哥再次仔细地回顾了一遍她的资料……
“这个女孩子也挺可怜的，有什么想不开的，竟然就自杀了。”护士
小冯边抄着记录边说。
华哥嗯了一声，翻开患者的眼皮，用手电筒照了一下，又看了看她
的瞳孔，瞳孔很小。很多昏迷的病人瞳孔都很小，原因很多，此时华哥
没有深究。
“听说今天她的男朋友来看她了，李","自杀意念, 抑郁情绪, 家属沟通",,,,
ku_pdfbook_6eb1ad69,生命的反转：急重症科医生手记.pdf,208-208,"“老师您不知道啊，我
同学那个医院，三两天就能收到自杀的病例，多数都是女孩子呢。”
“你同学那是什么医院啊？”华哥笑着说，“怎么净是自杀的人。”
小护士甜甜地笑了一下，戴着口罩，只露出两只弯弯的眼睛，
说：“老师，我同学是在北边山区的一家医院，那里是有很多中毒、自
杀的病人的。”
华哥哦了一声，接着说：“那你说说，你同学医院那个自杀的女
生，是为什么自杀啊？”
“为什么自杀我不知道，听说也是跟感情有关吧，不过她是吃了安
眠药自杀，没有我们这个3床这么严重，人家当天就醒了，我们3床这个
小姐姐却睡了五天五夜了……”小护士连珠炮似的说了一堆，说到后
面，语气明显流露出对3床女孩子的同情。
“又是安","抑郁情绪, 自杀意念",,,,
ku_pdfbook_1439c7a7,生命的反转：急重症科医生手记.pdf,208-208,"嘀咕了一声，继续抄写
她的记录。
“老师，您不知道，很多人都有安眠药啊，我身边很多闺密都有，
吃一点就安眠，吃多点就自杀了，好方便的……”
说到这里她顿时停下来了，可能是觉得自己说“自杀好方便”这句话
影响不好，尴尬地挠挠头，笑了笑。
空气陷入安静，然而此刻的华哥，却觉得自己被雷电击中了一样，
他飞快地回忆了3床住院的过程。病人昏迷的第一现场是家中，她父母
说周围发现胰岛素笔，还有洒在地上的白酒，到了急诊科，测了血糖很
低，所以大家都认为病人是低血糖昏迷，而且有可能是酒精中毒。虽然
经过积极治疗，但是病人没有清醒过来。后面病人呼吸快要停止了，我
们才给插了气管插管，接上呼吸机治疗。为什么呼吸会","自杀意念, 医疗决策",,,,
ku_pdfbook_578de353,生命的反转：急重症科医生手记.pdf,208-208,"深昏迷有关。
但是所有人都忽略了一个非常重要的点！眼前这个护士妹妹提醒了
华哥。她有没有可能是安眠药中毒呢？完全有可能啊！女孩子自杀不是
大都选择服用过量安眠药吗？虽然昏迷的第一现场没有发现安眠药盒，
但是她完全可能是先吃了安眠药，再注射的胰岛素或者喝了酒！
华哥越想越激动。如果她是安眠药中毒，而不是低血糖昏迷，那就
有救了！严重低血糖会损伤中枢神经系统，而且这种损伤可能是不可逆
的，如果她真的是低血糖导致的深昏迷，而且已经五天五夜了，那么她
能清醒过来的概率就太低了，因为大脑细胞都死得差不多了。
但如果她是安眠药中毒，那么就还有机会。
“太好了！”华哥忍不住喊了出来。小冯和小护士被他的举动吓","家属沟通, 医疗决策",,,,
ku_pdfbook_283f0b4c,生命的反转：急重症科医生手记.pdf,209-209,"叔你好，是这样的，我们现在在讨论你女儿的情
况，觉得有必要弄清楚她有没有吃安眠药中毒的可能。她平时有没有吃
安眠药睡觉的习惯？”她爸爸呃了一声，然后说没有。
“是没有，还是你们不大清楚？”华哥继续问。
“应该是没有的，平时我们去挂号拿的药都只是胰岛素而已，没看
她开过安眠药啊。”
“那这样，叔叔，麻烦你们在家仔细找找，看看有没有一些安眠药
的药盒子之类的，就怕她自己买了安眠药没跟你们说。”挂了电话之
后，华哥的心情久久不能平复。看着满病房的病人，个个都插满了管子
——气管插管、胃管、深静脉穿刺管、动脉置管、胃管、尿管、胸腔穿
刺管、腹腔引流管等，想想其实他们也挺可怜的。
眼前这些病人，有些能走","家属沟通, 医疗决策, 预后不确定",,,,
ku_pdfbook_2293391e,生命的反转：急重症科医生手记.pdf,210-210,"以打电话跟你们说清楚。”
华哥听后，兴奋不已，一连说了好几次“有帮助”，都有点语无伦次
了。华哥明白了，电话那头应该是病人的男朋友，听声音他也是挺害
怕、懊恼的。发生这样的事情，谁也没想到，谁也不想。
病人并没有睡眠方面的障碍，但她的确买了安眠药，而且不是通过
医生开处方买的，而是偷偷买的，这点在动机上值得怀疑。她如果想自
杀，很有可能是通过吃安眠药来自杀。睡一觉就过去了，没痛苦，或许
她是这么想的。但口服安眠药没那么快吸收并发挥药效，而她一心求
死，等不及了，所以给自己注射了过量的胰岛素。她自己肯定知道过量
胰岛素会导致低血糖，会致死，她要的就是这个后果。至于那瓶白酒，
搞不清楚是什么时候喝","抑郁情绪, 自杀意念",high,,,
ku_pdfbook_9a5a9252,生命的反转：急重症科医生手记.pdf,210-210,"问她本人才知道。
如果是大剂量安眠药中毒，完全可以导致深昏迷，丧失自主呼吸，
并且血压也会低，各种生理反射都可能减弱甚至消失，有点类似脑死
亡……但它不是真的脑死亡，大脑仅仅是暂时进入了一种冬眠状态。
等
到药物效果过去了，或者我们使用了药物对抗，大脑就可能复苏！
越想越兴奋，事不宜迟，华哥拿起电话打给了主任，把他的猜测和
病人男朋友提供的信息都告诉了主任，请他定夺。主任听完，很快就做
出了决断，让华哥今晚就给病人用安眠药拮抗剂，并做血液净化治疗。
就在这时，小冯的声音传来：“3床的血压越来越低了！”
华哥暗暗叫苦，真是一波未平一波又起。挂了主任电话后，他跑到
床旁盯着血压监测数据，只有70/","家属沟通, 医疗决策, 预后不确定",,,,
ku_pdfbook_849b8c2f,生命的反转：急重症科医生手记.pdf,211-211,"，先把血压稳住，毕竟如果血压垮下来了，那么病人就更加凶险了。
接着打电话给病人父亲，告诉他目前的判断，同时也不大情愿地向他交
代了，病人目前情况不好，血压低，随时有生命危险，有可能血压扛不住就会走掉。
病人父亲一听，慌了，说他们马上赶来医院。华哥说：“现在要做
血液净化，要签字的，我们先做了，你们后面再补签字。”他同意了，
说所有治疗统统都同意。搞定家属，华哥迅速给病人做了右侧颈内静脉
穿刺置管，然后接上血液净化机，不停催着护士们加快动作，“我们已
经晚了5天时间，现在一秒钟我都不想耽误了。如果真的是安眠药中
毒，那么这样的治疗肯定会有效，关键是她已经昏迷了那么长时间，能
不能醒过来就是未知数","家属沟通, 医疗决策, 预后不确定, 自杀意念",,,,
ku_pdfbook_3be6fb4e,生命的反转：急重症科医生手记.pdf,212-215,"病史
尚未明确
会诊科室
呼吸内科
关键词
慢性咳嗽
咳嗽两年，“咳到怀疑人生”
早些年，老马在呼吸内科病房待过一段时间，那段时间见过很多有
意思的病例，下面这个病例，曾经让所有在场医生感到背后发凉。
一名64岁的男性，据说是当地某局的退休局长，咳嗽了2年，用他
自己的话来形容，就是“咳到连老妈都不认识了，咳到怀疑人生”。
老马第一次见他的时候，他的确咳得非常辛苦，似乎到了把肺叶咳
出来才能舒服的程度。
每天早上6点左右，他总是会搬出一张凳子，坐在走廊，面前放一
个痰盂。
东西准备齐全后，开始咳。
老马问他为什么要到走廊咳，不在病房咳。“病房的几个老伙计都
还在睡觉，为了不影响他们，我只好来到",呼吸困难,,,,
ku_pdfbook_529a98ea,生命的反转：急重症科医生手记.pdf,216-216,"病有些了解。”他自己说。
那天，科主任给他安排了胸部CT，还特意做了增强，目的是更好
地甄别是否为肺癌。
结果，没有肺癌，没有间质性肺病，没有支气管扩张，没有之前被
列入考虑的疾病，大家仍然毫无头绪。
患者不是第一次做胸部CT了，2个月前就在当地医院做过一次，同
样没有发现什么异常。当地医生也是蒙了，才叫他转来这里。
没想到，到了这儿，大家也蒙了。
常规检查做完了，患者的咳嗽原因还是没找到，而且目前采用的所
有止咳方面的治疗效果都不好。
每天一大早，他还是会坐在走廊过道上，使劲地咳。
整栋楼都能听到他咳嗽的声音。主任都笑了：“看他中气这么足，
应该不是什么恶性疾病，咱们再找找看。”
那天夜里他","抑郁情绪, 医疗决策",,,,
ku_pdfbook_51953890,生命的反转：急重症科医生手记.pdf,217-218,"看。”老马想了会儿，想出这么一个
办法。
“纤维支气管镜是什么？”患者问道。
“纤维支气管镜，就是把一根指头粗的管子插入你的鼻腔，一直进
到你的气管里面，这根管子头部有摄像头，我们通过摄像头就能看到你
气管里面的情况。”老马耐心地给他解释。
“痛苦吗？”他问。
“有局部麻醉的，一般还可以耐受，但是肯定不会太舒服。”老马跟
他说。
“做吧，做吧，有什么办法都尽管尝试一下。”说完后，他就回房间
了。
抓到了！气管里潜伏两年的“真凶”
第二天，呼吸内科集体讨论了这个病人的情况，最终决定给他做纤
维支气管镜检查。
一切准备就绪之后，检查开始了。
纤支镜从患者鼻腔进入，过了鼻咽、口咽，就看到声门，顺着往","呼吸困难, 疼痛管理, 医疗决策",,,,
ku_pdfbook_99933e41,生命的反转：急重症科医生手记.pdf,223-223,"“这是必须的，患者现在休克了，很可能是低血容量性休克。”老马
告诉规培医生。
本来还想跟规培医生分享一下诊疗过程，但现在显然不够时间了。
老马抓紧时间检查了一遍患者身体（主要是腹部），发现患者腹部有压
痛，腹部一被按压就哇哇叫，估计痛得不得了。
患者有腹痛，且是明显压痛，现在又休克了，很明显是腹部的问
题，而且可能是致命的问题！
急诊科最害怕的症状就是腹痛、胸痛，因为导致腹痛、胸痛的疾病
类型太多了，很多都可能迅速致命，一时半刻要鉴别也相当困难，搞不
好分分钟闹出人命。
为今之计，必须迅速补液稳住血压，必要时还要用到升压药物，然
后赶紧找出腹痛、休克的原因。
而要迅速揪出病因，往往靠三样东西：","疼痛管理, 医疗决策",,,,
ku_pdfbook_acf118c2,生命的反转：急重症科医生手记.pdf,223-223,"查
（比如B超）。
老马见患者有些意识模糊了，尝试问了几个问题她都没怎么回答。
糟糕，这已经是休克的严重表现了，血压太低，大脑供不上血氧，
所以出现功能障碍，人就会发生意识模糊，再进一步发展，非昏迷不
可。
“赶紧补液，把血压弄上来，”老马开始有点急了，喊护士，“联系
血库，就说我们先要4个单位红细胞，800mL血浆。告诉他们要快，在
抢救。”
安排完这些，老马又吩咐护士赶紧抽血化验动脉血气、血常规、凝
血指标、肝肾功能等，同时让规培医生联系B超室，就说有病人需要紧
急做腹部B超，病人情况不好，去不了（B超室），只能请他们过来一
趟了。
处理完病人后，老马赶紧出了抢救室，找到患者家属（病人丈
","医疗决策, 家属沟通",,,,
ku_pdfbook_9f88f5f4,生命的反转：急重症科医生手记.pdf,224-224,"），问他：“什么时候开始出现的腹痛？当时在做什么？以前有没有
类似的腹痛？”
本来直接询问病人是最好的病史收集方式，但是现在病人已经休克
了，只能问家属了。还好两口子是一块生活，还能问出一些有用的细节
来。
病人丈夫万分焦急，刚刚一直在抢救室门外等，现在坐在等候厅椅
子上，见老马风风火火赶过来，他也赶紧站起来等候问话。然而听老马
一口气问了这么多问题，他脑子也乱了。
老马从他语无伦次的回答中大致掌握了一些情况：患者两天前就说
肚子隐隐不舒服了，今天早晨在做早餐的时候突然说腹痛加剧，痛得直
不起腰，人也冒虚汗，所以赶紧叫了120车。
“医生，我老婆不要紧吧？”
老马告诉他：“现在病人已经休克了，","疼痛管理, 家属沟通, 医疗决策",,,,
ku_pdfbook_6964531d,生命的反转：急重症科医生手记.pdf,228-228,"的话）。打个比方，走廊（阴道）的
尽头是一间屋子（盆腔），屋子放了什么东西我们不知道，这间屋子没
有门也没有锁，只有墙，为了看清楚里面有什么，只能在墙上（后穹
窿）砸个洞。后穹窿穿刺也差不多这个原理。
众人屏气凝神。
妇产科医生把注射器推入后穹窿，穿刺，然后回抽。
老马心都提到嗓子眼了。但见注射器回抽时，真的抽出了一管鲜红
色的血液。
注射器回抽有血液，证明腹部最下端也就是盆腔里面真的堆积了血
液。这就从侧面进一步证实，真的是宫外孕破裂出血。
“不等B超了，赶紧联系手术室紧急手术，开腹止血。”妇产科医生
斩钉截铁地说。
老马对她的话深表赞同。
两人分头行动。老马在急诊科抗休克、稳住患者生命体征","家属沟通, 医疗决策, 预后不确定",,,,
ku_pdfbook_60f2f4b9,生命的反转：急重症科医生手记.pdf,229-229,"患者已然身处旋涡中心，半条命都丢
了。
救得回来就谢天谢地，救不了就是命了。
到了手术室，全身插管麻醉后，妇产科医生剖开了患者腹部。一打
开腹部，所有人都惊讶了。整个腹腔都是血和血凝块，吸引干净后一统
计，差不多有3000mL。难怪患者休克无法纠正了。
妇产科医生迅速探查了右侧输卵管，不用太多检查便发现右侧输卵
管有一个黄豆粒大小的破口，破口处依稀可见有鲜血流出。
终于真相大白。
妇产科医生手脚异常麻利，切除了病变部位，确认未再有出血，然
后清理盆腔，留置盆腔引流管，做完这些就关腹了。
此时患者体内已经输入红细胞8U，血浆1600mL，还有大量的液
体。患者血压稍微稳住了，102/60mmHg","医疗决策, 照护负担, 疼痛管理",,,,
ku_pdfbook_d046905e,生命的反转：急重症科医生手记.pdf,234-234,"病。
正如我时常对患者提起的一句话：“医患是同一条战壕里的战友，
我们的共同敌人是疾病。面对敌人，彼此信任才是制胜的法宝。”
想了解更多医学科普知识，可以关注我的微信公众号“听李医生
说”，等您到来。
Table of Contents
目录
前言
胸痛未必就是心肺问题
一次寻常的“心肌梗死”诊断
判断心肌梗死就看这两个指标
一路“绿灯”的冠脉造影剂
多少英雄好汉，折在三种胸痛疾病之下
排除三种胸痛大病，又迎来腹痛
闻“恐水”而色变，我们恐的到底是什么
年轻人出现呼吸困难和发热，首先考虑肺炎
急诊科是病房排头兵
一杯水引发的集体恐惧
呼吸困难、乏力、恐水，生命出现大危机
有救了！“晨轻暮重”之","疲劳与虚弱, 呼吸困难",,,,
ku_pdfbook_edcaf5ea,生命的反转：急重症科医生手记.pdf,235-235,"角
抗凝药是把双刃剑
中老年人出现腹痛，一定要关注心电图
医生对病因的推测速度，时常赶不上病情的发展速度
不遵医嘱服药，后果很严重
检验也不能保证100%准确
一份急诊科检验报告：不算太差，也不算正常
奇怪！抗生素没奏效，大多数推测也证据不足
恙虫病？不是已经被排除了吗？
“无辜”的20cm小肠
女性便血不能大意，失血量大更要重视
出血灶在哪儿？小肠里发现小小出血点
概率再小的事件，也可能切实发生
胸片照出一双白肺，医生的努力却没白费
前一秒喘气说话，后一秒心脏停搏
突发呼吸困难，必须警惕气胸
找到双肺变白的原因，又引起新的担心
妻子昏迷的真相，藏在“难言之隐”里
无缘无故的昏迷，不能只考虑低","预后不确定, 呼吸困难, 家属沟通, 医疗决策",,,,
ku_pdfbook_9231f5df,生命的礼物 关于爱死亡及存在的意义.pdf,6-6,"P (原樊登读书)创始人,首席内容官 ):
我读心理学的书比较杂,各种流派都有可观之处。这几
年越来越喜欢存在主义心理学
因为它是站在今天去思考明
天的解决方案。而不是沉溺在过去的痛苦之中无法自拔。欧
文 ` D. 亚隆是存在主义心理学的一座高山,这本书是关于他
自己的生活和苦痛。让我们看到心理学家是如何面对人生的
拷问的
范海涛 (传记作家,""海涛口述历史 。人物传记工作室'
创
始人):
书如其名。亚隆大师的这本《生命的礼物》是一份有温度
有力量的 ""礼物""
面对生命中的离别与波折
直面死亡。接纳
生命的起点与终点,
四季轮转
万物更迭。都在一个 '""情""  字。
对生活不断追逐。对生命永","存在性痛苦, 生命意义, 告别与分离, 老年安宁, 死亡焦虑",,,,
ku_pdfbook_c32a646a,生命的礼物 关于爱死亡及存在的意义.pdf,6-6,"越喜欢存在主义心理学
因为它是站在今天去思考明
天的解决方案。而不是沉溺在过去的痛苦之中无法自拔。欧
文 ` D. 亚隆是存在主义心理学的一座高山,这本书是关于他
自己的生活和苦痛。让我们看到心理学家是如何面对人生的
拷问的
范海涛 (传记作家,""海涛口述历史 。人物传记工作室'
创
始人):
书如其名。亚隆大师的这本《生命的礼物》是一份有温度
有力量的 ""礼物""
面对生命中的离别与波折
直面死亡。接纳
生命的起点与终点,
四季轮转
万物更迭。都在一个 '""情""  字。
对生活不断追逐。对生命永远炙热,亚隆夫妇的故事透露出人
文关怀。似涓涓细流和冬日暖阳打动了我。我也愿意把这份生
命的智慧和理","死亡焦虑, 生命意义, 告别与分离, 哀伤与丧失",,,,
ku_pdfbook_d8f351c8,生命的礼物 关于爱死亡及存在的意义.pdf,7-7,"死?  这本书可
以帮助我们更好地理解生命的意义。
李孟潮 (精神科医师。心理学博士):
本书记录了亚隆夫妻临终时的心路历程。探索了人类如何
整合老年期的两大感受:  统整感和绝望感。以期帮助人们达到
VI
心理发展的终点
种熟而脱
与肘偕行
到站下车。笑迎死
亡。译者和编者颇费心思
译笔流畅优美;且配有丰富注解。
祝愿读者也可以通过此书。在死亡的钝感中收割存在主义的领
悟。照见无明动而轮转生。妄想兴丽涅檠现之妙理。虽经历阴
阳顺序天造草昧之险难。仍可以经纶风雷建侯刚柔
最终断惑
出生死。
李松蔚 (临床心理学博士 ):
这是生命和死亡的意义之书。两位相爱了六十多年的高龄
老人, 一同携手面对","死亡焦虑, 生命意义, 存在性痛苦",,,,
ku_pdfbook_ba855129,生命的礼物 关于爱死亡及存在的意义.pdf,7-7,"亚隆夫妻临终时的心路历程。探索了人类如何
整合老年期的两大感受:  统整感和绝望感。以期帮助人们达到
VI
心理发展的终点
种熟而脱
与肘偕行
到站下车。笑迎死
亡。译者和编者颇费心思
译笔流畅优美;且配有丰富注解。
祝愿读者也可以通过此书。在死亡的钝感中收割存在主义的领
悟。照见无明动而轮转生。妄想兴丽涅檠现之妙理。虽经历阴
阳顺序天造草昧之险难。仍可以经纶风雷建侯刚柔
最终断惑
出生死。
李松蔚 (临床心理学博士 ):
这是生命和死亡的意义之书。两位相爱了六十多年的高龄
老人, 一同携手面对晚景。他们的学识。财富
智慧和美德,
使得他们在病痛折磨下尽力保持体面和从容 ,
而他们对生命薏
义","存在性痛苦, 生命意义, 告别与分离, 灵性需求",,,,
ku_pdfbook_ecf8c8dd,生命的礼物 关于爱死亡及存在的意义.pdf,15-15,"她的致命疾病和她的死亡以及我之
后的哀悼历程的书。我工作的题目是 ""-个关于死亡与生活的
问题"" 。
这本书将由斯坦福大学出版社出版。除了出版商。还没
有人读过这本书 _
但我觉得这是一本独一无二的讲述了一对夫
妇如此公开地面对死亡以及幸存配偶随后的内心体验的书。在
过去的几个星期里。我也深刻地经历了忍受深度抑郁。","死亡焦虑, 哀伤与丧失, 抑郁情绪",,,,
ku_pdfbook_44869ded,生命的礼物 关于爱死亡及存在的意义.pdf,15-15,"此公开地面对死亡以及幸存配偶随后的内心体验的书。在
过去的几个星期里。我也深刻地经历了忍受深度抑郁。
强迫性
思考和对所爱之人的深切哀悼是怎样的一种感受-一这对治疗
师来说是一种非凡的教育。
这本书一直是我的救命稻草。每天我都期待着投入写作
现在我已经写完了,我感到像在海上。  希望很快能看到另-本","哀伤与丧失, 抑郁情绪",,,,
ku_pdfbook_491d0bfa,生命的礼物 关于爱死亡及存在的意义.pdf,15-15,"直是我的救命稻草。每天我都期待着投入写作
现在我已经写完了,我感到像在海上。  希望很快能看到另-本
书的风帆出现在我的视野里。
我的写作不仅使我在玛丽莲离世后得以幸存下来。而且还
帮助我在当今世界大流行病的隔绝中生存下来。几个星期前。
我的女儿伊芙搬来和我一起住
由于她的爱和关心,
我逐渐摆
脱了悲伤和抑郁。","哀伤与丧失, 生命意义, 抑郁情绪",,,,
ku_pdfbook_5a4e6e46,生命的礼物 关于爱死亡及存在的意义.pdf,15-15,"中生存下来。几个星期前。
我的女儿伊芙搬来和我一起住
由于她的爱和关心,
我逐渐摆
脱了悲伤和抑郁。
我已经停止了我正在进行的治疗实践
但仍然继续通过
Zoom 或 Skype 进行一个或两个小时的咨询。并提供我所能提供
的任何帮助。包括必要时合适的转诊。
读完亚隆的留言,我好想抱抱他。在我心里,亚隆早已不","哀伤与丧失, 抑郁情绪, 生命意义",,,,
ku_pdfbook_e77ce4b4,生命的礼物 关于爱死亡及存在的意义.pdf,39-39,"好主意 ,
你应该投人其中。联合项目的想法很诱
人
但如你所知。我巳经开始写一本故事书了。
""哦。不。不一一你不要写那本书。你和我一起写这本!你
会写你的章节。我会写我的章节
它们交替着来。这将是我们
XLII
的书,一本跟任何别的书都不像的书。因为它需要两个头脑而
不是一个。是一对结婚六十五年的夫妇的反思! -对走在通往
最终的死亡道路上。非常幸运地彼此拥有的夫妇。你会带着你
的三轮助行器走路。而我会用最多可以行走十五或二十分钟的
腿走路。
在1980年出版的《存在主义心理治疗》
Eristenlial
Psychotherapy) 一书中。欧文写道: 如果你对自己的生活没有
多少遗憾,那么","死亡焦虑, 存在性痛苦, 生命意义, 告别与分离, 老年安宁",,,,
ku_pdfbook_99f977a5,生命的礼物 关于爱死亡及存在的意义.pdf,39-39,"。不一一你不要写那本书。你和我一起写这本!你
会写你的章节。我会写我的章节
它们交替着来。这将是我们
XLII
的书,一本跟任何别的书都不像的书。因为它需要两个头脑而
不是一个。是一对结婚六十五年的夫妇的反思! -对走在通往
最终的死亡道路上。非常幸运地彼此拥有的夫妇。你会带着你
的三轮助行器走路。而我会用最多可以行走十五或二十分钟的
腿走路。
在1980年出版的《存在主义心理治疗》
Eristenlial
Psychotherapy) 一书中。欧文写道: 如果你对自己的生活没有
多少遗憾,那么面对死亡会更容易些。回顾我们共同的漫长生
活,我们很少后悔。然而这并不能让我们更容易忍受我们现在
每","死亡焦虑, 生命意义, 告别与分离, 哀伤与丧失, 存在性痛苦",,,,
ku_pdfbook_08fd86fd,生命的礼物 关于爱死亡及存在的意义.pdf,49-49,"
促使我去做研究。去写作。也
推动着我不断尝试帮面临死亡的病人获得安慰。然而。现在,
那些恐惧去哪儿了?  当死亡步步逼近肘 ,
我的平静从何而来?
随着时间流逝,这段痛苦的考验渐渐消退。每天早上。我
笫1章
救命的盒子
和玛丽莲都会在后院小坐。后院周围绿树成荫。我们牵着手紧
挨着对方
回忆过往,细数走过的地方: 夏威夷的两年。当肘
我在服役,
住在美丽的凯卢阿海滩;  我们俩休学术假,
在伦敦
待了一年;  此外,
在牛津附近待过六个月
在巴黎也待了几个
月。在塞舌尔还住了好一段时间_
还有印度尼酉亚的巴厘岛
法国
奥地利和意大利
都曾小住过。
沉浸于往日美好时光。玛丽莲紧紧握住我的手说: ","死亡焦虑, 生命意义, 告别与分离",,,,
ku_pdfbook_3f2b097a,生命的礼物 关于爱死亡及存在的意义.pdf,49-49,"几乎耗尽了她的精力,她现在自
天常常需要睡很长肘闻。我靠回躺椅。想着我那些被死亡恐惧
淹没的病人们。
以及那些曾直视死亡的哲学家。两干年前。塞
涅卡 (Seneca) 说: ""才刚刚开始活的人,是无法慷慨赴死的。我
们须以 `俱足矣'  为目标去活着 。尼采,
这位深刻的警句之壬 ,
他曾说: ""安全的生活是危险的。
我脑海里还冒出了他的另外
一个警句: ""很多人死得太晚。另有些人则死得太早。人应死得
其肘","死亡焦虑, 生命意义",,,,
ku_pdfbook_adb6827c,生命的礼物 关于爱死亡及存在的意义.pdf,50-50,"。我
们须以 `俱足矣'  为目标去活着 。尼采,
这位深刻的警句之壬 ,
他曾说: ""安全的生活是危险的。
我脑海里还冒出了他的另外
一个警句: ""很多人死得太晚。另有些人则死得太早。人应死得
其肘
生命的礼物:  关于爱。死亡及存在的意 <
嗯
""其时""  将至..真是说到家了
我快88岁了,
玛丽
莲87岁
我俩子孙满堂。我担心我巳经把自己的生活全部记录
完了。目前我正准备退休 ,
慢慢放下精神治疗的工作。而妻子
此刻病得正重。
死得其时   这个词。在我脑海里挥之不去。我又想到尼采
的另一句箴言: ""凡业己圆满者。皆为向死;  凡依旧青涩者,乃
念久长。身陷苦难。终求苟活。唯愿圆融愉恰","生命意义, 灵性需求, 告别与分离, 老年安宁",,,,
ku_pdfbook_ba8dd427,生命的礼物 关于爱死亡及存在的意义.pdf,50-50,"危险的。
我脑海里还冒出了他的另外
一个警句: ""很多人死得太晚。另有些人则死得太早。人应死得
其肘
生命的礼物:  关于爱。死亡及存在的意 <
嗯
""其时""  将至..真是说到家了
我快88岁了,
玛丽
莲87岁
我俩子孙满堂。我担心我巳经把自己的生活全部记录
完了。目前我正准备退休 ,
慢慢放下精神治疗的工作。而妻子
此刻病得正重。
死得其时   这个词。在我脑海里挥之不去。我又想到尼采
的另一句箴言: ""凡业己圆满者。皆为向死;  凡依旧青涩者,乃
念久长。身陷苦难。终求苟活。唯愿圆融愉恰。高远久长。乃
至璀璨。
是啊。成熟圆满,也说得很恰当。成熟圆满。这正是我和
玛丽莲此刻的感觉。
我","死亡焦虑, 生命意义, 告别与分离, 灵性需求, 老年安宁",,,,
ku_pdfbook_5890993b,生命的礼物 关于爱死亡及存在的意义.pdf,52-52,"
节目里表演各种骑术。射术  有意思的是。
在比尔之前的牛仔射击表
演中。确实是用真的鸽于的。可是比尔认为这不人道。太过于血腥 ,
思出丫用士制圆形飞盘代替鸽子的办法。所以后来人们称射击飞碟为
鸽子""
生命的礼物:  关于爱。死亡及存在的意义
被褥都已经被撤掉,
只剩下一个光秃秃的床垫。我再也没有母
亲了。
现在是周六早上8:30。截至目前。我像往常一样;7点
起床
简单吃个早餐。步行不足50米:
到我的办公室。打开电
脑。查收邮件。第一封如下:
我叫 M, 是一名伊朗的学生。我因为惊恐发作一直在做
治疗。医生跟我推荐了你的书。建议我去读《存在主义心理治
疗》。你的书让我找到了自童年起长久以来","死亡焦虑, 存在性痛苦, 生命意义, 自杀意念, 灵性需求",,,,
ku_pdfbook_9a2063ec,生命的礼物 关于爱死亡及存在的意义.pdf,53-53,"意。
我泪水盈眶。这样的来信每天都有。通常一天三四十封。
可以有机会帮到这么多人
我感觉自己是如此幸运。这封信来
自伊朗。其意义更为重大。我感觉自己是人类共同体联盟中的
一员
在做着帮助全人类的事情。
'笫1章
救命的盒亍
我是这样回复他的:
非常高兴听到你说我的书对你很重要
对你有帮助。希望
未来有-天。我们的国家可以恢复理智。对彼此心怀悲悯。
祝好。
欧文 `0.亚隆
我常常被读者们的来信感动 ,虽然有时多到应接不暇。我
尽力回复每一封来信。并在回信里称呼对方的姓名,这样他们
会知道我确实读了他们的来信。我把这些电邮都做了星标。存
在一个文件夹里。几年前我开始这么做。现在已经有好几干封
了","抑郁情绪, 自杀意念, 照护负担, 存在性痛苦",,,,
ku_pdfbook_498f8195,生命的礼物 关于爱死亡及存在的意义.pdf,53-53,"我发现玛丽莲醒了。已经拉开了窗帘。三天前她
刚刚做过化疗
现在仍然十分虚弱
我赶忙回家给她准备早餐。
然而她已喝了一杯苹果汁
没胃口再吃其他东酉了。玛丽莲躺
在客厅的沙发上 ,注视着我们院子里的橡树。
像往常一样,
我问她感觉怎么样。
也像往常一样,
她直自地回答我说: ""非常难受。说不出的
难受。我感觉自己被掏空了,
浑身上下没有一处不难受。如果
不是因为你,我真的不想再活着了 我不想再活着了:.对
不起我老是说这些。我知道我已经念叨了太多遍。","疲劳与虚弱, 抑郁情绪, 自杀意念, 癌症末期",high,,,
ku_pdfbook_b31d37e5,生命的礼物 关于爱死亡及存在的意义.pdf,54-54,"
她直自地回答我说: ""非常难受。说不出的
难受。我感觉自己被掏空了,
浑身上下没有一处不难受。如果
不是因为你,我真的不想再活着了 我不想再活着了:.对
不起我老是说这些。我知道我已经念叨了太多遍。
生命的礼物:  关于爱。死亡及存在的意义
这几周以来;
天天听她说这些。我感觉低落
无助。而最
让我痛苦的
莫过于眼睁睁看着她受苦:  每周她所接受的化疗,
会带来的副作用是头疼 .
恶心和极度疲劳。就像与自己的身体 ,
周遭事物和他人全部失联了一样。难以名状的感觉。很多接受
化疗的病人形容这感觉是 ""化疗脑"" 。我鼓励她试着走一小段
路。就20多米
走到我们家的信箱那儿。但跟往常一样以失败
告","死亡焦虑, 未竟事务, 照护负担, 抑郁情绪, 自杀意念",,,,
ku_pdfbook_7bc5b2e1,生命的礼物 关于爱死亡及存在的意义.pdf,54-54,"
不是因为你,我真的不想再活着了 我不想再活着了:.对
不起我老是说这些。我知道我已经念叨了太多遍。
生命的礼物:  关于爱。死亡及存在的意义
这几周以来;
天天听她说这些。我感觉低落
无助。而最
让我痛苦的
莫过于眼睁睁看着她受苦:  每周她所接受的化疗,
会带来的副作用是头疼 .
恶心和极度疲劳。","自杀意念, 疲劳与虚弱, 恶心呕吐, 家属沟通",,,,
ku_pdfbook_1526f412,生命的礼物 关于爱死亡及存在的意义.pdf,54-54,"""化疗脑"" 。我鼓励她试着走一小段
路。就20多米
走到我们家的信箱那儿。但跟往常一样以失败
告终。
我握着她的手。竭尽所能安慰她。
今天。当她再一次跟我说不想再活下去时
我用和之前不
一样的方式回应她:
'玛丽莲。我们之前谈过
病人重病不治.
且承受着极大痛苦的肘候
按照加利福尼亚州法律。医生有权","疲劳与虚弱, 抑郁情绪, 自杀意念, 医疗决策, 预立医疗计划",,,,
ku_pdfbook_04754e79,生命的礼物 关于爱死亡及存在的意义.pdf,55-55,"膝关节手术后中风
导致我失去了
平衡感
走路都离不开拐杖或者助步器了。记得当肘我多惨 ,
多抑郁吗?  糟糕到我几乎要去见我的咨询师了^不过。你知
道
那都过去了。我现在更加平静了_
我不再受那些状况
第1章
~敉命的盒子
的折磨了一我甚至睡得很好。我想告诉你的是。我能活下
来。我不能忍受的是。想到你是为了我,而受这么大的罪继
续活着。
玛丽莲深情地看着我。这次我的话她听进去了。我们握着
彼此的手
~起坐了好久。此刻。尼采的一句话闪过我的脑海:
自杀
乃是极大之慰藉。它助人熬尽诸多暗夜。
但我把它放
在了心里。没说出口。
玛丽莲闭上了眼睛。过了一会儿
她点了点头;说: ""谢
谢你跟我说这些。你","照护负担, 存在性痛苦, 生命意义, 家属沟通",,,,
ku_pdfbook_3273a24b,生命的礼物 关于爱死亡及存在的意义.pdf,55-55,"你是为了我,而受这么大的罪继
续活着。
玛丽莲深情地看着我。这次我的话她听进去了。我们握着
彼此的手
~起坐了好久。此刻。尼采的一句话闪过我的脑海:
自杀
乃是极大之慰藉。它助人熬尽诸多暗夜。
但我把它放
在了心里。没说出口。
玛丽莲闭上了眼睛。过了一会儿
她点了点头;说: ""谢
谢你跟我说这些。你之前没说过。","存在性痛苦, 死亡焦虑, 自杀意念",,,,
ku_pdfbook_a60c96a8,生命的礼物 关于爱死亡及存在的意义.pdf,58-58,"的药物治疗
而后又因中风住院。每
周化疗完。我都会一连多日备受恶心和其他身体痛苦的折磨,
具体的感受就不细说了。总之。多数时间我感到极度疲惫。就
像脑子里塞满了棉花,又如同有一层挥之不去的雾纱阻隔在我
生命的礼物:  关于爱。死亡及存在的意义
与世界之间。
我有几位患有乳腺癌的朋友
她们与疾病抗争的滋味 ,
直
到最近我才能些许理解。作为乳腺癌患者 ,
化疗
放疗。手术 ;
参加支持团体皆是她们的日常。25 年前。当我写《乳房的历史》
(A History ofthe Breast )
一书肘
乳腺癌还被视为绝症。现在
医生已经把它当作慢性病了
可以治疗。能被控制。我几乎有
些羡慕乳腺癌患者。","死亡焦虑, 照护负担, 生命意义, 医疗决策, 老年安宁",,,,
ku_pdfbook_92e5ea3d,生命的礼物 关于爱死亡及存在的意义.pdf,58-58,"使在长寿之国日本。女性的平均寿
命也只有 87.32岁。我已经和欧文一起度过了心满意足的漫长
岁月。
如此高寿
过往都十分健康
那如今我为何还要这般痛
苦而绝望地活着呢?
简单的答案是:  死亡之路无坦途。如果拒绝治疗
我将会
很快死于多发性骨髓瘤
但会很痛苦。在加州。在医生的帮助
下无痛苦地死亡是合法的。当我接近终点时
我可以要求医生
帮助我结束生命。
此处提到的美国当地法律和中'国的国情有所下同。请读者注意甄辨
接受
~译者注","死亡焦虑, 存在性痛苦, 医疗决策, 癌症末期",,,,
ku_pdfbook_8232c32a,生命的礼物 关于爱死亡及存在的意义.pdf,59-59,"于多发性骨髓瘤
但会很痛苦。在加州。在医生的帮助
下无痛苦地死亡是合法的。当我接近终点时
我可以要求医生
帮助我结束生命。
此处提到的美国当地法律和中'国的国情有所下同。请读者注意甄辨
接受
~译者注
第2章
成为一-名病人
然而对于为什么还要活下去这个问题
另有一个比较复杂
的答案。在这些痛苦煎熬的日子里。我愈加体悟到自己的生命
与他人紧密相连-一不只是与丈夫和孩子们。还有许多为我雪
中送炭的朋友们 这些朋友不断地鼓励我。给我送来美食。鲜
花和绿植。有个大学肘期的老朋友寄给我一件非常柔软舒适的
浴衣。另一位朋友为我亲手织了一件羊毛披肩。我一次又一次
地意识到。除了家人
我能拥有这些朋友是多么","死亡焦虑, 生命意义, 家属沟通",,,,
ku_pdfbook_9f1525ae,生命的礼物 关于爱死亡及存在的意义.pdf,59-59,"医生
帮助我结束生命。
此处提到的美国当地法律和中'国的国情有所下同。请读者注意甄辨
接受
~译者注
第2章
成为一-名病人
然而对于为什么还要活下去这个问题
另有一个比较复杂
的答案。在这些痛苦煎熬的日子里。我愈加体悟到自己的生命
与他人紧密相连-一不只是与丈夫和孩子们。还有许多为我雪
中送炭的朋友们 这些朋友不断地鼓励我。","存在性痛苦, 生命意义, 自杀意念",,,,
ku_pdfbook_f79a10f7,生命的礼物 关于爱死亡及存在的意义.pdf,65-65,"过。直到他几十年后来到斯坦福大学。我们才成为亲密的同
事和朋友。后来。我又和他的妻子玛莎 ( Martha
建立了友情,
直到他于2015年去世。
在他生命的最后几年中。我和他的联系愈加紧密。数次中风
第2章
成为名病人
导致他己经无法言语 。我们不能交谈。我便坐在他身旁。握着他
的手
凝视他的双眼 看上去他挺喜欢我带给他的自制杏酱。
最后一次见面肘
他看见一只长腿野兔从窗外跑过。用法
语脱口而出: .一只兔子!""  尽管大脑损伤。阻断了他所有的语
言功能。但这几个字不知怎么就冒了出来。在我自己因中风好
几分钟说不出话时
我立即想到了勒内。无法把脑子里的想法
用语言表达出来。真是一种怪异的体验","疲劳与虚弱, 抑郁情绪",,,,
ku_pdfbook_11bbbe36,生命的礼物 关于爱死亡及存在的意义.pdf,65-65,"膝礼。然
后为台下的其他孩子和他们自豪的妈妈们背诵诗歌。自那肘起,
我一生都喜爱公开演讲和私人交谈。
然而现在
长时闻的聊天会让我精疲力竭。有朋友来访时
我不得不把交谈控制在半小时之内。甚至稍长一些的电话都会
让我疲惫不堪
当我对此绝望肘
就试图记起所有那些应该感恩的理由:
我还能说话
阅读。回复邮件; 我住在舒适而美好的家里。","疲劳与虚弱, 生命意义",,,,
ku_pdfbook_a542470f,生命的礼物 关于爱死亡及存在的意义.pdf,65-65,"此绝望肘
就试图记起所有那些应该感恩的理由:
我还能说话
阅读。回复邮件; 我住在舒适而美好的家里。
被
爱我的人所环绕;  今后还有一线希望可以减少化疗的剂量和频
率.
到那时我就能过上半正常的生活了
虽然我现在对此并不
乐观。我在努力让自己接受作为一个病人的生活,
或至少是作
为一个 ""康复中的人 的生活~这是过去人们对于像我这样
处境的人的礼貌称呼","存在性痛苦, 生命意义, 疲劳与虚弱",,,,
ku_pdfbook_55abb494,生命的礼物 关于爱死亡及存在的意义.pdf,70-70,"看我 确
实。在我们的咨询过程里。她显得冰冷。迟钝。难以接近 我
感觉我们之间有一个难以逾越的鸿沟。
显然她也有同感  有一
次。在咨询快结束时
她说: ""几个星期以来。我总觉得一切都
不真实,
我完全是孤独的
就像独自坐在-列火车上,所有座
位都是空的。一个人都没有。
我太能理解你的感受了。 我回应道,","抑郁情绪, 存在性痛苦",,,,
ku_pdfbook_840c8d25,生命的礼物 关于爱死亡及存在的意义.pdf,85-85,"且我也想告诉你,
最近
我怀疑我的记忆力出了问题
可能无法胜任临床心理治
疗工作了。
嘴上虽然这么说
但心里对自己满是质疑:  事实上。我这
样讲似乎是说 
妻子生病导致我承受压力才让我记忆力衰退,
而不是我自己本身的问题。我感到羞愧,
我知道
其实早就出
问题了 几个月前的一天。我和一位同事一起散步,","认知障碍, 抑郁情绪, 照护负担",,,,
ku_pdfbook_81a06654,生命的礼物 关于爱死亡及存在的意义.pdf,85-85,"是我自己本身的问题。我感到羞愧,
我知道
其实早就出
问题了 几个月前的一天。我和一位同事一起散步,
我还跟他
说我担心自己的记忆力:  早上起来上厕所,刮完胡子以后,我
完全记不得自己有没有刷过牙
苴到摸了潮湿的牙刷头,
才知
道我确实刷过牙了。我至今记得他的回应 (对我来说有点过于
唐突了)。他说; ""欧文。","认知障碍, 抑郁情绪",,,,
ku_pdfbook_dffd3332,生命的礼物 关于爱死亡及存在的意义.pdf,89-89,"回来以后。我决定要更加积极主动地对
待我的疾病。虽然我很佩服年轻些的患者敢于尝试激迸治疗方
案的勇气。比如干细胞和骨髓移植。但我并不愿意走那条路
我也怀疑。过度用药和不顾个体差异的处方药可能引发了我在
第6章
困境与重燃希望
二月份的中风
然而过去一个月降低剂量的化疗看上去对我没有效果。我
需要回到更高的剂量水平。我很害怕这样的娈化 _
因为之前的
副作用太严重了
而我不想在来日无多的生命中再去经受如此
强烈的痛苦了。眼下我想先看看,
回到万珂 ( Velcade) e二级
比最高的剂量低一级)是否足以对抗病魔。
这段时闻对于欧文来说也是尤为艰难的。心理治疗师的角
色与他的自我身份认同密不可分","预后不确定, 照护负担, 医疗决策, 癌症末期",,,,
ku_pdfbook_29778812,生命的礼物 关于爱死亡及存在的意义.pdf,89-89,"。比如干细胞和骨髓移植。但我并不愿意走那条路
我也怀疑。过度用药和不顾个体差异的处方药可能引发了我在
第6章
困境与重燃希望
二月份的中风
然而过去一个月降低剂量的化疗看上去对我没有效果。我
需要回到更高的剂量水平。我很害怕这样的娈化 _
因为之前的
副作用太严重了
而我不想在来日无多的生命中再去经受如此
强烈的痛苦了。眼下我想先看看,
回到万珂 ( Velcade) e二级
比最高的剂量低一级)是否足以对抗病魔。
这段时闻对于欧文来说也是尤为艰难的。心理治疗师的角
色与他的自我身份认同密不可分。而他正面临即将退休的现实,
他会极度想念作为心理治疗师的生活。不过我知道。欧文会找
到维持他专业身","医疗决策, 预后不确定, 照护负担, 老年安宁",,,,
ku_pdfbook_025ff6eb,生命的礼物 关于爱死亡及存在的意义.pdf,91-91,"三个最小的孙辈们长大
心里就
很难接受 他们是六岁的艾德里安。三岁的玛雅和一-岁的帕罗
玛。他们都是本恩和艾妮莎的孩子  在艾德里安刚出生的头几
年。因为喜欢儿歌。他跟我很亲。我会给他念。他就学着背。
第6章
困境与重燃希望
还会表演出来
在我的脑海里。我似乎看到他像《鹅妈妈童谣》
里那个小矮胖墩儿-样 ""栽了一个大跟头 ,
或者像《嗨。迪多,
迪多》 ("" Hey Diddle Diddle
里的盘子和勺子那样跑开了。
我时日无多亍。看不到艾德里安 .
玛雅和帕罗玛长到少年的模
样亍。这让我悲从中来。他们以后不会对我有什么印象。除了
在-些闪现的记忆碎片里 好吧
也许每当艾德里安听到儿歌
的","死亡焦虑, 未竟事务, 告别与分离, 家属沟通",,,,
ku_pdfbook_a62fa315,生命的礼物 关于爱死亡及存在的意义.pdf,91-91,"除了
在-些闪现的记忆碎片里 好吧
也许每当艾德里安听到儿歌
的肘候会想起我
今天我去接受万珂注射。
当然。是欧文带我去的。像往常
一样。他在整个过程中一直陪着我。我先要在化验室里抽血,
这一步通常高效而无痛。化验结果将会决定。像我这样身高体
重的人需要注射多少剂量才合适。这种个人化的方式让我感到
比较安心。","疼痛管理, 癌症末期",,,,
ku_pdfbook_b9c155de,生命的礼物 关于爱死亡及存在的意义.pdf,91-91,"化验结果将会决定。像我这样身高体
重的人需要注射多少剂量才合适。这种个人化的方式让我感到
比较安心。
尤其是在我经历了险些致命的中风之后。
注射中心的一名护士帮我注射万珂。那里的护士亲切友好
并且效率极高  他们总是有问必答。确保我盖着电热毯。还给
我送来苹果汁。让我体内保持充足的水分。药物是从腹部注射进去的
几秒钟就完事了  总算有这么一回。
我为自己腹部有
赘肉而感到高兴。
在这之后 .
欧文和我去斯坦福购物中心吃午饭
我发觉自
己居然感受到了愉悦!希望这种好心情可以继续下去。","癌症末期, 医疗决策",,,,
ku_pdfbook_544f3749,生命的礼物 关于爱死亡及存在的意义.pdf,92-92,"之后 .
欧文和我去斯坦福购物中心吃午饭
我发觉自
己居然感受到了愉悦!希望这种好心情可以继续下去。
生命的礼物;  关于爱。死亡及存在的薏 义
注射万珂的副作用并没有像我担心的那么严重 ,
也许是因
为我在治疗前服用了类固醇。这似乎令我不那么焦虑。精神也
比往常好一些
唯一的不适是晚上难以入眠 ,","癌症末期, 生命意义, 抑郁情绪",,,,
ku_pdfbook_2d14365b,生命的礼物 关于爱死亡及存在的意义.pdf,97-97,"后意识到:  化疗确实可以延长你的生命。如果它没有先把你
杀死。
我不知道我的癌症是否会进入缓解期。这个夏天会是我此
生最后一个夏天吗?
我想到有本书中的句子: ""万物有时:生亦有时 ,
死亦
有时。
8月
第7章  再-次  直视骄阳
我和玛丽莲与负责为她治疗的肿瘤科 M 医生。进行了一次
重要的会谈。会谈一开始, M 医生就表示。
她也认为目前化疗
的副作用太强烈了,
超出了玛丽莲的承受范围; 另外。实验室
的结果也显示 ,
低剂量的化疗起不到什么作用。所以她建议我
们用另一种治疗方案。即免疫球蛋白疗法。这需要每周输液,
直接攻击癌细胞。她跟我们介绍了一些重要的数据:40%的患
者会因输液","预后不确定, 死亡焦虑, 医疗决策, 存在性痛苦",high,,,
ku_pdfbook_79341554,生命的礼物 关于爱死亡及存在的意义.pdf,97-97,"这个夏天会是我此
生最后一个夏天吗?
我想到有本书中的句子: ""万物有时:生亦有时 ,
死亦
有时。
8月
第7章  再-次  直视骄阳
我和玛丽莲与负责为她治疗的肿瘤科 M 医生。进行了一次
重要的会谈。会谈一开始, M 医生就表示。
她也认为目前化疗
的副作用太强烈了,
超出了玛丽莲的承受范围; 另外。实验室
的结果也显示 ,
低剂量的化疗起不到什么作用。所以她建议我
们用另一种治疗方案。即免疫球蛋白疗法。这需要每周输液,
直接攻击癌细胞。她跟我们介绍了一些重要的数据:40%的患
者会因输液而产生明显的副作用。包括呼吸困难和皮疹。其中
大部分症状可在使用强抗组胺药后得到缓解。在能耐受副作用","预后不确定, 医疗决策, 家属沟通",,,,
ku_pdfbook_3f7f2a4f,生命的礼物 关于爱死亡及存在的意义.pdf,99-99,"她的手不放。73 年前我
就爱上了她。最近我们才庆祝了65周年结婚纪念日。我知道,
在这么漫长的时间里一直深爱某人
是非常少见的事儿。然而 ,
即便到了今天,
她一走进房间,我的心就会被点亮。我爱慕她
第7章
再-次  直视骄阳
的-切
她如此高雅
美丽
善良和睿智。虽然学术背景各
异。但我们对文学和戏剧有着共同的热爱。自然科学领域之外,
她博学多闻。每当我在人文领域有任何疑问。她总能给予我启
迪。我们的关系也并不总是和谐的。我们也有过分歧。争吵
有过轻率之举
但我们彼此总是坦诚相待。永远。永远把我们
的关系放在第一位
这辈子
我们几乎都是一起度过的
而现在她患上了多发
性骨髓瘤。这迫使我不得","死亡焦虑, 告别与分离, 哀伤与丧失, 抑郁情绪, 自杀意念",high,,,
ku_pdfbook_1233b763,生命的礼物 关于爱死亡及存在的意义.pdf,99-99,"系放在第一位
这辈子
我们几乎都是一起度过的
而现在她患上了多发
性骨髓瘤。这迫使我不得不开始思考。
没有她的日子我要怎么
生活。她的离去。第一次娈得如此真实而迫切。想象着生活里
再也没有玛丽莲。我无比恐惧。脑海中闪过随她一起去的想法。
前几周。我跟最亲近的几位医生朋友谈起这个问题。其中一位
跟我讲 ,","死亡焦虑, 哀伤与丧失, 自杀意念",,,,
ku_pdfbook_4362e58e,生命的礼物 关于爱死亡及存在的意义.pdf,99-99,"惧。脑海中闪过随她一起去的想法。
前几周。我跟最亲近的几位医生朋友谈起这个问题。其中一位
跟我讲 ,
他也和我一样 ,
如果伴侣离世了。他会考虑自杀。其
他的几位朋友说。如果他们患上严重的痴呆。还不如死掉算了。
我们甚至讨论了自杀的方式
比如服用哪几种药或其他来自安
乐死协会的建议
在我的小说《斯宾诺莎难题》 (The Spinoza Problem ) 里","自杀意念, 抑郁情绪, 哀伤与丧失, 死亡焦虑",,,,
ku_pdfbook_8ff99e45,生命的礼物 关于爱死亡及存在的意义.pdf,99-99,"来自安
乐死协会的建议
在我的小说《斯宾诺莎难题》 (The Spinoza Problem ) 里
我写到赫尔曼 。戈林 ( Hermann Goring
在纽伦堡的最后的
日干
并描述了他是如何通过吞下随身暗藏的氰化物来欺骗
行刑人,在被处决前先自杀身亡。当年许多纳粹头目都有这
些氰化物小胶囊。希特勒 ( Hitler)  戈培尔 ( Goebbels), 希姆莱 ( Himmler)
博尔曼 ( Bormann ) 都是这样自杀的。可
那是75  年前的事了!现在怎么办?  现在到哪里去搞到这样的",自杀意念,,,,
ku_pdfbook_36a277b6,生命的礼物 关于爱死亡及存在的意义.pdf,100-100," Hitler)  戈培尔 ( Goebbels), 希
姆莱 ( Himmler)
博尔曼 ( Bormann ) 都是这样自杀的。可
那是75  年前的事了!现在怎么办?  现在到哪里去搞到这样的
生命的礼物:  关于爱。死亡及存在哟意<
氰化物呢?
我并没有在这个问题上琢磨太久。因为可怕的后果很快
就直入眼帘:  如果我自杀了。会对我的孩子
朋友以及病人
造成影响。这么多年以来,我一直在为丧偶群体工作。提供
个别治疗和团体治疗,致力于帮助他们度过失去伴侣后那极
为煎熬的第一年。
有时是两年。我曾无数次欣喜地看着他们
逐渐恢复。重启人生。而如果我自杀了 ,
这将是对他们。对
我们一起完成的","存在性痛苦, 生命意义, 自杀意念, 未竟事务, 灵性需求",,,,
ku_pdfbook_20d58cf0,生命的礼物 关于爱死亡及存在的意义.pdf,100-100,"ormann ) 都是这样自杀的。可
那是75  年前的事了!现在怎么办?  现在到哪里去搞到这样的
生命的礼物:  关于爱。死亡及存在哟意<
氰化物呢?
我并没有在这个问题上琢磨太久。因为可怕的后果很快
就直入眼帘:  如果我自杀了。会对我的孩子
朋友以及病人
造成影响。这么多年以来,我一直在为丧偶群体工作。","自杀意念, 存在性痛苦, 死亡焦虑, 未竟事务",,,,
ku_pdfbook_2be0efa7,生命的礼物 关于爱死亡及存在的意义.pdf,100-100,"眼帘:  如果我自杀了。会对我的孩子
朋友以及病人
造成影响。这么多年以来,我一直在为丧偶群体工作。
提供
个别治疗和团体治疗,致力于帮助他们度过失去伴侣后那极
为煎熬的第一年。
有时是两年。我曾无数次欣喜地看着他们
逐渐恢复。重启人生。而如果我自杀了 ,
这将是对他们。对
我们一起完成的治疗的巨大背叛。","自杀意念, 抑郁情绪",,,,
ku_pdfbook_821d30ab,生命的礼物 关于爱死亡及存在的意义.pdf,100-100,"地看着他们
逐渐恢复。重启人生。而如果我自杀了 ,
这将是对他们。对
我们一起完成的治疗的巨大背叛。
我曾帮助他们渡过了痛苦
与折磨。然而轮到我的时候
我却选择逃避  不,
我不能这
么做。帮助我的病人是我这一生的使命
是我不能
也不会
去违背的。
上次见过那位来自苏格兰的病人以后,我立即做出了退休","自杀意念, 抑郁情绪, 生命意义, 灵性需求",,,,
ku_pdfbook_9e7ef058,生命的礼物 关于爱死亡及存在的意义.pdf,121-122,"。读到这里。我恍然大
悟。亳无疑问 ,
我与玛丽莲近乎一生的爱恋让我不曾尝过无人
相伴所带来的深深孤独。而我现在很大一部分的痛苦来自预想
中的孤独。
我想象玛丽莲去世后的生活。我看到自己独自一人在空空
第9章
面对终点
的大房子里度过一个又一个夜晚。我拥有很多朋友。孩子。孙
辈。甚至一个曾孙辈
还有关心我的友善邻居
但他们都没有
玛丽莲的魔力。这么深刻根本的孤独真让我觉得难以承受。杰
罗姆 `弗兰克的话此肘再次给我慰藉:
`我坐在这椅子上,看着
生命在眼前流过  这没那么糟糕。欧文 '
8月
第10章
考虑医生协助
我去斯坦福医院进行第三次免疫球蛋白治疗。欧文从上午
I1点到下午5点一直陪着我","死亡焦虑, 哀伤与丧失, 存在性痛苦, 抑郁情绪, 老年安宁",,,,
ku_pdfbook_7fed02f2,生命的礼物 关于爱死亡及存在的意义.pdf,124-124,")。她和我正在合作一个项目。我试图在电脑中查
找与项目相关的文件。我不断点击不同的文件名,但就是找不
到任何信息。有一刻
我点击电脑屏幕上的一个图标。文档没
有打开 ,
却响起了震耳欲聋的声音,
我都听不见在电话那头的
声音了。噪声越来越大。根本关不掉。我越来越恐慌。我试图
拔掉电脑的电源线
但这不管用。噪声似乎从四面八方传来。
我跑遍房子找到每个插座,边跑边喊: ""帮帮我!帮我拔掉
电线!""
我那身为心理治疗师的丈夫没花多久就分析出。在梦里我
所表达的愿望:  想结束这痛苦的生命。","死亡焦虑, 抑郁情绪, 自杀意念",,,,
ku_pdfbook_0fc4c132,生命的礼物 关于爱死亡及存在的意义.pdf,125-125,"电线!""
我那身为心理治疗师的丈夫没花多久就分析出。在梦里我
所表达的愿望:  想结束这痛苦的生命。
第10章
考虑医生协助
欧文再次带我去医院做每周的免疫球蛋白注射。
一切都很
顺利。由于在治疗前服用了苯海拉明 ( Benadryl), 我能在过程
中长长地睡上一觉。当我醒来时 .
欧文坐在我身旁,问我感觉","自杀意念, 死亡焦虑, 家属沟通",,,,
ku_pdfbook_90f46fa3,生命的礼物 关于爱死亡及存在的意义.pdf,125-125,"明 ( Benadryl), 我能在过程
中长长地睡上一觉。当我醒来时 .
欧文坐在我身旁,问我感觉
怎么样。通常我都会说 ""还行"" ""还好"" ,
以免他为我的痛苦而
忧心 不过
想到明天我们将和 M 医生会面。我决定比平时更
坦诚一些。
如果你想听真话。那很长时间以来。我觉得我为活着付出
了太多的代价  我经历了九个月的化疗","存在性痛苦, 疲劳与虚弱, 抑郁情绪",,,,
ku_pdfbook_35f4596b,生命的礼物 关于爱死亡及存在的意义.pdf,125-125,"睡后都不想起床。我还要活
多久才能被允许死去?
""但有时候你还是能享受生活的呀,
比如我们携手坐在户
外。或者晚上一起看电视。
""""享受言过其实了。如果我没有被胃里的毛病搞垮我
会强忍身体的痛苦。为能和你在一起而欢喜。你是我活着的主
要原因。你知道。当我刚刚被诊断出多发性骨髓瘤时
医生微
笑着告诉我。","死亡焦虑, 存在性痛苦, 生命意义, 抑郁情绪, 自杀意念",,,,
ku_pdfbook_66f72994,生命的礼物 关于爱死亡及存在的意义.pdf,128-128,"安心。但我不想
对他们或任何家庭成员有过多的牵挂了
欧文是我唯一放不
下的人。当然,
很多事都取决于 M 医生会怎么说。但我知道
我会请求欧文不要给我太大的压力去认同他的观点:  不计一切
代价地活着
9月
第11章
揪心的周四倒计时
每个星期三我都会守在医院的病床边。陪伴玛丽莲很久,
期望她能承受住静脉输入她体内的药物。她对药物没有即刻的
不良反应。这出乎我的意料
也让我松了口气。我们的周三也
因而相对平静。每周治疗的流程是这样的: -到注射中心。玛
丽莲先去抽血 ,然后等候一个小肘,待化验结果来决定当天的
用药剂量;  接着她在一个单独的小房间里开始进行静脉注射,
很快她便入睡了;  我会","死亡焦虑, 未竟事务, 告别与分离",,,,
ku_pdfbook_b5aa19e5,生命的礼物 关于爱死亡及存在的意义.pdf,128-128," M 医生会怎么说。但我知道
我会请求欧文不要给我太大的压力去认同他的观点:  不计一切
代价地活着
9月
第11章
揪心的周四倒计时
每个星期三我都会守在医院的病床边。陪伴玛丽莲很久,
期望她能承受住静脉输入她体内的药物。她对药物没有即刻的
不良反应。这出乎我的意料
也让我松了口气。我们的周三也
因而相对平静。每周治疗的流程是这样的: -到注射中心。玛
丽莲先去抽血 ,然后等候一个小肘,待化验结果来决定当天的
用药剂量;  接着她在一个单独的小房间里开始进行静脉注射,
很快她便入睡了;  我会在她床边坐上四到六个小时。读报 ,在
笔记本电脑上回复邮件
在平板电脑上读小小说-
~我完全沉浸
于","家属沟通, 医疗决策",,,,
ku_pdfbook_21a3667d,生命的礼物 关于爱死亡及存在的意义.pdf,130-130,"严肃和困惑。答道: ""我可能在楼下见过一份 ""
然后便迅速把注意力转回到她的电脑上。
我晃悠到楼下,
再次见到弓着背
盯着电脑屏幕的人们  不
过在房闻的后面。我看到了大摞大摞的旧期刊。我找到了放置
《美国精神病学协会期刊》
(Journalofthe America Psvchiatic
Associalion","认知障碍, 抑郁情绪",,,,
ku_pdfbook_643f13d2,生命的礼物 关于爱死亡及存在的意义.pdf,131-131," 48小肘内舒服
些  但到了周五。她必然就会出现很难受的症状 _
包括恶心
腹泻
发抖和极度疲惫。
这四周的治疗感觉极其漫长。除了
玛丽莲以及我们即将与肿瘤科医生的会面外
我无法专注在
其他任何事情上。总是感到紧张和抑郁 我始终惊叹于玛丽
莲可以如此沉着地应对。她每天的状态都不太一样。有一次,
我刚刚买完莱回来,","照护负担, 抑郁情绪, 家属沟通",,,,
ku_pdfbook_9fb69db2,生命的礼物 关于爱死亡及存在的意义.pdf,131-131,"和抑郁 我始终惊叹于玛丽
莲可以如此沉着地应对。她每天的状态都不太一样。有一次,
我刚刚买完莱回来,
听见她躺在客厅的沙发上叫我。我看得
出她在瑟瑟发抖 她向我要保暖的毯子,
我马上给她取来。
两小时后她缓过来了。就吃了一小顿她惯常的晚餐:鸡汤和苹
果汁
随着周四会面时间的临近。我越发记不清 M 医生之前说过","抑郁情绪, 疲劳与虚弱",,,,
ku_pdfbook_a97f50fe,生命的礼物 关于爱死亡及存在的意义.pdf,132-132,"你若离去
我们便无法再共度如此美妙的时光。你怎能就这样都撒手不要
了呢?
""你没有真的在听我说什么,
她答道, 我当然知道这些意
识的宝贵。但我无法让你对我在这么长时间里体会到的痛苦感
同身受。你从来没有经历过这些。如果不是为了你。我早就会
想办法结束这一切了。
我仔细地聆听。她是对的吗?
我回想自己曾经历过的身体痛苦。最糟的一次是几十年前,","死亡焦虑, 未竟事务, 抑郁情绪, 自杀意念",,,,
ku_pdfbook_4cdb383d,生命的礼物 关于爱死亡及存在的意义.pdf,133-133,"无法让你对我在这么长时间里体会到的痛苦感
同身受。你从来没有经历过这些。如果不是为了你。我早就会
想办法结束这一切了。
我仔细地聆听。她是对的吗?
我回想自己曾经历过的身体痛苦。最糟的一次是几十年前,
笫11章
揪心的周四倒计时
我们在巴哈马旅行肘
我得了某种热带感染病。这让我病倒了
几个月。我去看了最好的热带医疗专家,
但无济于事。我时常
眩晕。恶心,
卧床了几个星期。终于,
在生病六个月后。我加
入了一家健身馆。找了一名健身教练,强行让自己慢慢康复过
来。但我跟玛丽莲说。在那整个过程中
我从来没想过要自杀。
我坚信病会好起来,
我觉得生命太宝贵了。之后数年 
我都被
阵发性位置性眩晕所折磨","自杀意念, 疼痛管理, 恶心呕吐, 预后不确定",,,,
ku_pdfbook_3d35de9d,生命的礼物 关于爱死亡及存在的意义.pdf,133-133,"最好的热带医疗专家,
但无济于事。我时常
眩晕。恶心,
卧床了几个星期。终于,
在生病六个月后。我加
入了一家健身馆。找了一名健身教练,强行让自己慢慢康复过
来。但我跟玛丽莲说。在那整个过程中
我从来没想过要自杀。
我坚信病会好起来,
我觉得生命太宝贵了。之后数年 
我都被
阵发性位置性眩晕所折磨
那种感觉糟透了。","疲劳与虚弱, 抑郁情绪, 生命意义",,,,
ku_pdfbook_60411bf3,生命的礼物 关于爱死亡及存在的意义.pdf,135-135,"话深深打动。
在谈话结束时。她给了玛丽莲一个拥抱 -
并告诉她。她是多么
令人爱戴。
在过去的几个星期里 _
我注意到自己做了很多梦 .
但很奇
怪。我一个都不记得了。不过在这次会面后的晚上。我睡得很
第11章
揪心的周四倒计时
不安稳。并能清楚地回想起一个悠长噩梦中的片段:  我提着一
个大大的行李箱。试图在一条荒无人烟的路上搭顺风车。在这
之前发生了一件不愉快的事
但我想不起来了。一辆车在路边
停下,
一个男人招手把我叫过去。想跟我说搭车的事。他长得
凶神恶煞
我内心开始防备
并悄悄用手机拍下了他的车牌,
还通过邮件发给了一个熟人  我拒绝上他的车。我们静静地站
在那里许久。直到他最终开走","预后不确定, 存在性痛苦",,,,
ku_pdfbook_17b047b9,生命的礼物 关于爱死亡及存在的意义.pdf,135-135,"李箱。试图在一条荒无人烟的路上搭顺风车。在这
之前发生了一件不愉快的事
但我想不起来了。一辆车在路边
停下,
一个男人招手把我叫过去。想跟我说搭车的事。他长得
凶神恶煞
我内心开始防备
并悄悄用手机拍下了他的车牌,
还通过邮件发给了一个熟人  我拒绝上他的车。我们静静地站
在那里许久。直到他最终开走  我记得最后一幅画面是: -片","死亡焦虑, 抑郁情绪",,,,
ku_pdfbook_98f9f236,生命的礼物 关于爱死亡及存在的意义.pdf,135-135,"诺过,
化验结果一出来就会打电话通知我们。我去和
朋友大卫 .斯皮格尔确认。他的印象和玛丽莲的一致。
我对自
己聆听和回忆的能力巳经失去信心了。
我越来越急不叮耐 .
以至于瞒着玛丽莲。用我斯坦福的教
职账号到电脑上去自己查询化验结果了。化验报告的复杂度令
人生畏。不过化验结果看上去并没有显示她的病情有明显变化。
绝望之下
我没有把这告诉玛丽莲。那天晚上我又没有睡好。
第_天一早
玛丽莲收到 M 医生发来的邮件告诉她 ,
化验结果","预后不确定, 家属沟通",,,,
ku_pdfbook_761aa9fd,生命的礼物 关于爱死亡及存在的意义.pdf,136-137,"了。化验报告的复杂度令
人生畏。不过化验结果看上去并没有显示她的病情有明显变化。
绝望之下
我没有把这告诉玛丽莲。那天晚上我又没有睡好。
第_天一早
玛丽莲收到 M 医生发来的邮件告诉她 ,
化验结果
生命的礼物:  关于爱。死亡及存在的意义
是谨慎乐观的。她附上了一个截屏,
上面显示
些负面指标
在过去几周降低了很多。
误读了化验报告再次提醒我,
我的医学博士学位己经过肘
了:我徒有一个医学博士的头衔
但已经完全没有能力理解当
代医疗或化验结果了。。我再也不会认为自己很在行了。
9月
第12章
完全的意料之外
朋友艾弗瑞刚从哥本哈根回来。我一直在期待她的到访。
艾弗瑞要给我带些丹麦特产的巧克","死亡焦虑, 生命意义, 家属沟通",,,,
ku_pdfbook_785f1b72,生命的礼物 关于爱死亡及存在的意义.pdf,144-144,"至于几乎无法从沙发上起身。前一天
她的突然好转令人无法理解
而我再次感到无助。我告诉她
而且是认真地。我真希望自己能替她生病。替她去承受恶心和
疲惫
这些巨大的波动持续着。第二天。她再次感觉好些了。总
生命的礼物:  关于爱。死亡及存任的意义
的来说。她似乎在好转。玛丽莲的病让别的一切都显得黯然失
色
可以放下。不过现在我有肘闻思考自己的人生了。我的同
龄人很少
我最亲密和最老的朋友 .
熟人都己经过世了 除
了玛丽莲之外,只剩下过往岁月一路走来的两位老伙伴还健在
堂弟杰伊
比我小三岁
打他出生我就认识他了。他生活
在华盛顿特区,我们每个星期至少会通四五次电话。然而我们
两个都不方便长途旅行。","照护负担, 存在性痛苦, 生命意义, 哀伤与丧失, 死亡焦虑",high,,,
ku_pdfbook_e1c665e3,生命的礼物 关于爱死亡及存在的意义.pdf,144-144,"既是朋友还是邻居 
也是他
把我们转诊给 M 医生的。在讣告中我得知他享年 90 岁。比我
大两岁。
再过两年-一这似乎刚刚好:  我可能会再活两年。但
是。如果玛丽莲不在了,我可不想活那么久
如今我是一个退了休的人,己然放下我所热爱的工作。但
我非常怀念那些治疗实践。我作为治疗师退休才几个月。每周","死亡焦虑, 存在性痛苦, 生命意义, 预后不确定",,,,
ku_pdfbook_1a2d4828,生命的礼物 关于爱死亡及存在的意义.pdf,145-145,"就在几个星期前。当我
浏览一些末发表的旧作时
我偶然读到这篇关于她的故事。
在我 65 岁生日那天,
菲利斯-
~位忧郁又有气质的老年
妇人踏进了我的办公室。她显得颇不自在,如一只鸟儿栖息在
椅子边上。好像随时准备振翅而飞
'欢迎你。菲利斯。我是欧文 ` D.亚隆。从你的电子邮件
中我了解到你的睡眠很差,","死亡焦虑, 存在性痛苦, 抑郁情绪",,,,
ku_pdfbook_42f8006c,生命的礼物 关于爱死亡及存在的意义.pdf,145-145,"随时准备振翅而飞
'欢迎你。菲利斯。我是欧文 ` D.亚隆。从你的电子邮件
中我了解到你的睡眠很差,
而且时常感到焦虑。我们就从这里
谈起。请多谈谈。好吗? '
但菲利斯太过紧张
很难直接切入正题。""请给我一点肘
间一一我不经常谈论自己。那个被藏起来的自己。
她扫视了一
眼我的办公室,
视线仿佛落在墙上的一张照片上。","抑郁情绪, 存在性痛苦",,,,
ku_pdfbook_679e7724,生命的礼物 关于爱死亡及存在的意义.pdf,146-146,"常在迪马吉奥的餐厅
吃午饭
我想那是他兄弟多米尼克 ( Dominic
的餐馆。今天
它变成了名为
原汁原味的乔 '餐馆亍。你见过他打球吗? :
""只在电视上见过  我喜欢看他跑垒。多么有风度。有几次
生命的礼物:  关于爱。死亡及存在的薏义
我看到他在滨海地区散步。那就是他现在住的地方。
留意到她渐渐放松地坐回到椅子里
我想是肘候进入正题
了。
""那么请和我谈谈你自己吧
菲利斯。
告诉我是什么让你
今天来见我的。
""好吧。我83岁了;几乎一生都做着护理麻醉师的工作
几年前退休了; 一个人住。从未结婚。非常孤独。我估计你会
这么想。没有家人,只有一个远方的同父异母兄弟。我经常失
眠和焦虑。
她","存在性痛苦, 抑郁情绪, 生命意义",,,,
ku_pdfbook_b38d5150,生命的礼物 关于爱死亡及存在的意义.pdf,146-147,"最近读了
《诊疗椅上的谎言》
On the Cowch )。 你看起来随和,善良,
咨询的过程不会让人感到拘谨。最重要的是。我认为你不会评
判人。
显然。她正在处理很多内疚。我让声音保持柔和:
你说得
(Lving
蒡13章
如今
你己然知道
对。我不喜欢评判别人。我支持你 .
我是来帮你的。
菲利斯进人正题
开始讲述自己充满创伤的青春。她的父
亲在她三岁时就失踪了。从此杳无音信。母亲对父亲只字未曾
提及  她讲述道
母亲是一个恶毒。冷漠又自恋的女人。常带
很多男人回家
当其中有一个试图侵犯菲利斯时
她从家里逃
了出来。那年她才 15 岁。她沦落去卖淫 ,
日后和许多男人一起
生活过。然后。她","告别与分离, 家属沟通, 癌症末期, 呼吸困难",,,,
ku_pdfbook_93627084,生命的礼物 关于爱死亡及存在的意义.pdf,146-147,"斯
今晚你
能来陪她吗?  她没有意识
你不需要和她讲话。
'我答应了一我和我姐姐几年前恢复了联系。
每隔一两
个月还会一起吃顿午餐。我答应了她的请求,
但我这样做是为
了我姐姐。而不是为了我母亲。如我跟你说的那样。我已经有
几十年没和母亲见过面了 。我一点也不在乎她。那天晚上我答
应去陪她。只是想让我姐姐休息一下。大约凌晨3 点,
我记得
很清晰。仿佛就在昨天,
我母亲的呼吸开始变得不规则且费力,
嘴唇上形成了肺水肿引发的泡沫。这样的情形我在太多病人身","未竟事务, 告别与分离, 哀伤与丧失, 呼吸困难, 家属沟通",,,,
ku_pdfbook_ad970119,生命的礼物 关于爱死亡及存在的意义.pdf,150-150,"玛丽莲问我为什么选择了这个故事
而不是我厚厚的记录
中别的什么故事。我还是那个答案
它代表我再也无法拥有
的那份与病人之闻的亲密遇见。她却说是因为与生命的终结有
关。那个关掉氧气的肘刻。她可能是对的。
10月
第14章  死
~刑
昨天, M 医生打电话来
告诉我没有必要再进行免疫球蛋
白的治疗了。最近的实验室结果显示它并没有起效。很奇怪地,
我感到颇为释然。今后再也不用经受从年初至今各种药物治疗
的毒副作用了。这个星期的情况比往常更为严峻。我不停地问
自己: ""为了延长生命而付出这样的代价是否值得? ""
当然;
如果任由病情自然发展。我不知道还有什么痛苦在
等着我。负责缓和照顾的医生向我保证","死亡焦虑, 预后不确定, 疼痛管理",,,,
ku_pdfbook_df14a0f2,生命的礼物 关于爱死亡及存在的意义.pdf,150-150,"拥有
的那份与病人之闻的亲密遇见。她却说是因为与生命的终结有
关。那个关掉氧气的肘刻。她可能是对的。
10月
第14章  死
~刑
昨天, M 医生打电话来
告诉我没有必要再进行免疫球蛋
白的治疗了。最近的实验室结果显示它并没有起效。很奇怪地,
我感到颇为释然。今后再也不用经受从年初至今各种药物治疗
的毒副作用了。这个星期的情况比往常更为严峻。我不停地问
自己: ""为了延长生命而付出这样的代价是否值得? ""
当然;
如果任由病情自然发展。我不知道还有什么痛苦在
等着我。负责缓和照顾的医生向我保证。他们会尽他们所能地
来帮助我减轻痛苦。但我甚至不愿开始想象那会是什么滋味。
此刻想想死亡就已经足够","死亡焦虑, 未竟事务, 疼痛管理, 医疗决策",,,,
ku_pdfbook_3fba68a7,生命的礼物 关于爱死亡及存在的意义.pdf,158-158,"液举到唇边
但这对我来说是太沉重了
那个图像变得模
糊了
我开始哭泣  我想到我是如何一直照顾着玛丽莲的-74
年前。我第一次遇见她时。她不到 S英尺高。体重只有 I00 磅
「磅 =0.4536「兑
生命的礼物:  关于爱。死亡及存在的意义
我突然想象着我递给她致命的药片,看到她一颗接一颗地吃着
药片的场景。我把这个可怕的场景从我的脑海中摒除
取而代
之的是玛丽莲在位于麦克法兰 ( McEarland ) 的我们的初中和位
于罗斯福 ( Roosevelt) 的高中。发表毕业演讲的情景。我比她
高大强牡,了解科学的世界。总是试图照顾玛丽莲。总是试图
保护她的安全。然而。现在,当我想象拿着那些","死亡焦虑, 照护负担, 存在性痛苦, 哀伤与丧失",,,,
ku_pdfbook_aa80a0e9,生命的礼物 关于爱死亡及存在的意义.pdf,158-158,"莲的-74
年前。我第一次遇见她时。她不到 S英尺高。体重只有 I00 磅
「磅 =0.4536「兑
生命的礼物:  关于爱。死亡及存在的意义
我突然想象着我递给她致命的药片,看到她一颗接一颗地吃着
药片的场景。我把这个可怕的场景从我的脑海中摒除
取而代
之的是玛丽莲在位于麦克法兰 ( McEarland ) 的我们的初中和位
于罗斯福 ( Roosevelt) 的高中。发表毕业演讲的情景。我比她
高大强牡,了解科学的世界。总是试图照顾玛丽莲。总是试图
保护她的安全。然而。现在,当我想象拿着那些致命的药片,
并把它们一颗接着一颗地递给她时
我不寒而栗
第二天早上。我在 S点醒来,
脑海中闪现]","死亡焦虑, 存在性痛苦, 告别与分离, 抑郁情绪, 自杀意念",,,,
ku_pdfbook_1114b698,生命的礼物 关于爱死亡及存在的意义.pdf,159-159,"此刻正在死亡
这不是
什么将会发生的事
它正在发生。而我们身处其中。有时我想
象自己和她一起吃药。
一起死去。我想象我的治疗师朋友们讨
论着他们是否应该把我接收到精神病院住院部。因为我有自杀
的风险。
11月
第16章
从缓和照顾到临终关怀
当 M 医生不再能提供更多给到玛丽莲时 ,
她把玛丽莲转诊
到了临终关怀部门。这是一个医学分支,
专注于减轻疼痛并使
患者尽可能感到舒适。玛丽莲和我在女儿伊芙的陪同下。与缓
和照顾的主管 $医生进行了长时间的会谈。她是一位热情而亲
切的女士她采集了完整的病史。进行了身体检查。并为玛丽
莲对症开了药-为她持续的恶心。令人不安的皮肤病变和极
度疲劳。
玛丽莲耐","死亡焦虑, 未竟事务, 哀伤与丧失, 抑郁情绪, 自杀意念",,,,
ku_pdfbook_e281f982,生命的礼物 关于爱死亡及存在的意义.pdf,159-159,"一起死去。我想象我的治疗师朋友们讨
论着他们是否应该把我接收到精神病院住院部。因为我有自杀
的风险。
11月
第16章
从缓和照顾到临终关怀
当 M 医生不再能提供更多给到玛丽莲时 ,
她把玛丽莲转诊
到了临终关怀部门。这是一个医学分支,
专注于减轻疼痛并使
患者尽可能感到舒适。玛丽莲和我在女儿伊芙的陪同下。与缓
和照顾的主管 $医生进行了长时间的会谈。她是一位热情而亲
切的女士她采集了完整的病史。进行了身体检查。并为玛丽
莲对症开了药-为她持续的恶心。令人不安的皮肤病变和极
度疲劳。
玛丽莲耐心地回答了$医生所有的询问,但很快她就转
向了她心里最重要的话题。S医生温和婉转地回答了玛丽莲的
所","自杀意念, 死亡焦虑, 抑郁情绪, 转诊决策, 住院安宁",,,,
ku_pdfbook_059178ce,生命的礼物 关于爱死亡及存在的意义.pdf,162-162,"我来到屋内。看见玛丽莲坐在桌
旁。巳经用完早餐,
正喝着茶 ,
读着晨报。
'孩子们在哪里? '
我问。是啊。孩子们! 我女儿'64
岁
儿子50岁 (我的另外两个儿子分别是62岁和 $9 岁。)
T
生命的礼物: 关于爱。死亡及存在的意义
哦,
玛丽莲平静地说。""他们在殡仪馆安排葬礼,然后他
们将参观陵园看看我们的墓地。我们将会被安葬在妈妈的
旁边。
连我自己都感到惊讶,
我竟然哭了起来。眼泪止不住地流
了好一会儿。玛丽莲搂住我,
我试着让自己平静下来。在抽泣
之间。我说: ""你怎么可以如此轻描淡写地谈论这件事? 想到你
将要死去。想到我将在一个没有你的世界里继续生活。就让我
痛苦不巳
她把","告别与分离, 家属沟通, 死亡焦虑, 存在性痛苦, 生命意义",,,,
ku_pdfbook_b1aa9838,生命的礼物 关于爱死亡及存在的意义.pdf,162-162,"绝但
是欧文。是时候了。拜托,
你得让我走。
这些话。我不是第一次听到了 ,
但可能这是我第一次真的
听见了。也许是第一次。我真切地理解到。如果我经历了玛丽
莲所经历的最后 |0 个月。我会有同感!如果我生活在那么多的
痛苦中。我会像玛丽莲一样欢迎死亡。
一刹那。就在一刹那间。我感觉自己记忆中一些医生老生常谈的话冒了出来
挣扎着反驳:  你不必忍受痛苦的。对付
疼痛
我们有吗啡。对付疲劳。我们有类固醇。我们有","死亡焦虑, 告别与分离, 疼痛管理, 医疗决策",,,,
ku_pdfbook_e6520d96,生命的礼物 关于爱死亡及存在的意义.pdf,163-163,"多的
痛苦中。我会像玛丽莲一样欢迎死亡。
一刹那。就在一刹那间。我感觉自己记忆中一些医生老
生常谈的话冒了出来
挣扎着反驳:  你不必忍受痛苦的。对付
疼痛
我们有吗啡。对付疲劳。我们有类固醇。我们有
弟16蕈
从缓和`顾到临终关怀
我们还有
但是此刻
这些并非真心话。我一个字也说不
出口
我们俩相拥而泣。第一次。
玛丽莲谈到她死后我的生活。
""欧文。情况不会太糟糕的。孩子们会常常来陪你。朋友们也会
不时来看望你。如果你在这个大房子里觉得形单影只。只要你
需要。就可以请我们的管家格洛丽亚和她丈夫搬到我的办公室
里来住。我们免去他们的租金。他们可以一直住在那里。
我打断了她:我曾在心里暗暗发誓。","死亡焦虑, 告别与分离, 疼痛管理",,,,
ku_pdfbook_b7fc229e,生命的礼物 关于爱死亡及存在的意义.pdf,163-163,"话冒了出来
挣扎着反驳:  你不必忍受痛苦的。对付
疼痛
我们有吗啡。对付疲劳。我们有类固醇。我们有
弟16蕈
从缓和`顾到临终关怀
我们还有
但是此刻
这些并非真心话。我一个字也说不
出口
我们俩相拥而泣。第一次。
玛丽莲谈到她死后我的生活。
""欧文。情况不会太糟糕的。孩子们会常常来陪你。朋友们也会","疼痛管理, 疲劳与虚弱, 告别与分离, 哀伤与丧失, 家属沟通",,,,
ku_pdfbook_edf763e2,生命的礼物 关于爱死亡及存在的意义.pdf,164-164,"有任何-本书问世。你让我触摸到最高形式的文学。记得
我在大学里匆匆忙忙上了三年的医学预科
你是我与经典而伟
大的文学和哲学之间唯一的联结。你拓展了我狭窄的世界观,
是你把我介绍给了伟大的作家和思想家。
生命的礼物:  关于爱。死C及存在的薏 <
那天晚上
我们的密友丹尼和乔西来访。带来了一顿自制
的晚餐。丹尼是我的同事 ,
是我认识的最好的心理治疗师之一,
也是全美知名的爵士钢琴家。当丹尼和我单独散步时。我向他
诉说了我面临的情况。他很清楚玛丽莲在我的生活中的重要性
(有如他的妻子之于他) 。我知道他会同意玛丽莲的决定:  他经
常表达。任何人在痛苦难以忍受和康复全无希望肘
他会支持
其拥有结","死亡焦虑, 预后不确定, 存在性痛苦, 家属沟通, 癌症末期",,,,
ku_pdfbook_7ec91f29,生命的礼物 关于爱死亡及存在的意义.pdf,164-164,"尼是我的同事 ,
是我认识的最好的心理治疗师之一,
也是全美知名的爵士钢琴家。当丹尼和我单独散步时。
我向他
诉说了我面临的情况。他很清楚玛丽莲在我的生活中的重要性
(有如他的妻子之于他) 。我知道他会同意玛丽莲的决定:  他经
常表达。任何人在痛苦难以忍受和康复全无希望肘
他会支持
其拥有结束生命的权利。","死亡焦虑, 医疗决策",,,,
ku_pdfbook_73874fcd,生命的礼物 关于爱死亡及存在的意义.pdf,164-164,"丽莲的决定:  他经
常表达。任何人在痛苦难以忍受和康复全无希望肘
他会支持
其拥有结束生命的权利。
我告诉他。对我来说。生命中的这段肘间太可怕了
玛丽莲
已经停下了所有多发性骨髓瘤的治疗
但不久之后的某-天;它
会不可避免地再次出现。日复一日。提心吊胆 我永远不会忘记。
最初发病时玛丽莲因骨髓瘤引发椎骨骨折,","死亡焦虑, 预后不确定, 存在性痛苦, 医疗决策, 癌症末期",,,,
ku_pdfbook_4a92e797,生命的礼物 关于爱死亡及存在的意义.pdf,165-165,"恐惧:  我一直害怕
她的多发性骨髓瘤复发。我最害怕的事终于降临了吗?  我已经好
几年没有做体检了
我本可以轻易地把手放在她的背上 ,给她的
椎骨施加一点压力。并找出疼痛的位置。但是我不能让自己这样
第16章
从缓和照顾到临终关怀
做。没有慈爱的丈夫应该处于这种位置。此外。我的女儿,
也是
一名医生。即将赶来.
我可以请她检查她母亲的背部。想到除了
吗啡和死亡。她的痛苦可能无法缓解,
这是多么可怕啊 !
我开始责备自己  毕竟。我曾看过许多丧亲者。他们中大
多数都同样遭受过我此刻所面临的丧失。是的。我反复强调自
己的丧失是多么非比寻常,
我的玛丽莲。我爱了她那么久。爱
得那般深沉
我此刻经历","死亡焦虑, 未竟事务, 照护负担, 存在性痛苦, 生命意义",,,,
ku_pdfbook_7c47c397,生命的礼物 关于爱死亡及存在的意义.pdf,165-165,"
我本可以轻易地把手放在她的背上 ,给她的
椎骨施加一点压力。并找出疼痛的位置。但是我不能让自己这样
第16章
从缓和照顾到临终关怀
做。没有慈爱的丈夫应该处于这种位置。此外。我的女儿,
也是
一名医生。即将赶来.
我可以请她检查她母亲的背部。想到除了
吗啡和死亡。她的痛苦可能无法缓解,
这是多么可怕啊 !","疼痛管理, 家属沟通",,,,
ku_pdfbook_a1743fd9,生命的礼物 关于爱死亡及存在的意义.pdf,165-165,"赶来.
我可以请她检查她母亲的背部。想到除了
吗啡和死亡。她的痛苦可能无法缓解,
这是多么可怕啊 !
我开始责备自己  毕竟。我曾看过许多丧亲者。他们中大
多数都同样遭受过我此刻所面临的丧失。是的。我反复强调自
己的丧失是多么非比寻常,
我的玛丽莲。我爱了她那么久。爱
得那般深沉
我此刻经历的痛苦甚于其他任何人。","哀伤与丧失, 死亡焦虑, 抑郁情绪, 未竟事务",,,,
ku_pdfbook_492708be,生命的礼物 关于爱死亡及存在的意义.pdf,166-166,"疗养社区。最重要的是。欧文,
你和玛丽莲一样
人生无有遗憾
你度过了漫长而满意的人
生。你的成功远超乎你的想象
你帮助过那么多的病人。你的
著作用30种语言售出了数百万册。每天还会收到大量粉丝的
邮件
生命的礼物:  关于爱。死亡及存在的意义
然后我对自己说,是时候停止发牢骚了。你为什么要去夸
大你的绝望
欧文? 你这是在请求帮助吗:你还在想让玛丽莲
知道你有多爱她吗?  上帝啊。她一直以来都知道的呀!而且。
你如此悲伤只会让她感觉更加糟糕。不是吗? 是的。是的。我
回答。我知道她不想让我陷入极度绝望
她希望我快乐地
好好地活着.
她不希望我和她一起死去。我不能再这样痛苦下
去了。是时候振作起","死亡焦虑, 照护负担, 存在性痛苦, 生命意义, 告别与分离",,,,
ku_pdfbook_619d825e,生命的礼物 关于爱死亡及存在的意义.pdf,166-166,"乎你的想象
你帮助过那么多的病人。你的
著作用30种语言售出了数百万册。每天还会收到大量粉丝的
邮件
生命的礼物:  关于爱。死亡及存在的意义
然后我对自己说,是时候停止发牢骚了。你为什么要去夸
大你的绝望
欧文? 你这是在请求帮助吗:你还在想让玛丽莲
知道你有多爱她吗?  上帝啊。她一直以来都知道的呀!而且。","生命意义, 存在性痛苦",,,,
ku_pdfbook_32477d91,生命的礼物 关于爱死亡及存在的意义.pdf,166-166,"? 你这是在请求帮助吗:你还在想让玛丽莲
知道你有多爱她吗?  上帝啊。她一直以来都知道的呀!而且。
你如此悲伤只会让她感觉更加糟糕。不是吗? 是的。是的。我
回答。我知道她不想让我陷入极度绝望
她希望我快乐地
好好地活着.
她不希望我和她一起死去。我不能再这样痛苦下
去了。是时候振作起来了。
有无数的朋友和熟人希望来探望她。","哀伤与丧失, 告别与分离, 生命意义",,,,
ku_pdfbook_ec9f451c,生命的礼物 关于爱死亡及存在的意义.pdf,173-173,"比克
泰德 (Epictetus) 和马可。奥勒留 (Marcus Aurelius)。
他们每
个人都试图去理解宇宙。在宇宙之中。任何个体的存在都被
视为两团永恒的黑暗
生前与死后一一之间的一线微光
第17章
临终关怀
至于最好的生活方式 ,
无论是社会层面还是理性层面。哲学
家们都希望我们无惧死亡。去接纳这份生命中的伟大必然。
虽然基督教对上帝和来世的憧憬取代了这些 ""非基督徒""
作家们的思想。
但菁终的想法已经持续了几个世纪。在新近出
版的几本著作的标题中。这一想法还在持续发挥着影响。如凯
蒂 .巴特勒 ( Katy Butler) 的《善终的艺术》
( The Artof Dving
","死亡焦虑, 灵性需求, 家属沟通, 预立医疗计划",,,,
ku_pdfbook_3f239959,生命的礼物 关于爱死亡及存在的意义.pdf,173-173,"的
事情:  没有一种死法适合每个人,即使是患有同一疾病的人。
我可能会日渐虚弱。或者某个器官衰竭,
又或者由于大剂量的
镇静剂。我可能会在睡梦中毫无痛苦地死去。而我选择了医生
的协助。那么当我依然清醒
还能表达意愿肘
我要亲自选定
死亡的日子  那个肘候
除了临终关怀的医生和护士之外,我
会要求我的丈夫和孩子们在场。","死亡焦虑, 预立医疗计划, 医疗决策",,,,
ku_pdfbook_78bf953f,生命的礼物 关于爱死亡及存在的意义.pdf,185-185,"a), 酉莉亚从波兰移民到美国。提到我父亲。他 21岁来到
美国。没有接受任何世俗教育。
我们两家的父亲都很努力地工作,
很少少会离开商店。我父
亲的工作时闻更长些。因为店里卖酒和杂货。商店每天菅业到
箫20章
终点临近
晚上 I0 点。周五和周六则营业到午夜。
玛丽莲的父亲更适应美国文化 -
他为妻子和三个女儿在华
盛顿一个有教养且安全的地方选了一栋房子。距离商店大约20
分钟车程。而我父亲则认为他的家人 (我的母亲。我七岁的姐
姐和我)应该住在商店顶层的一个小隔闻里,
而当时商店位于
一个缺乏治安的危险街区  对于我的父母来说 ,选择住在商店
上面是务实的:  当父亲想吃饭或休息肘。母亲可",文化敏感性,,,,
ku_pdfbook_dfe929a9,生命的礼物 关于爱死亡及存在的意义.pdf,185-185,"一个有教养且安全的地方选了一栋房子。距离商店大约20
分钟车程。而我父亲则认为他的家人 (我的母亲。
我七岁的姐
姐和我)应该住在商店顶层的一个小隔闻里,
而当时商店位于
一个缺乏治安的危险街区  对于我的父母来说 ,选择住在商店
上面是务实的:  当父亲想吃饭或休息肘。母亲可以换下他来
当商店里很忙的时候他可以打电话给我母亲。","未竟事务, 家属沟通",,,,
ku_pdfbook_e0dbe151,生命的礼物 关于爱死亡及存在的意义.pdf,187-188,"
来的父母。拥有商店的父亲们。彼此只隔着一个街区  然而事
实上却有着天壤之别。在我所在领域的许多先辈探索家们
西格蒙德 。弗洛伊德 (Sigmund Freud ), 安娜 。弗洛伊德 ( Anna
第20章
终点临近
Freud), 梅兰妮
克莱因 ( Melanie Klein), 约翰
鲍尔比 (John
Bowlby
都曾推断出。早期的创伤。甚至可以追溯到语前
肘期。所造成的损失往往不可磨灭。。对成年人
甚至到了人生
的晚年阶段。这些早期的创伤。依然会对舒适。自在。自尊带
来不可磨灭的影响。
11月
第21章
死亡抵达
这是至暗肘刻。现在。玛丽莲的死己经在地平线上可见
越来越近了
并","疼痛管理, 死亡焦虑, 告别与分离, 照护负担",,,,
ku_pdfbook_2a62916b,生命的礼物 关于爱死亡及存在的意义.pdf,188-188,"。对成年人
甚至到了人生
的晚年阶段。这些早期的创伤。依然会对舒适。自在。自尊带
来不可磨灭的影响。
11月
第21章
死亡抵达
这是至暗肘刻。现在。玛丽莲的死己经在地平线上可见
越来越近了
并渗透到每一个大大小小的决策中。她喝格雷伯
爵茶 ( Earl Grey), 当我看到只剩下两个茶包时
想去杂货店再
买一些 _
但是买多少呢? 家里并没有其他人喝茶 一盒有二十
包茶。担心她再活不过几天
但我还是买了两盒。四十个茶
包一恳求奇迹发生。让她和我在一起的时闻再长-些。
早上醒来 ,
她抱怨背疼,
一动就感到剧痛,几乎动弹不得。
而我尽我所能帮助她在床上找到一个不会让她觉得那么痛的位
置。当她","存在性痛苦, 疼痛管理, 自杀意念, 死亡焦虑, 家属沟通",,,,
ku_pdfbook_cab502d7,生命的礼物 关于爱死亡及存在的意义.pdf,189-189,"我却无能为力。内心极度无助。
我想知道她为什么不再提要结束自己生命的事情了:  在没
有这么痛的时候
她经常谈到它。她改变主意了吗?  她知道自
己可以立即选择结束生命。两天前,P医生开了_个多小时车
第21章
死亡抵达
到最近的药店,买好了一袋子致命的混合药物,交给了我们。
现在就放在我们浴室的小壁橱后面。袋子上有很大的警告标志。
她的背痛非常严重
即便是用电动楼梯椅。她也不能再下
楼了。临终关怀的护士认为是玛丽莲和我的双人床太软 ,
加重
了她的疼痛。护士坚持让玛丽莲睡在走廊对面小卧室里更硬一
些的床上。这一夜。玛丽莲睡得更好,但我却没睡好:  我很担
心。如果她痛得大声叫起来,
我可能会","疼痛管理, 认知障碍, 家属沟通, 居家安宁",,,,
ku_pdfbook_a15663f0,生命的礼物 关于爱死亡及存在的意义.pdf,189-189,"
她经常谈到它。她改变主意了吗?  她知道自
己可以立即选择结束生命。两天前,P医生开了_个多小时车
第21章
死亡抵达
到最近的药店,买好了一袋子致命的混合药物,交给了我们。
现在就放在我们浴室的小壁橱后面。袋子上有很大的警告标志。
她的背痛非常严重
即便是用电动楼梯椅。她也不能再下
楼了。临终关怀的护士认为是玛丽莲和我的双人床太软 ,","疼痛管理, 死亡焦虑, 医疗决策, 居家安宁",,,,
ku_pdfbook_6d0390e5,生命的礼物 关于爱死亡及存在的意义.pdf,189-189,"大的卧室书柜移到了另一个房闻。
现在很显然。玛丽莲将无法与家人一起共度感恩节了。她
的疼痛持续加剧。
以至于临终关怀人员每个小时都会给她注射
小剂量的吗啡。让她更舒适些。前两剂吗啡使她在一天的大部
分时间里都睡着。每当我试图和她说话时,
她只能咕哝几句,
然后就又睡去了 虽然她的痛苦减轻让我感到宽慰,","疼痛管理, 家属沟通",,,,
ku_pdfbook_7a0382b0,生命的礼物 关于爱死亡及存在的意义.pdf,190-190,"文稿是最新版本,
并多次试图询问玛丽莲文稿存在电脑哪个地
方。但她总是昏昏沉沉。无法回应。
玛丽莲经常失禁。女儿和最小的儿子本恩每天帮她清理换
洗衣物 (本恩有三个幼儿。对处理尿布很有经验)。每当这肘
生命的礼物:  关于爱。死亡及存在的薏 <
我便走出房间:  我想保留我记忆里美丽的
末受玷污的玛丽莲
其他时刻
我则寸步不离。整天待在她身边,我仍然没有放弃
希望。期待我们还能最后再说几句话。
下午晚些肘候
她突然睁开眼睛。转向我说道: ""是时候了
欧文。是时候了。够了
欧文;
够了
让我走吧 !
需要我请 P 医生来吗? 我用颤抖的声音问 ^她用力点了点头
P 医生在 %0 分钟后到达。但他","死亡焦虑, 医疗决策, 家属沟通",,,,
ku_pdfbook_cb32d75c,生命的礼物 关于爱死亡及存在的意义.pdf,190-190,"时刻
我则寸步不离。整天待在她身边,我仍然没有放弃
希望。期待我们还能最后再说几句话。
下午晚些肘候
她突然睁开眼睛。转向我说道: ""是时候了
欧文。是时候了。够了
欧文;
够了
让我走吧 !
需要我请 P 医生来吗? 我用颤抖的声音问 ^她用力点了点头
P 医生在 %0 分钟后到达。但他判断吗啡让玛丽莲的意识太","告别与分离, 医疗决策, 家属沟通",,,,
ku_pdfbook_78135705,生命的礼物 关于爱死亡及存在的意义.pdf,190-190,"吗? 我用颤抖的声音问 ^她用力点了点头
P 医生在 %0 分钟后到达。但他判断吗啡让玛丽莲的意识太
过昏沉。不能自愿吞咽结束生命的药物。而自愿吞咽是加州法
律所要求的。他下了医嘱 ,
大幅度限制她的吗啡。并告诉我们,
他和护士将在第二天早上11点返回。他留给我们他的手机号
码。要我们在必要时随时给他打电话。","医疗决策, 家属沟通",,,,
ku_pdfbook_ad1f650c,生命的礼物 关于爱死亡及存在的意义.pdf,190-190,"诉我们,
他和护士将在第二天早上11点返回。他留给我们他的手机号
码。要我们在必要时随时给他打电话。
第二天早晨。玛丽莲早上6点醒来,
非常不安。再次恳求
P 医生来帮助她结束生命。我们给他打电话。不到一小时。医
生就赶来了。玛丽莲早先曾要求过
她走时
我们所有的孩子
都要在场。三个孩子前一天就住在家里。","死亡焦虑, 告别与分离",,,,
ku_pdfbook_785c5c15,生命的礼物 关于爱死亡及存在的意义.pdf,190-190,"时。医
生就赶来了。玛丽莲早先曾要求过
她走时
我们所有的孩子
都要在场。三个孩子前一天就住在家里。
但另一个在马林县他
自己的家中。有一小时车程。当儿子从马林县赶来后。P 医生
靠在玛丽莲身边。凑近她的耳朵问:
'你想要什么?""
'不想活了。到此为止。
""你确定现在就想结束自己的生命吗?
虽然玛丽莲极度昏沉。但她还是坚定地点头。
P医生先给她一些药物来预防呕吐,然后用两个杯子准备
致命的药物。","医疗决策, 家属沟通",,,,
ku_pdfbook_8504e0f5,生命的礼物 关于爱死亡及存在的意义.pdf,191-191,"她的耳朵问:
'你想要什么?""
'不想活了。到此为止。
""你确定现在就想结束自己的生命吗?
虽然玛丽莲极度昏
沉。但她还是坚定地点头。
P医生先给她一些药物来预防呕吐,然后用两个杯子准备
致命的药物。
第21草
死亡抵达
他面露忧色。当把吸管放进玻璃杯里时 ,
他不无担心地说
道: ""我希望她的意识足够清醒。且有足够的气力能把玻璃杯里
的药物吸上来。法律规定病人要有足够的意识自己吞下药物。
我们扶玛丽莲从床上坐起身来。她把吸管放进嘴里。喝完
第一杯。P医生随即把第二杯递到她唇边。虽然玛丽莲虚弱得
说不出话来。但她还是一口气喝完了第二杯。她躺在床上。闭
着眼睛。深深地呼吸。床边是 P 医生。护士","死亡焦虑, 家属沟通, 医疗决策",,,,
ku_pdfbook_03f62ec9,生命的礼物 关于爱死亡及存在的意义.pdf,193-193,"。想借由观察自己的内心活动来缓解
悲伤。当我爬上家中通往卧室的楼梯
独自在卧室里度过玛丽
莲死亡日的大部分时间的时候。我默默地哭泣。试图通过观察
我的心智活动来减轻痛苦。然而即便这样。某些想法依然挥之
第22章
死
后
不去。想推开的那些场景不断地侵入。让我生动而强烈地体验
到那份执着的心念
我徒劳地想寻找一个开关去关闭那些令我不安的场景。但
却束手无策:  相同的场景一次又一次地涌入我的脑海。我曾经
有无数个小肘给强迫症病人儆咨询 .
但是此刻
我才更为真切
而深刻地理解了他们的挣扎。直到今天,
我都未曾完全明白强
迫性想法是多么令人困扰。难缠 我尝试通过呼吸将它赶走。
吸气默念 ""平静""
","哀伤与丧失, 抑郁情绪, 灵性需求",,,,
ku_pdfbook_1a8facbb,生命的礼物 关于爱死亡及存在的意义.pdf,215-215,"我预感
深深的悲伤最终还是会降临
总的来说。我对自己表现得这么好而感到震惊。为什么我
没有被丧亲之痛打垮?  我从不怀疑自己对玛丽莲的爱有多深:
我深深确信。没有一个男人对一个女人的爱。可与我对玛丽莲
箫23章
作为-个独立的成年人
生活
的爱相比拟多少次
当我看着她在过去几个月里遭受痛苦时 ,
我对她说:
'我真希望能代替你去承受病痛。
我是认真的:  我
愿意为她死
玛丽莲生命的最后30小肘在我脑海里反复回放。在这可怕
的36小时里 _
我寸步末曾离开过
我无数次亲吻她的额头和脸
颊
即使她往往没有任何反应。玛丽莲的离去对我们俩都是解
脱-一对她来说
不用再受苦于日复-日的恶心,疼痛。还有","哀伤与丧失, 告别与分离, 家属沟通",,,,
ku_pdfbook_8540182a,生命的礼物 关于爱死亡及存在的意义.pdf,215-215,"对她来说
不用再受苦于日复-日的恶心,疼痛。还有
要跟那么多深爱她的朋友和家人们告别带来的极度疲惫。
而对
我来说。几个月来。我一直眼睁睁看着她受苦而无能为力。这
对我来说是极大的折磨
现在我也解脱了。那最后36小时。对
我来说最痛苦的是。玛丽莲不怎么能说话了 ,
因为药物。即使
是已经很小剂量的吗啡和劳拉西泮 ( lorazepam)","照护负担, 告别与分离",,,,
ku_pdfbook_f73b913b,生命的礼物 关于爱死亡及存在的意义.pdf,215-215,"。玛丽莲不怎么能说话了 ,
因为药物。即使
是已经很小剂量的吗啡和劳拉西泮 ( lorazepam)
也使她的沟通
能力受到了很大影响^有时候。她短暂地睁开眼。冲着我微笑,
试图说出一两个字我努力想要跟她说说话。可是她很快又昏
睡过去
当时我还无端对那位护士发了脾气。我怪她给玛丽莲
的吗啡量太大。剥夺了我跟玛丽莲说话的最后机会。","疼痛管理, 家属沟通, 告别与分离",,,,
ku_pdfbook_9dbe5ce7,生命的礼物 关于爱死亡及存在的意义.pdf,215-215,"过去
当时我还无端对那位护士发了脾气。我怪她给玛丽莲
的吗啡量太大。剥夺了我跟玛丽莲说话的最后机会。
另一幕诀别的画面突然浮现在我眼前。我当时在和一些癌
症晚期患者做团体治疗。有肘候。因为病重
~些成员无法出
席我们的团体会面。他们会联系我。
问我能不能去家里见他们。
通常我都会同意 一天。我接到了伊娃的电话 ,问我能否家访。
她是一位中年女士,卵巢癌晚期。时日无多。她很少错过团体
会面。接到她电话的第二天
我出现在她家门口。她的护工让","疼痛管理, 告别与分离, 未竟事务, 家属沟通",,,,
ku_pdfbook_a8bafaa4,生命的礼物 关于爱死亡及存在的意义.pdf,216-216,"
问我能不能去家里见他们。
通常我都会同意 一天。我接到了伊娃的电话 ,
问我能否家访。
她是一位中年女士,卵巢癌晚期。时日无多。她很少错过团体
会面。接到她电话的第二天
我出现在她家门口。她的护工让
生命的礼物:  关于爱。死亡及存在的意<
我进了门。领着我去她的卧室。伊娃一直在打瞌睡。当她看到
我时
满脸都是笑容。用微弱沙哑的嗓音告诉护工。她要跟我
单独谈谈。护工随即离开了卧室
她看起来很虚弱。曾经响亮的嗓音现在衰弱得如游丝耳语
她说,医生坦言她会不久于世了。建议她住院
但她拒绝了
说自己宁愿死在家中。然后她把头转向我。伸手握住我的手
直视着我的眼睛说: ""欧文。拜托。最后一个请求
你可以","癌症末期, 居家安宁, 医疗决策, 存在性痛苦, 告别与分离",,,,
ku_pdfbook_f0c9bfb6,生命的礼物 关于爱死亡及存在的意义.pdf,216-216,"玛丽莲。然而我不能。也不愿意任由思绪停留在墓
穴或棺木上。因为我知道,我亲爱的玛丽莲。她并不真在那里
我感觉自己好像好些了
悲伤正在减轻
也许混乱和绝望
已经放过了我。但不久之后 ,我收到了帕特 。伯杰 ( Pat Berger
的邮件。她的丈夫鲍勃 。伯杰 ( Bob Berger
和我从医学生时代起就一直是好朋友。直到他三年前去世^在他生命的最后一
段肘间里,我们一起写了一本书《我要叫瞥察了》 ( ['m Calling
the Police), 这本书讲述了他在匈牙利纳粹大屠杀中幸存的经","哀伤与丧失, 生命意义, 告别与分离",,,,
ku_pdfbook_8162490e,生命的礼物 关于爱死亡及存在的意义.pdf,227-227,"试着屏蔽它们。转移注意力,想把它们从我的意识里清除出
去。可是,几分钟后,它们就又不请自来,
占据我的头脑。情
欲和羞耻同时席卷而来。将我淹没。玛丽莲几周前才下葬。我
竟对她如此不忠。这让我难以自处。
笫25章 .性和哀伤
回顾过去几周
我还发现自己的另一个怪异且有些尴尬的
变化: 我开始很容易被女性胸部,
尤其是巨大的胸部所吸引。
我不知道有没有人注意到这一点
但当玛丽莲的朋友们来访肘
我需要不断提醒自己。得看着她们的脸。不能盯着人家的胸部。
我想起一幅卡通画面 (不记得是什么时候第一次看到的,
可能
是青春期 )
一个女人托起一个男人的下巴。凑向自己的脸
庞。说道: ""喂。我在这儿呢 !
","哀伤与丧失, 死亡焦虑, 存在性痛苦, 抑郁情绪",,,,
ku_pdfbook_72dbfa93,生命的礼物 关于爱死亡及存在的意义.pdf,227-227,"ith
讨论这段记忆。他是我在精神科当住院实习医生
时科室的精神分析师
曾为我做过600多小时咨询。
很明显
现在我身处巨大压力之下,
心智退行也是合理的。像个孩子一
样。我哼唧着向母亲寻求慰藉。我想起在自己某本书里曾用过
的-句话: :弗洛伊德并非一无是处。
这些关于性的强迫念头;令我感到不安和羞愧。脑子里两
个声音在吵架 一个声音在说。我怎能玷辱自己同时也玷辱自
己对玛丽莲的爱呢?  难道我的爱就真的如此肤浅吗?  而另一个
声音在说。让自己活下去,
开始新生活。这不正是我现在的首","存在性痛苦, 抑郁情绪",,,,
ku_pdfbook_4071c68c,生命的礼物 关于爱死亡及存在的意义.pdf,234-234,"以接受如此不理性的自己。我的病人们,
出于种种原因来寻求帮助:  有人是为解决关系问题;  有人是为
更加了解自己; 有人则是为了缓解不安的情绪 ,
比如抑郁。躁
狂。焦虑。孤独。愤怒。嫉妒。痴迷。单恋。噩梦和恐惧。几
乎涵盖了人类心理困难的所有内容。而我的角色就像一个向导。
帮助来访者实现自我理解,",抑郁情绪,,,,
ku_pdfbook_1fa1ee07,生命的礼物 关于爱死亡及存在的意义.pdf,237-237,"毫末减。我
不断提醒自己。疗愈的过程是缓慢的。那些我曾经治疗过的病
人们。也都会有难挨的好几个月。这是必经阶段 然而。没有
人是像我们这样
年少时便情定今生。并终生厮守。
想到这里。我又不免担心起来。
50天后
第27章  麻 ^木
麻木的感觉持续存在。孩子们来看我。我们在社区里散步
一起做饭。下棋。看电影。
但我依旧觉得恍惚。跟儿子们下棋
的时候。我感觉心不在焉_
输或赢都了无意义。
昨天晚上有个社区扑克牌赛。儿子里德和我一起去参加。
这是自里德成年后。我第一次和他共同参与游戏。我一直喜欢
扑克。但是在这场游戏中。在这个肘候。我却无法摆脱麻木的
感觉。我知道。这听上去是抑郁; 即便如此.
我","哀伤与丧失, 抑郁情绪, 疲劳与虚弱",,,,
ku_pdfbook_95bf3f77,生命的礼物 关于爱死亡及存在的意义.pdf,237-237,"是必经阶段 然而。没有
人是像我们这样
年少时便情定今生。并终生厮守。
想到这里。我又不免担心起来。
50天后
第27章  麻 ^木
麻木的感觉持续存在。孩子们来看我。我们在社区里散步
一起做饭。下棋。看电影。
但我依旧觉得恍惚。跟儿子们下棋
的时候。我感觉心不在焉_
输或赢都了无意义。
昨天晚上有个社区扑克牌赛。儿子里德和我一起去参加。
这是自里德成年后。我第一次和他共同参与游戏。我一直喜欢
扑克。但是在这场游戏中。在这个肘候。我却无法摆脱麻木的
感觉。我知道。这听上去是抑郁; 即便如此.
我还是很开心看
到里德赢得三十美金的高兴样子。回家的路上。我想象着
回
到家一开门
玛丽莲迎接我俩。我","哀伤与丧失, 抑郁情绪",,,,
ku_pdfbook_8294c84f,生命的礼物 关于爱死亡及存在的意义.pdf,238-238,"欠玛丽
莲的。我得看完
我发现。每天的头几个小时
当我沉浸于这本书的写作时 ,
以及作为治疗师工作时
这种麻木感就会暂肘退去。今天的来
访者是一位二十多岁的女人
她身处困境。找我做咨询: ""我同
时爱着两个男人; 一个是我的丈夫。还有一个是去年开始交往
的男人。我不知道到底哪一个才是真爱。当我和他们其中一个",抑郁情绪,,,,
ku_pdfbook_a7d85553,生命的礼物 关于爱死亡及存在的意义.pdf,242-242,"偶尔。
越来越常独自一人吃饭
独自一人睡觉。在睡
前一成不变的。我会读一会儿小说。最近开始读威廉 。
斯泰隆
William Styron
的小说《苏菲的选择》 ( Sophie $ Choice). 但
读了几个小时后 ,
我意识到。这本书余后的章节发生在奥斯维
辛集中营。我可不想在就寝前阅读有关大屠杀的内容",抑郁情绪,,,,
ku_pdfbook_37d6db03,生命的礼物 关于爱死亡及存在的意义.pdf,243-243,"的一个传奇人物
悲观主义
者。怀疑论者 ,
能否从一个运作良好 ( well-functioning
的当代
治疗团体中获益
重读《叔本华的治疗》。带来了强而有效的疗愈。一页-页
读过去。我变得愈加平静。对自己的人生感到无比满足。一眼
看过去。书中句式。用词无不严谨精准
难怪能吸引到读者 !
我当年是怎么儆到的? 写下这本书的那位仁兄远比现在的我
要睿智。博学。哲学和心理学方面知识的储备远胜现在的我。","存在性痛苦, 生命意义, 抑郁情绪",,,,
ku_pdfbook_6071b0ee,生命的礼物 关于爱死亡及存在的意义.pdf,246-246,".
离群厌世 ,
他在接触自己情绪以及与他人建立关系方面,都有
很大的困难。每次被问到有什么感受时。
菲利普都说没有 朱
利亚斯。团体的带领者。常常用一个我最喜欢的问题来漂亮地
应对此类病人,他会问: ""对所发生的事。假设你会有情绪的话,
你觉得可能会是什么? ""
这本小说巳经被翻译成30多种语言 ,至今仍有人在读。可
是写这本书肘。我到底身处何方。却一点也想不起来了。假如
玛丽莲还活着
她一定会立刻告诉我答案。","抑郁情绪, 存在性痛苦, 哀伤与丧失",,,,
ku_pdfbook_99f1971a,生命的礼物 关于爱死亡及存在的意义.pdf,247-247,"假设你会有情绪的话,
你觉得可能会是什么? ""
这本小说巳经被翻译成30多种语言 ,
至今仍有人在读。可
是写这本书肘。我到底身处何方。却一点也想不起来了。假如
玛丽莲还活着
她一定会立刻告诉我答案。
63天后
第29章
明显在否认
玛丽莲去世己经九个星期了
我在处理哀伤方面没有什么
进展。如果从治疗师的角度来评估自己。我会这么说:欧文 ` D。
亚隆
明显抑郁。行动迟缓,
麻木恍惚。常伴有绝望感。体重
减轻生活无趣
难享独处。总的来说 。在接受他妻子的死亡
方面
没有什么进展。病人自述这种糟糕的处境至少要持续一
年。感觉极度孤单;  在理性上。病人知道应该要与外界保持接
触。但是极少主动与外","哀伤与丧失, 抑郁情绪",,,,
ku_pdfbook_c2a83638,生命的礼物 关于爱死亡及存在的意义.pdf,247-247,"。可
是写这本书肘。我到底身处何方。却一点也想不起来了。假如
玛丽莲还活着
她一定会立刻告诉我答案。
63天后
第29章
明显在否认
玛丽莲去世己经九个星期了
我在处理哀伤方面没有什么
进展。如果从治疗师的角度来评估自己。我会这么说:欧文 ` D。
亚隆
明显抑郁。行动迟缓,
麻木恍惚。常伴有绝望感。体重
减轻生活无趣
难享独处。总的来说 。在接受他妻子的死亡
方面
没有什么进展。病人自述这种糟糕的处境至少要持续一
年。感觉极度孤单;  在理性上。病人知道应该要与外界保持接
触。但是极少主动与外界联系。兴趣减退。
没有继续生活下去
的强烈愿望。食欲减退。大部分时候对食物无动于衷。常吃速
冻食品","哀伤与丧失, 抑郁情绪",,,,
ku_pdfbook_9741c437,生命的礼物 关于爱死亡及存在的意义.pdf,248-248,"喜欢看网球。但最近只在电视转播上看了几
场澳大利亚网球公开赛
其偶像费德勒输球后
他就不再看了。
病人认识的年轻球员没几个。对了解他们的兴趣也不大。
以上这些
是我对自己的客观观察。确实,现在的我就是
生命的礼物:  关于爱
死亡及存在的意〈
抑郁的。只是还没有到达有危险的程度罢了。我确信自己终究
会好起来。我曾陪伴过很多失去伴侣的来访者 ,度过他们的绝
望时刻,所以对于自己的预后
心中还是有数的。我并不畏惧
死亡
也没有自杀风险。最终。我很可能会死于突发冠心病;
而且必须得承认,对这种结局
我犬体上是欣然接受的。
近来我正在读一本有趣的回忆录《鳏夫笔记》 ( The Widowers
Not","哀伤与丧失, 抑郁情绪, 存在性痛苦, 告别与分离",low,,,
ku_pdfbook_56f5f63c,生命的礼物 关于爱死亡及存在的意义.pdf,248-248,"人认识的年轻球员没几个。对了解他们的兴趣也不大。
以上这些
是我对自己的客观观察。确实,现在的我就是
生命的礼物:  关于爱
死亡及存在的意〈
抑郁的。只是还没有到达有危险的程度罢了。我确信自己终究
会好起来。我曾陪伴过很多失去伴侣的来访者 ,度过他们的绝
望时刻,所以对于自己的预后
心中还是有数的。","抑郁情绪, 存在性痛苦, 死亡焦虑",,,,
ku_pdfbook_c9a27803,生命的礼物 关于爱死亡及存在的意义.pdf,248-248,"好起来。我曾陪伴过很多失去伴侣的来访者 ,度过他们的绝
望时刻,所以对于自己的预后
心中还是有数的。
我并不畏惧
死亡
也没有自杀风险。最终。我很可能会死于突发冠心病;
而且必须得承认,对这种结局
我犬体上是欣然接受的。
近来我正在读一本有趣的回忆录《鳏夫笔记》 ( The Widowers
Notebook ), 作者是乔纳森 `桑特洛弗 ( Jonathan Santlofer)","生命意义, 灵性需求",,,,
ku_pdfbook_8a26acbf,生命的礼物 关于爱死亡及存在的意义.pdf,249-249,"一击: ""你真把自己当成乔纳森 。桑特洛
弗了?以为自己跟他一样。畅游单身汊世界?  要知道他可是才
60多岁。而你自己呢
巳经 &8岁了。没有哪个女人,尤其像
玛莎这样年轻了25岁。有着幸福婚姻的女人。会对你或任何一
个衰老且去日无多的男人产生兴趣。自古以来,
就没有女人会
对 &8岁的老头感 `性'趣啊!","死亡焦虑, 存在性痛苦, 抑郁情绪",,,,
ku_pdfbook_8ce5233b,生命的礼物 关于爱死亡及存在的意义.pdf,257-257,"用会被公寓本身的资产增值所抵消。正如对
待大多数其他事一样 _
我选择不去想它。以避免去做任何决定。
汽车也面临同样的处境。我的车库里有两辆车。都是五年
车龄,
一辆是我妻子的捷豹。另一辆是我的雷克萨斯敞篷车
继续为两辆不怎么用的车支付税费和保险是不明智的。我巳经
没有自信能在夜间开车了
现在只会在白天开到附近去访友或","老年安宁, 抑郁情绪, 生命意义",,,,
ku_pdfbook_0b3a92a0,生命的礼物 关于爱死亡及存在的意义.pdf,258-258,"以来,
我就没去听过音乐会
看过舞台剧
电影或参加过其他活动-
除了那次斯坦福书店
的读书会  我一直都喜欢去剧院看演出。最近听说附近的社区
要上潢一出有趣的舞台剧 ,
我强迫自己邀请女儿同去。然而等
生命的礼物:  关于爱。死亡及存在的意义
我拖延够了以后。这出舞台剧的所有场次都已经结束了 像这
样拖延的例子不胜枚举
我收到一封有关斯坦福进修教育课程的邮件。有两门课让
我很感兴趣: ""生命的意义: 克尔凯郭尔 ( kierkegarrd)。 尼采以
及更多""  和 ""美国文学大师"" ,后者由我的朋友迈克尔 。克雷斯
尼主讲。这两门课听上去都很棒
不过我不知道晚上怎么去那
儿。如果这两门课的教","哀伤与丧失, 存在性痛苦, 生命意义, 抑郁情绪, 灵性需求",,,,
ku_pdfbook_b9a82c3a,生命的礼物 关于爱死亡及存在的意义.pdf,258-258,"直都喜欢去剧院看演出。最近听说附近的社区
要上潢一出有趣的舞台剧 ,
我强迫自己邀请女儿同去。然而等
生命的礼物:  关于爱。死亡及存在的意义
我拖延够了以后。这出舞台剧的所有场次都已经结束了 像这
样拖延的例子不胜枚举
我收到一封有关斯坦福进修教育课程的邮件。有两门课让
我很感兴趣: ""生命的意义: 克尔凯郭尔 ( kierkegarrd)。 尼采以
及更多""  和 ""美国文学大师"" ,后者由我的朋友迈克尔 。克雷斯
尼主讲。这两门课听上去都很棒
不过我不知道晚上怎么去那
儿。如果这两门课的教室都在汽车无法直接开到的楼里。或者
需要我在夜里走很长一段路怎么办?  这对我来说是不可能做到
的。","存在性痛苦, 生命意义",,,,
ku_pdfbook_f66a8663,生命的礼物 关于爱死亡及存在的意义.pdf,259-259,"。但我此刻比任何时候都更能理解和体会那些
想自杀的人的心理。
忽然我的脑海中浮现出一个人。一位独坐的老人,他正望
着无限美好的绚烂夕阳。全然沉浸在这环绕四侧的美景之中
啊。我真羡慕他。我渴望能像他一样
95天后
第32章
重温自己的作品
我的心情又开始变得阴沉暗淡。鉴于此前阅读《叔本华的
治疗》对我很有帮助。我决定再读一本自己的书。很奇怪,书
架上看上去最不熟悉的反倒是我五年前才刚出版的著作《一日
浮生》 (Creatures ofa Day ), 这是一本有关心理治疗的故事集。
遵从过去的阅读习惯。我每晚睡前只读一章。和过去一样。读
自己的作品颇有疗效。所以我希望尽可能地延长阅读时闻。这
本","自杀意念, 抑郁情绪, 生命意义",,,,
ku_pdfbook_836703a4,生命的礼物 关于爱死亡及存在的意义.pdf,259-259,"老人,他正望
着无限美好的绚烂夕阳。全然沉浸在这环绕四侧的美景之中
啊。我真羡慕他。我渴望能像他一样
95天后
第32章
重温自己的作品
我的心情又开始变得阴沉暗淡。鉴于此前阅读《叔本华的
治疗》对我很有帮助。我决定再读一本自己的书。很奇怪,书
架上看上去最不熟悉的反倒是我五年前才刚出版的著作《一日
浮生》 (Creatures ofa Day ), 这是一本有关心理治疗的故事集。
遵从过去的阅读习惯。我每晚睡前只读一章。和过去一样。读
自己的作品颇有疗效。所以我希望尽可能地延长阅读时闻。这
本书有一篇前言。 一篇后记和十二个故事。
很期待接下来的两
周我能借此缓解焦虑和抑郁
印在封面和封底上",抑郁情绪,,,,
ku_pdfbook_0e1e62f7,生命的礼物 关于爱死亡及存在的意义.pdf,267-267,"
""其实不难理解 我丈夫是穿着红格子睡衣去世的至
于你看不到我。是由于所有的尸体,
所有的死亡。你无法想象
这些,因为你从来没有遇到过什么不好的事情
在后来的治疗中,她补充说我的生活是不真实的:
温暖
第33章
哀伤冶疗的七堂课
舒适。总是被你的家人包围 '关于丧失。你真正知道些什么
呢。你认为你会处理得更好吗? 假设你的妻子或你的孩子现在
就要死了。你会怎么做? 就连你穿的那件粉红色的条纹衬衫,
我也讨厌它 我讨厌它说的话。
它在诉说什么?""
它在说。我什么问题都能解决。说说你的吧
艾琳谈起
她所认识的失去伴侣的人, ""这些人都知道。这是永远也过不
去的:
~那份深埋于地下的死寂只有他们知道","哀伤与丧失, 家属沟通, 抑郁情绪",,,,
ku_pdfbook_adfca8b3,生命的礼物 关于爱死亡及存在的意义.pdf,270-270,"注我所描述的一些记忆问题。他
给了我一个长达 |5分钟的口头测试和书面测试。我以为我做
得很好
直到他问我:
'现在请重复我让你记住的五样东西。
我不仅忘记了这五样东酉,而且,甚至不记得有五样东西需要
生命的礼物:  关干爱。死亡及存在的蒽 <
我来复述。
他对我的表现有点担心。并且预约了二个月后到一个神经
心理诊所。去做一次完整的
历时四个小时的测评。没什么比
严重痴呆让我更害怕的事了
加之而今我独自生活 .
这份害怕
愈发强烈。我不确定是否想进行测试。即便确诊了也没有什么
治疗方法。
他也对我能否继续开车表达了顾虑。虽然我并不喜欢听他
这样说。但在某种程度上。我也赞同他。我己经发觉自己不再","认知障碍, 抑郁情绪, 哀伤与丧失, 医疗决策, 家属沟通",,,,
ku_pdfbook_d3b3da4e,生命的礼物 关于爱死亡及存在的意义.pdf,270-270,"诊所。去做一次完整的
历时四个小时的测评。没什么比
严重痴呆让我更害怕的事了
加之而今我独自生活 .
这份害怕
愈发强烈。我不确定是否想进行测试。即便确诊了也没有什么
治疗方法。
他也对我能否继续开车表达了顾虑。虽然我并不喜欢听他
这样说。但在某种程度上。我也赞同他。我己经发觉自己不再
适合驾驶了:  我很容易分心。","死亡焦虑, 认知障碍, 抑郁情绪, 医疗决策",,,,
ku_pdfbook_c261e328,生命的礼物 关于爱死亡及存在的意义.pdf,271-271," 当我走到
屋外,一眼看到半空着的车库
里面再也没有玛丽莲的车时
一股巨大的忧伤涌上心头。这个傍晚。我想念着玛丽莲,
比过
往几个星期更甚。我非常后悔出售了她的车  与它分离又一次
撕开了悲痛的伤口。
弟34章
我的继续教育
这有毒的鸡尾酒
我的身体所应对着的严重的疼痛。受
损的平衡
脖颈不适所带来的失眠。对衰退的记忆的恐惧。玛
丽莲的车的消失
把我带到了绝望之境。在最低谷的时候,
我连着几个小时都无法动弹
无法做任何事情。甚至无法哀伤。
我就坐在那里。什么都不做。几乎没有自我觉知。有时会
这样持续几个小时 有一个朋友会来接我去参加斯坦福大学精
神病学系教员的晚宴 .
但在最后一刻
我打电话让","哀伤与丧失, 抑郁情绪, 疲劳与虚弱, 疼痛管理",,,,
ku_pdfbook_945c81e6,生命的礼物 关于爱死亡及存在的意义.pdf,271-271,"。我想念着玛丽莲,
比过往几个星期更甚。我非常后悔出售了她的车  与它分离又一次
撕开了悲痛的伤口。
弟34章
我的继续教育
这有毒的鸡尾酒
我的身体所应对着的严重的疼痛。受
损的平衡
脖颈不适所带来的失眠。对衰退的记忆的恐惧。玛
丽莲的车的消失
把我带到了绝望之境。在最低谷的时候,
我连着几个小时都无法动弹","哀伤与丧失, 疼痛管理, 抑郁情绪",,,,
ku_pdfbook_1f2cc3af,生命的礼物 关于爱死亡及存在的意义.pdf,271-271,"衰退的记忆的恐惧。玛
丽莲的车的消失
把我带到了绝望之境。在最低谷的时候,
我连着几个小时都无法动弹
无法做任何事情。甚至无法哀伤。
我就坐在那里。什么都不做。几乎没有自我觉知。有时会
这样持续几个小时 有一个朋友会来接我去参加斯坦福大学精
神病学系教员的晚宴 .
但在最后一刻
我打电话让他取消了
我来到我的办公桌前。","认知障碍, 抑郁情绪, 哀伤与丧失",,,,
ku_pdfbook_29ba220e,生命的礼物 关于爱死亡及存在的意义.pdf,271-271,"我去参加斯坦福大学精
神病学系教员的晚宴 .
但在最后一刻
我打电话让他取消了
我来到我的办公桌前。
尝试写作。但文思枯竭。只好放下。我
的胃口很差。不愿意吃饭:  在过去几天里。我大约瘦了五磅。
如今
我全然理解早先我对性执着的评论了一能够有些感觉
比起一无所感要好得多。
一无所感是对过去几天里我的心态","抑郁情绪, 死亡焦虑, 存在性痛苦",,,,
ku_pdfbook_135f7a6d,生命的礼物 关于爱死亡及存在的意义.pdf,272-272,"肘 .
我意识到我上了一堂
很棒的研究生课程  亲身体验到了治疗师经常面临的二种充满
挑战的情境。首先。是无法遏制的强迫性念头:  噩梦以及有关
女性乳房和性接触的念头反复出现。所有这些困扰现在都已经
生命的礼物:  关干爱。死亡及仔任的总 <
消退了
但我永远不会忘记当我试图阻止它们时的无能为力的
体验。
接下来就是深刻的令人心碎的哀伤。虽然这份哀伤巳经不
再使我感到煎熬。但它依然持续着。每次看到玛丽莲的照片肘
这份哀伤就会被重新唤醒。在我想起她的肘候 ,
我都会潸然泪
下。这几行字
是我在玛丽莲的生日三月十日时写的。距离她
去世整整一百一十天。
最后。我感受到了令人窒息的压抑。那种麻痹迟钝","哀伤与丧失, 存在性痛苦, 生命意义",,,,
ku_pdfbook_fb6671ae,生命的礼物 关于爱死亡及存在的意义.pdf,272-272,"先。是无法遏制的强迫性念头:  噩梦以及有关
女性乳房和性接触的念头反复出现。所有这些困扰现在都已经
生命的礼物:  关干爱。死亡及仔任的总 <
消退了
但我永远不会忘记当我试图阻止它们时的无能为力的
体验。
接下来就是深刻的令人心碎的哀伤。虽然这份哀伤巳经不
再使我感到煎熬。但它依然持续着。每次看到玛丽莲的照片肘
这份哀伤就会被重新唤醒。在我想起她的肘候 ,
我都会潸然泪
下。这几行字
是我在玛丽莲的生日三月十日时写的。距离她
去世整整一百一十天。
最后。我感受到了令人窒息的压抑。那种麻痹迟钝。了无
生机。万念俱灰。如行尸走肉一般的感觉。我将终生难忘。
如今,
我开始从一种不同的视角来看我的","哀伤与丧失, 存在性痛苦, 灵性需求",,,,
ku_pdfbook_6a037f81,生命的礼物 关于爱死亡及存在的意义.pdf,275-275,"来
帕洛阿尔托时。都会去墓园看望你
从你最后一次看我们的书到现在。我又写了一百页。此刻。
我在写这些收尾的段落。我发现要修改或者删除你的哪怕一个
字
都是绝不可能的。因而。我已经请编辑凯特把你的章节进
35章
亲爱的玛丽莲
行排版。最后。
我描述了你生命的最后几周。最后几天 ,
甚至
我守在你身边 _
握着你的手。
你咽下最后一口气的那个时刻。
接着。我写了你的葬礼
以及之后发生在我身上的种种。
我经历了深渊一般的哀伤
我从少年起就一直深爱着你,
又怎么可能不哀伤?  即使现在,我一想到与你共度了一生。就
感到无比幸运。我无法理解这一切是如何发生的。那个最聪明
最美丽
最受人欢迎的罗斯福高中的","哀伤与丧失, 告别与分离, 生命意义, 抑郁情绪",,,,
ku_pdfbook_3f3e7de2,生命的礼物 关于爱死亡及存在的意义.pdf,275-275,"大潜力。
我要怎么感谢你才足够?  走笔至此
泪流满面。
过去没有你的四个月是我一生中最艰难的时光。
虽然孩子
们和朋友们打来无数的电话
无数次的造访。我依然感到恍惚
和沮丧。感到很孤独。我慢慢恢复着,一直到三个星期前。我
卖掉了你的车的笫二天早上,当我看到车库里的空地时。我被
绝望压垮了
一蹶不振。所幸我找到了一位出色的治疗师。每
周都去咨询
帮助很大.
我会持续咨询一段时间。
大约一个月前。流行性冠状病毒暴发。整个世界陷入危机
之中 这和我们任何人所经历过的都不一样
就在此刻美国和","哀伤与丧失, 抑郁情绪, 生命意义",,,,
ku_pdfbook_ba1148ba,生命的礼物 关于爱死亡及存在的意义.pdf,276-276,"
一蹶不振。所幸我找到了一位出色的治疗师。每
周都去咨询
帮助很大.
我会持续咨询一段时间。
大约一个月前。流行性冠状病毒暴发。整个世界陷入危机
之中 这和我们任何人所经历过的都不一样
就在此刻美国和
生命的礼物: 关于爱。死亡及存在的意 义
几乎所有欧洲国家,
包括法国,
都处于24小时封锁状态。这是
前所末有的
~所有美国人,法国人,德国人 .
意人利人。西
班牙人必须待在自己的家中隔离。除杂货店和药店外。所有商
店都被勒令关门。你能想象偌大的斯坦福购物中心会关闭吗?
你能想象巴黎的香榭丽舍和纽约百老汇空空荡荡的样子吗?  此
刻它正在发生
而且还在蔓延。
以下是《纽约时报》今天上午的头条","死亡焦虑, 抑郁情绪, 生命意义, 家属沟通",,,,
ku_pdfbook_ba01000e,生命的礼物 关于爱死亡及存在的意义.pdf,276-276,"住。你知道的。伊芙即将从凯撒 (Kaiser) ^退休。当你的孩子退
休肘。你就知道自己是真的老了。
过去几个星期里。她所在的
妇产科已经能够在网上接诊。伊芙一直是上帝赐给我们的礼物。
她把我照顾得很好
我的焦虑和抑郁已消退。我想是她保住了
我的老命。她确保我们得以真正隔离。不与任何人进行身体接
触。当我们在公园散步
任路上遇见熟人时
我们戴着口罩
就像如今每个人一样 ,
我们努力与任何一个路过的人保持六英
美国的-个医疗保险机构
译者注",抑郁情绪,,,,
ku_pdfbook_af2e412d,生命的礼物 关于爱死亡及存在的意义.pdf,283-283,"的书所吸引。
更多>> >
(爱什刽子手:存在扌义瑾冶疗的10个敬n)
作者: !襄]5二
0。亚;
心理学大,经典作品
REDBOOK
纤书
抑(症
40414
红书
寻找内在的自我: 马斯洛谈幸福
抑郁症
原书第2版
[瑞士」荣袼
作者;[美]亚伯拉军
马斯洛
作者;[美]阿伦
贝克
-
多
Cla
生舛
命
理性生活指南
原书第3版
当尼采哭泣
多舛的生命:
(者:[美}阿尔等 。埃利斯穸伯持
哈珀  作者: [美}欧文
口。亚隆
正疗愈帮你抚平压力。疼瘤和创伤
原节第2版 )
怍者; [美]乔恩
卡巴金
Iwl Tammly
ICIIT'
Sru Uyy
部分","死亡焦虑, 存在性痛苦, 生命意义, 抑郁情绪",,,,
ku_pdfbook_473482a3,直视骄阳：征服死亡恐惧.pdf,8-8,"陌生。
毕竟。在五干年的历史长河里
在浩瀚的星空下
有太多人思考
过死亡。有太多智慧的火花闪烁其间。
有太厚重的东方文化托起
我们的双足。有太漫长的历史纷争让我们不得不面对这一禁忌。
无论是俨壁鸠鲁的观念。波动影响。或是尼采的思想实验。自我
实现的慕言牡语。都还不足以让一个地地道遵的中国人真正摆脱
人生必然走向死亡的战栗",死亡焦虑,,,,
ku_pdfbook_fdcdde08,直视骄阳：征服死亡恐惧.pdf,32-32,"很长很长昀路,现在想这些没有什
么意义。
当你非常老了
怏要死了
你会变得很平
静或者处于病疬之中。
无论如何,死都不会那么糟糕。
珍妮一直以来依赖母亲的这番话获得内的平静.
此外。她
还找到了其他的一些方祛来改善自己的状况。她提醒自己。可以
选择是否去想死亡; 可以转换自己的记忆频道。回想
~些愉快的","死亡焦虑, 生命意义",,,,
ku_pdfbook_1bf0456e,直视骄阳：征服死亡恐惧.pdf,32-32,"方祛来改善自己的状况。她提醒自己。可以
选择是否去想死亡; 可以转换自己的记忆频道。回想
~些愉快的
经历。比如儿时和伙伴放声大笑;  也可以与丈夫在洛基山徒步旅
行。惊叹于浓云如柱。湖清如镜;还可以亲呦孩子愉快的小脸
尽管如此。死亡恐惧却仍然纠缠着她。剥夺「她生活中的许
多乐趣。珍妮看过好几位心理治疗师 ,却没有从中得到什么帮助。",死亡焦虑,,,,
ku_pdfbook_bfa2334a,直视骄阳：征服死亡恐惧.pdf,34-34,"爆发。她被
电影中所描绘的人生无常 ,万事难料彻底吓坏了。在这部电影中
无辜的人质被肆意地逮捕
屠杀
到处都充满「危险
没有一个
地方是安全的。所有这些都让她想起章年时代的家。那肘的她好
像也处在同祥的危险之中;父亲随时可能亳无预兆地暴怒。她却
没有地方可以躲{,只能尽可能地让自己好像不存在一样来寻求庇护
也就甚谠。尽可 地少谠话。少提问题","死亡焦虑, 未竟事务, 存在性痛苦",,,,
ku_pdfbook_d9081bc7,直视骄阳：征服死亡恐惧.pdf,36-36,"里
黄土和碎石将把你埋葬。
一周之内,
一切完好,
一周之后。棺材渗沥 !
虫子钻进来
虫子展出去。
它们咬你的口唇,吃你的眼睛
啃你的鼻子,
它们吮吸你脚趾头间昀汁液 !
一只巨大的凸眼虫钻进你的胃里
又从你的眼窝里爬出来,
你的胃就这祥娈得和泥沼一祥绿
流出奶油般的液倩。
来吧!把它刷在面包片上吧 !
在你死后,那便是你的美食。
她轻轻吟唱着 _
回忆慢慢地涌上了心头。她想起姐姐们
妮是家中最小的一-个)总是恶作剧般地唱这首歌来逗她。毫不理
会她(时显而易见的痛苦
回忆起这首歌对于珍妮来说是一次垂要的突破。这使她开始
理解自己那个一再重复的,挤压虫子喝汁液的醯梦并非与性有关
而是与她儿时所","死亡焦虑, 存在性痛苦, 生命意义, 哀伤与丧失",,,,
ku_pdfbook_f84bc2a2,直视骄阳：征服死亡恐惧.pdf,39-39,"苏珊巳经整整凹天哭个不停_
她吃不下。睡不着
更别谈去
工作了 (这是二十年以来她第-次无法工作)。
晚上。她被脑海
中关于儿子的可怕场景折磨着
乔治贪婪地从一个棕色纸袋裹
着的瓶子里吸食毒晶,衣衫褴褛
满嘴烂牙
最终死在阴沟旁边。
他会死在监狱里的。
苏珊对我说。她继续说到自己如何竭
尽全力抓住每一根救命稻草","哀伤与丧失, 家属沟通, 抑郁情绪",,,,
ku_pdfbook_47f64dfc,直视骄阳：征服死亡恐惧.pdf,40-40,"们的孩子都是那么成功,苏珊无法控制地心
生嫉妒
戎首先提醒苏珊
些她心知肚朗的事。比如儿子将死在阴沟
里的想法是非理性的。除非大农难爆发。否则这实在不可能。我
还指出。事实上,乔治巳经取得了裉大的迸步:他参加了戒葚课
程
并且正在与
位出色的咨询师逑行 对
~的治疔。况且,戒
除毒瘾本来就很不容易,毒瘾复发 (通常还不止-次)几乎很难","家属沟通, 抑郁情绪",,,,
ku_pdfbook_46290867,直视骄阳：征服死亡恐惧.pdf,40-40,"值得一提的
是。她的丈夫并没有像她这祥如此关注儿子。
她也知道自己的问题所在。""为什么乔治这样对我?
这个想
祛本身是非理性的。当我建议她把自己从这些画面中抽离出来时
苏珊自己也认识到了这一点:其实
儿子的毒瘾复发与她的关系
并不大。
虽然任何
位母亲都会为儿于复发毒瘾。蹲迸大牢而心烦意
乱。但是苏珊的反应看上去有些过徽。","家属沟通, 抑郁情绪",,,,
ku_pdfbook_1e71ba39,直视骄阳：征服死亡恐惧.pdf,41-41,"点
~许多父母通过孩于让自己的生命不朽。这
引起了她的兴趣
她承认曾希望通过儿干来延续自己的生命。不
过现在她放奔了这个念头。
他不能胜任这份重任。
她说。
""有孩子能胜任吗?
我反问道,
而且,乔治自己也不会想
这么儆。所以。他的所有行为
他的毒瘾复发。都与你尤关!
在这次治疗快要结束时,我询问她脖子上的绷带是怎么回事。","存在性痛苦, 生命意义, 抑郁情绪, 自杀意念",,,,
ku_pdfbook_4fee291f,直视骄阳：征服死亡恐惧.pdf,44-44,"
享用早餐。现在他们开始认真考虑这个计划。上个周木
时他们就与房产经纪人一起去看出售的各种小旅馆了_
六个月之后。我收到苏珊寄来的朋信片
她邀诮我有空去乔
看。那张明信片上印着
栋迷人的小旅馆
背面写肴:
人住旅
馆笫一夜!
苏珊的案例说明了几个要点。首先是她对儿于的过分焦虑
苏珊因儿子蹲了大牢而深感痛苦的确理所应当。","家属沟通, 抑郁情绪",,,,
ku_pdfbook_21ba1f39,直视骄阳：征服死亡恐惧.pdf,51-51,"直面死亡能够引发戏剧化的长久改娈一
这有
力地佐证了以上观点。我曾与颟临死亡的晚期瘤症患者密切接触;
长达十余年。我发现他们中的许多人,非但没有陷人麻木的绝望。
反而产生了积极而深远的改娈。这些人放弃了生活中无关紧要的
琐屑之事。重新安置了人生的重心;他们主动选择不儆违背心意
的事情;他们花时间与至亲至爱更深地交流;他们对生命中原本","存在性痛苦, 生命意义, 灵性需求",,,,
ku_pdfbook_8198eddc,直视骄阳：征服死亡恐惧.pdf,55-55,"年并非连续治疗
(不过有些病人的确需要多年
持续不断的心理支持)。艾丽斯和丈夫亚伯经营眷-家乐器行。
她最早在50岁的时候,因为和儿子以及几个朋友。客户产生了
紧张的冲突而来寺求治疗
我们傲了两年的
对-治疗
此后又
进行了三年的团体治疗。她在这五年里进步了很多,不过
在接
下来的二十五年里,她好儿次因面临人生危机而来寻求我的帮助","抑郁情绪, 生命意义",low,,,
ku_pdfbook_4bcab8f9,直视骄阳：征服死亡恐惧.pdf,59-60,"普遍存在的
部分便是。生者必须直面自身的死亡。
这个故事的尾声出人意料。当艾丽断必须离开自己的房子搬
到荞老院去的时候。我提醒自己:她可能会陷人更深
甚至难以
挽救的绝望之中。绪果两天之后
她迈着轻快活泼的步子走进治
疗室。坐在椅子上。这实在让我吃了一惊。
""我很开心 !
她说。
这么多年以来。我和她的会面从来不曾以这祥一","死亡焦虑, 告别与分离, 灵性需求",,,,
ku_pdfbook_7e215e82,直视骄阳：征服死亡恐惧.pdf,62-62,"亚旅行的两周之内和我进行亍几次面谈。希望能处
理她在先前治疗中不曾解决的一
个问魉。
原来
朱丽叶的
-位密友去世两年了
自那时起。她不但无
祛从痛失友人的悲伤中摆脱。而且产生了一系列症状。严重地影
响了她的正常生活。她娈得过分关注自己的身体健康。任何小小
的疼痛或是痉挛都会让她惊慌不巳,立即打电话给私人厌生。","哀伤与丧失, 抑郁情绪",,,,
ku_pdfbook_53745fe7,直视骄阳：征服死亡恐惧.pdf,66-66,"詹姆斯是
位四十多岁的律师。他因为
些较复杂的原因前
来寻求咨询。他痛恨自己的职业; 感觉无所依归。
心烦意乱。难
以人眠;饮酒过度;除了槽糕的婿姻之外再无其他亲密关系。在
第-次面谈中,我裉本没有从这大堆麻烦
人际
职业。婚
姻以及酗酒等
~中找到任何一点与生之无常。死之有恒等存在
问题有关的蛛丝马迹。","抑郁情绪, 疲劳与虚弱",,,,
ku_pdfbook_9ef08c1a,直视骄阳：征服死亡恐惧.pdf,68-68,"我石来
这对他来说是
种毒害。这些信仰使得他更加孤立,因为他不敢和朋友分享这些
以免被大家看成怪物。
但所有努力都收效甚微。治疗很快就娈得停滞不前。在我们
面谈的过锃中 _
詹姆斯显得非常疲惫 -
也没有耐心。通常每次治
疗开始时詹姆斯都会提出
些质疑甚或无礼的问题
比如 ""厌生,
我们的治疗还要多长时间?","死亡焦虑, 存在性痛苦, 抑郁情绪, 自杀意念",,,,
ku_pdfbook_e3a5ee47,直视骄阳：征服死亡恐惧.pdf,68-68,"我知遘那具尸体经过了很好的保存和化妆。我强
打精神和人们一起移动。
一开始
找看养他的脚
然后
是腿
我的眼睛继续往上瞟
发现尸体的右手上绑养绸
带。我继续往上看着他的头 ,知遒那是我的哥哥爱德华。
我觉得自己要窒息了
惑不住开始哭泣。
当时,我有两
种感觉,一开始是悲伤,后来又觉得释然,困为他的脸没有被毁。气色也挺好。
爱德华看上去不错。
我对自","哀伤与丧失, 告别与分离",,,,
ku_pdfbook_73e75bd1,直视骄阳：征服死亡恐惧.pdf,73-73,"时那样
如果你别上了某个男孩子的联谊徽章。你就等于把自己和他串在
~起,那同样意味着你就这么定下了。
多好的洞察。派特。还有其他感觉吗?
派特再一次闭上眼睛。沉浸在幻想中:
我想到丁戎的婚姻
四年前的婿姻破裂。我很内疚。以前那次咨询让我知道并不是我
毁了它。当时我们一起努力消除这份自责。但是真该死!它现在",抑郁情绪,,,,
ku_pdfbook_16e00618,直视骄阳：征服死亡恐惧.pdf,74-74,"裂。我很内疚。以前那次咨询让我知道并不是我
毁了它。当时我们一起努力消除这份自责。但是真该死!它现在
又回来了。婚姻失败是戎的第一个人生败笔一
~此前我的
切都
蒸蒸日上。当然。那段婿姻是结束了。结束很多年了。但是选择
另-个男人说朗那次破裂是真的。这意味着我再也回不去了。水
远回不去了。那是巳经过去的一个人生阶段。","未竟事务, 存在性痛苦, 哀伤与丧失, 抑郁情绪",,,,
ku_pdfbook_6c0a6101,直视骄阳：征服死亡恐惧.pdf,78-78,"赞美都让我感觉不舒服,
我希望把那些赞美都擦掉
我心里有个声音会说
他们其实井不懂我
或是
但愿他们
能懂
如果他们的确懂你,
我问。""他们会了解到:
什么呢?
""其实我也不了解自己
不仅接受赞美会令我尴尬。让我去
赞美别人我也会觉得为难。我没祛理解那些赞美。我也不知道该
怎么把它们说出口。我只能说。","存在性痛苦, 抑郁情绪",,,,
ku_pdfbook_8362cf1b,直视骄阳：征服死亡恐惧.pdf,79-79,"
""我想没有。为什么这么问?  你想到什么了吗?
'我想到我们第一次或第二次面谈时,你忽然闻情绪爆发
泪水涌上你的双眼。你当时谠你其实很少哭。完整的情景我记不
大全丁
你还记得吗?
'亳无印象。我真的完全不记得有这件事。
'我觉得这和你的父亲有关。让我耷耷看,""我走到电脑旁边
在威尔的案例记录文件中辎人",抑郁情绪,,,,
ku_pdfbook_6f4bd05c,直视骄阳：征服死亡恐惧.pdf,83-83,"姐的手上汩泪地涌出来,这引起了他幼年的记忆。当
他5岁时,姐姐在邻居家不小心把大拇指伸进了电风扇里。
他记
得姐姐尖叫着在马路上狂奔。直到筋疲力尽 _
到处都是鲜血,
此猩红的鲜血。还有他和姐姐深深的怼惧。
他记得自己当时作为一个小孩子的想法 (或者肯定曾经这么
.想过):如果他的保护者一
~高大。健康又能干的姐姐",抑郁情绪,,,,
ku_pdfbook_1b75d519,直视骄阳：征服死亡恐惧.pdf,90-92,"此。本书第四章将讨论接下来如何将这种
~时的感触转
化为持久的觉懵,从而减轻死亡焦虑。丰富人生体验。
Clic
Roer
ofOdcas
笫四章
观忌的力量
观念虽然看不见。摸不着,
却有着神奇的力量。许多伟大思
想家和作家的洞见穿越干百年的历曳。能够帮助我们面对死亡焦
虑。发现有意义酌生活道路。在本章中,我将介绍-些经我的心
理治疗实践证明对饱受死亡焦虑折磨的病人非常有效的观念。
伊壁鸠鲁和他的大智慧
伊壁鸠鲁认为。哲学的任务是帮助人们诚轻痛苦。那么,
类痛苦的裉源是什么呢?  伊壁鸠鲁认为
亳无疑问。正是无处不
在的死亡恐惧。
屏壁鸠鲁认为,人们对不可避免的死亡所产生的恐惧影响了
我们享受","死亡焦虑, 存在性痛苦, 生命意义",,,,
ku_pdfbook_3a18a439,直视骄阳：征服死亡恐惧.pdf,94-94,"。到那时。我们没有意识。对逝去的生活就不
会有遗憾。更不需要害怕神。他并末否认神的存在 (这个观点在
当时非常危险。不到一个世纪之前。苏格拉底就因此被当儆异端
博斯 (1450-1516),尼德兰画家。生于北布荭班犄的斯l尔托5
博斯出生在艺术
世家。自幼受到家庭影响。又受刭民间艺术的涪育。成年后即加人圣哥兄弟会并为辽个会的礼拜堂绘制壁酉
1506年完成 《最后审判。
译者注","死亡焦虑, 灵性需求",,,,
ku_pdfbook_04778ed2,直视骄阳：征服死亡恐惧.pdf,99-99,"业,敢叫天公
折服1 ""此外无-物,但见废篮周田。寂寞平沙空莽莽。伸向荒家的四方。(王佐良
~译者注
聚会上。她遇到了比自己略小一点儿的少年时期密友艾黎森。当
时艾黎森
~看见她就向她跑过来-
紧紧地抱着她又亲吻她
差点
儿没让她窒息过去。
艾黎森说。她非常感谢芭芭拉在她们都还只
有十几岁的时候给了她那么多的指导。",生命意义,,,,
ku_pdfbook_f50349cf,直视骄阳：征服死亡恐惧.pdf,99-99,"差点
儿没让她窒息过去。
艾黎森说。她非常感谢芭芭拉在她们都还只
有十几岁的时候给了她那么多的指导。
芭芭拉早就凭直觉模糊地知道
""波动影响"" 这个词的大致含
义。作为
~名中学老师。她很确定自己影响了她的学生。但这种
影响和她在学生心目中形成的回忆是完全分开的。这次。芭芭拉
与早巳忘却的儿时伙伴重逢","告别与分离, 生命意义",,,,
ku_pdfbook_44aeeb75,直视骄阳：征服死亡恐惧.pdf,101-101,"满足呢?
在第六章中
我将介绍我的导师如何对我产生了重要的影响。并
且我通过文字。再把它们传递给你。
事实上
正是由于我希望对
他人有所助益。所以才会选择在远远超过正常的退休年龄之后依
然笔耕不辍。
在《给心理治疗师的礼物》这本书里。我介绍了这样一件事:
""位病人因为放射疔祛掉光了头发她为自己的外表感到非带难","抑郁情绪, 癌症末期",,,,
ku_pdfbook_afabd130,直视骄阳：征服死亡恐惧.pdf,101-101,"治疗师的礼物》这本书里。我介绍了这样一件事:
""位病人因为放射疔祛掉光了头发她为自己的外表感到非带难
受
担心别人看见她没戴假发时的样子。当她冒险在我的办公室
里脱下假发时,我轻轻地用于揖抚摩她所剩无几的发丝。以此作
为我对她无声的回应。多年之后。
在一个心理治疗的短期培训课
程上
我再次遇见了她。她告诉我。","哀伤与丧失, 存在性痛苦, 抑郁情绪",,,,
ku_pdfbook_b85377b7,直视骄阳：征服死亡恐惧.pdf,110-110,"前露出
自己没戴发套的样孑
个秃头的老女人。
于是;她抓起
~块E巾。拿出一大杯咖啡味的冰淇淋。自己
躺在床匕。用毛巾盖在头匕冷敷伤口。凯特就这样
~边吃着水洪
淋
一边哭着想自己的妈妈 (凯特的母亲巳经过世22年了)。她
觉得自己完全被抛弃丁
天亮的时候。她终于叫来自己的儿子送
她到同事的私人诊所去。","哀伤与丧失, 抑郁情绪",,,,
ku_pdfbook_f51aaecd,直视骄阳：征服死亡恐惧.pdf,110-110,"过世22年了)。她
觉得自己完全被抛弃丁
天亮的时候。她终于叫来自己的儿子送
她到同事的私人诊所去。
同幸为她包扎亍伤口。并且建议她至少
一周不要戴假发套。
三天后我见到凯特时 ,她的头上裹着披肩。她对自己的偎发
离婚以及目前的单身生活都感到羞愧。毕竟主流文化倡导出双人
对的婚姻生活。不仅如此她那租俗而患有精神病的母亲 (当凯","哀伤与丧失, 抑郁情绪, 存在性痛苦",,,,
ku_pdfbook_f39e8427,直视骄阳：征服死亡恐惧.pdf,110-110,"单身生活都感到羞愧。毕竟主流文化倡导出双人
对的婚姻生活。不仅如此她那租俗而患有精神病的母亲 (当凯
特不开心时。母亲总是给她吃咖啡味的水淇淋 )
整个章年肘期
斯怼受的贫困。在她还是个孩子的时候就抛弁全家的不负贲任的
父亲
昕有这些都让她觉得羞愧难忍。她觉得自己很失败。觉得
这两年的治疗没什么进展。","存在性痛苦, 生命意义, 抑郁情绪",,,,
ku_pdfbook_56163e82,直视骄阳：征服死亡恐惧.pdf,110-110,"全家的不负贲任的
父亲
昕有这些都让她觉得羞愧难忍。她觉得自己很失败。觉得
这两年的治疗没什么进展。
此前的治疗也完全没有用处。
凯特不希望任何人看到她不戴偎发套的样子-
于是她整个一
周都在家打扫卫生。清理房间 (除了和我的
次面谈之外)。蹩
理橱柜的肘候,她发现了自己在我们过去的治疗过翟中写的笔记。","抑郁情绪, 存在性痛苦",,,,
ku_pdfbook_f11e540d,直视骄阳：征服死亡恐惧.pdf,114-114,"何人陷入对过往的无尽遗傩之中。而是
引导人们把目光最终转向末来_
转向那些可能带来人生转娈的问
题:
你现在可以儆点儿什么让一年之后或是五年之后,
当你回
首往事时 ,不再对那些新累积的遗憷产生同样的绝望?  换句话说,
你可以找到某种生活方式让自己不再有新的遗憾吗?
在第三章中。我们讨论了死亡焦虑和人生无意义感之间的关","死亡焦虑, 生命意义",,,,
ku_pdfbook_68bae065,直视骄阳：征服死亡恐惧.pdf,115-115,"卉而无法原谅自己的丈夫。又无祛下定决心离
婚; 比如。她没能在父亲去世前与他和好;比如。她让自己陷人
""份地点不方便而且报酬也不如意的工作里。
有一天。她看到了
则招聘广告。广告上的工作地点波特兰
市对她来说更加合适。在短短的
段时间里。德卢断就认真地考
虑了重新安置佳所。但是。她的热惰很快便消失了。","未竟事务, 存在性痛苦, 生命意义, 告别与分离, 抑郁情绪",,,,
ku_pdfbook_d262a96e,直视骄阳：征服死亡恐惧.pdf,115-115,"她来说更加合适。在短短的
段时间里。德卢断就认真地考
虑了重新安置佳所。但是。她的热惰很快便消失了。
取而代之的
是各种令人沮丧的消极想法,比如她太老了
圾好不婴搬家了
比如她的孩亍会不思离开他们的伙伴
比如她左波特兰
个朋友
鄙没有
比如那边薪酬比较低。以及她不确定自己是否会音欢那
些新同事。等等","抑郁情绪, 家属沟通, 医疗决策",,,,
ku_pdfbook_616319bc,直视骄阳：征服死亡恐惧.pdf,118-118,"梦笼罩着令人恐惧的气氛。
她的梦戏剧化地推动了治疗的进展。我询问她对于丈夫的愤
怒。她裉不好意思地谠
自己隐蹒了丈夫经常打她的事实。她知
道自己必须做点儿什么,却又害怕结束婚姻;毕竞她和异性的交
往经历非常少
觉得自己肯定再也找不到其他男人了。她的自尊
非常低。好几年以来都在忍受着丈夫的虐待
而不是重新审视自","存在性痛苦, 家属沟通, 抑郁情绪",,,,
ku_pdfbook_e5fad62b,直视骄阳：征服死亡恐惧.pdf,118-118,"觉得自己肯定再也找不到其他男人了。她的自尊
非常低。好几年以来都在忍受着丈夫的虐待
而不是重新审视自
己的婿姻,促使她的丈夫做
~些蚕要的改娈。这次治疗结束之后,
她没有回家而是直接去父母家里和他们待了几个星期。她给丈夫
下了最后通牒。要求他必须和自己一起去参加夫妻治疗。丈夫答
应了一年的夫妻治疗和个别面谈最终使得他们的婚姻质鼠有了","家属沟通, 抑郁情绪",,,,
ku_pdfbook_a8be6710,直视骄阳：征服死亡恐惧.pdf,120-120,"蕃婷的记忆全邸删除。
就在被怪医生以及助手们供犏上手术台。启动记忆清除裎虏的时候,乔尔开始后
译者注
的言语暴力。但是接下来。我的人生却很成功。那是小时候我忽
都没有想到过的。也许。这些经历以某些方式培养了我的抗逆力
和随机应娈。如果没有我父亲会怎样呢?  或者正是因为我父亲?
白日梦中的幻想让她迈出了改娈态度吞待过去经历的第一","存在性痛苦, 生命意义, 抑郁情绪",,,,
ku_pdfbook_1956b3e8,直视骄阳：征服死亡恐惧.pdf,134-134,"时候。
我们开始意识到自己的世界最终会消失
意识到没有人可以-路
陪伴我们走到阴沉的死亡之路的尽头。
正如
首古老的圣歌提
我们的那样: ""你只能独自走过那弧独的山谷。
历史和神话中充斥者人们试图减轻死亡之弧独感的尝试。想
想那些集体自杀 ,还有各种文明中都曾出现的让奴隶陪葬的君主;
想想在印度
寡妇在丈夫的葬礼上成为祭品; 想想所谓天堂的复","死亡焦虑, 存在性痛苦, 生命意义, 告别与分离",,,,
ku_pdfbook_43e85609,直视骄阳：征服死亡恐惧.pdf,138-138,"死亡什么?
""我们以前说过了。
艾丽斯听起来既生气又不耐烦=
""那还不够。艾丽斯。让我们继续谈下去。
按照我的意思
让我们继续下去。
""好吧。这与死本身的痛苦无关。我相信我的医生一
当我需
要吗啡或其他什么的时候他会在那里;  这也和死后世界无关。你
知道半个世纪前我就不信这个了。
也就是说。这不是由于死亡这件事本身也不是害怕死后
世界。那么。死亡为什么让你觉得害怕呢?","死亡焦虑, 存在性痛苦",,,,
ku_pdfbook_dd255f4f,直视骄阳：征服死亡恐惧.pdf,140-140,"我引
导她想象末来。看看三周之后会发生什么
她如今的困扰会怎么
祥。是否还会很大程度上影响她的生活。
但是。艾丽断太痛苦
了。她只是说:
'我知道你很努力了。但是这些方祛一点儿不筲
用。它们丝亳没有触及我的内心,触及我胸口那种痛菩而沉重的
感觉
观念不管用了。让我们试着从关系的角度来看待这次谈话
首先。我在度偎期间为她提供帮助。这说明我非常愿意真正和她
~起面对这些困扰。而且。我当时对她谠。让我们一起来面对。","存在性痛苦, 抑郁情绪",,,,
ku_pdfbook_e3621f06,直视骄阳：征服死亡恐惧.pdf,145-145,"无数
教徒曾观看过它。它讲逑的其实是我们每个人的故事
死褂来
拜访那个普通人。人生最后的时刻来到了。
普通人希望能够缓期执行。""没办祛。
死神回答说。普通人
于是又提了_个新的要求: ""我可不叮以邀请别人陪伴我-起走
过这殷弧独又绝望的旅程?
死神笑了一下。很乐意地答应亍他:
当然可以 -
如果你能找到人韵话。","死亡焦虑, 告别与分离, 存在性痛苦, 灵性需求",,,,
ku_pdfbook_f7dc95ff,直视骄阳：征服死亡恐惧.pdf,145-145,"起走
过这殷弧独又绝望的旅程?
死神笑了一下。很乐意地答应亍他:
当然可以 -
如果你能找到人韵话。
这部戏剧接下来的部分讲逑了普通人试图找到愿意陪他 -起
走那段死亡之旅的人。每个朋友和熟人都拒绝亍他。比如他的堂
兄弟就以脚趾头抽筋为理由拒绝了普通人
还有那些隐喻的意象
(比如财富。
美貌
权力。","死亡焦虑, 存在性痛苦, 告别与分离",,,,
ku_pdfbook_79e9fc8b,直视骄阳：征服死亡恐惧.pdf,147-147,"祖父本
亚隆吧。我只是继承丁他的慷慨,
他那时候总是替我埋单。
(顺便说
-句。我当时也会推让。但同
祥不管用。)
波动影响和榜样的力量
在我带领的第
个晚期癌症患者的团侨中,我常常发现参与
者的沮丧情绪会互相传染。那么多人内心只有绝望。那么多人一
天又-天聆听者死亡的脚步逐新临近。那么多人觉得生活娈得空","死亡焦虑, 存在性痛苦, 生命意义, 癌症末期, 哀伤与丧失",,,,
ku_pdfbook_cabe1628,直视骄阳：征服死亡恐惧.pdf,147-147,"互相传染。那么多人内心只有绝望。那么多人一
天又-天聆听者死亡的脚步逐新临近。那么多人觉得生活娈得空
虑,没有丁任何意义。
终于有一天,
位团体成员用自己的决定打破了整个团队的
沉垂氛围。她说: ""我巳经决定了。毕竞。有一些事情我还能儆。
我能为人们提供
~个如何去死的好榜样。通过我自己充满勇气和
尊严地面对死亡。我能给孩子们和朋友们做个好榜样。","死亡焦虑, 生命意义, 告别与分离",,,,
ku_pdfbook_665b6c2e,直视骄阳：征服死亡恐惧.pdf,150-150,"起。比如把爱带给别人
让世界娈得更美好。等等。
吉尔谠完之后把背靠在椅子上。眼睛睁得大大的,她对自己
所说的话感到很吃惊。好像在问自己: ""这些想法是从哪里来的?
说得好!吉尔。你的内心非常有暂慧。这巳经不是第一次
当你想象在给女儿指点人生的时候发现自己的大智慧了。现在。
你需要学习的是成为你自己的母亲。
治疗的关键不是主动提供答案。而是找到
-种方法帮助你的
朋友或身边亲近的人发现他们自己的答案。
在对朱丽叶的治疗过程中
这个原则同样适用。朱丽叶是一
位心理治疗师。也是
~位画家。她的死亡焦虑来自于觉得自己末
能完全实现自我。为亍和丈夫竞争到底谁挣的钱多
她放弃丁自
己的艺术生涯(见第三章)","死亡焦虑, 未竟事务, 生命意义",,,,
ku_pdfbook_ed6361db,直视骄阳：征服死亡恐惧.pdf,151-151,"一祥。许多人的死亡焦虑来自于从末充分发展过
自己的潜能。他们为此深深地感到遗憾。许多人之所以感到绝望
正是困为他们的梦想没有成真
而更让人绝犁的是他们甚全从末
努力争取过。关注这种深层的不满足感往往能够帮助人们克服死
亡焦虑。下文中杰克的故事使是如此。
死亡焦虑和没有活过的人生
杰克的故事
杰克是
位个子很高。","死亡焦虑, 未竟事务, 生命意义",,,,
ku_pdfbook_7c6f2e97,直视骄阳：征服死亡恐惧.pdf,152-152,"这个秘密
些奇怪的是。他甚至对自己郄耻于承认。
在后来的治疗过程中。杰克决定开始尝试修复他和太太的关
系
因为他不想再受更多的罪。况且他的婚姻状况不可能比现在
更糟糕了。杰克的羞耻感和他保守秘密的需要使得他碱少了其他
社交活动。他认为自己实在是个笨蛋。他不相信任何人。甚至是
他的姐姐。
现在。在杰克60岁的时候。他坚定地认为自己巳经太老。
太弧单了。巳经没有能力离开他的妻子。他清楚地告诉我。任何","存在性痛苦, 抑郁情绪, 未竟事务, 家属沟通",,,,
ku_pdfbook_fc71d0e9,直视骄阳：征服死亡恐惧.pdf,153-153,"克60岁的时候。他坚定地认为自己巳经太老。
太弧单了。巳经没有能力离开他的妻子。他清楚地告诉我。任何
关于结束婿姻或是威胁到婿姻关系的讨论都没有用。这超出了他
的底线。虽然他的太太对大麻上瘾,但是他确实还爱她。需要她
还把他们哟结婿誓言当做-
辈子的承诺。他早巳决定不要小孩了
因为他的娈子既没有办法在怀孕期间不抽大麻。","未竟事务, 照护负担, 告别与分离, 抑郁情绪",,,,
ku_pdfbook_8c045c7d,直视骄阳：征服死亡恐惧.pdf,164-164,"运找些解释
找个替霏羊来责难,14岁的我当肘撞上了她的枪口。母亲说这
样的灾难完全是因为我的谪皮捣蛋
无礼。打乱家庭生活所造成
的。那天晚上。当我的父亲痛得四处翻滚时。她不止
~次地朝我
尖叫:
就是你害死他 !
十二年后。当我在
~次心理分析过程中提到这件束情时,
过严格正统训练的精神分析师熨里弗","家属沟通, 抑郁情绪",,,,
ku_pdfbook_3dd3bfa7,直视骄阳：征服死亡恐惧.pdf,164-164,"啊 !
通过她设身处地而措辞得俸的澄清。我
想起了更多事情。而那充满关怀的一刻她伸出援手让我在近五十
年后依然心存感徼。
那天晚上。我的母亲。父亲和我绝望地等着曼彻斯特医生的
到来。终于。我听见他的汽车轮子轧过秋叶的声音。
飞似的冲下
楼去开门。医生那熟悉的 ,带着徽笑的圆脸融化了我内心的痛苦
他把手放在我的头上。摸了摸我的头发。安慰了母亲几句。并给
我父亲注射了
""剂药物 (也许是吗啡),然后。医生把听诊嚣放
在我父亲的胸前。一边让我听一边说: ""看。在跳呢。正常得很","告别与分离, 家属沟通",,,,
ku_pdfbook_5704ddf6,直视骄阳：征服死亡恐惧.pdf,165-165,"物 (也许是吗啡),然后。医生把听诊嚣放
在我父亲的胸前。一边让我听一边说: ""看。在跳呢。正常得很
他就快就会好了。
那天晚上在各方面对我来说都是个生命的转折点
但是我记
得最清楚的却是曼彻斯特医生来到家里肘我那种难以用音语表达
的安心。放松的感觉。正是从那时候开始,
我决定像他一样做
名厌生
把他带给我的那种安心。",家属沟通,,,,
ku_pdfbook_b3365fbb,直视骄阳：征服死亡恐惧.pdf,173-173,"心满意足
心理治疗提供了最好的机会。使得治疗师能够对他人产生 ""波动
影响
在舞次工作的-个小时里。
我总是试图把自己心灵深处
的一些东酉传递出去。把那些我所获得的人生礼物传递出去。
(此外。我也很想知道对亍我们这些专业人士来说。这种波
动影响能够持续多长时间。我曾在临床实践中和几位心理治疗师
一起工作过。他们刚刚修完几乎囊括了全部认知行为治疗相关知
识的系统培训课程。却对于今后将以这种行为主义的视角与病人
机械地进行心理治疗工作深感绝望。我也裉想知道。那些受训以","生命意义, 存在性痛苦",,,,
ku_pdfbook_99fc364c,直视骄阳：征服死亡恐惧.pdf,173-174,"程。却对于今后将以这种行为主义的视角与病人
机械地进行心理治疗工作深感绝望。我也裉想知道。那些受训以
#珂.
认知行为模式与病人工作的治疗师在自己需要邦助的时候该怎么
办呢?  我想应该不会是去找自己学校的同事吧。
我自己青睐的治疗方祛桑焦于人际问题和存在主题。并假
设无意识存在 (虽然我所指的
'无意识""概念的内涵与传统精神
分斫大相径庭)。因此,我也非常渴望将这门治疗方祛传孕下去
介绍绐更多内人
正是这种渴望使得我至今依然坚持治疗工作,
并笔耕不辍。即便如此,就像罗素所说的: ""有 -天
太阳系也
会毁灭。
虽然我不相信这个宇宙与我们的生活息息相关只
有人类社会
只有人与人之闻的关系才和我","死亡焦虑, 存在性痛苦, 生命意义, 灵性需求",,,,
ku_pdfbook_1cf5dbe0,直视骄阳：征服死亡恐惧.pdf,177-177,"每个人都会接到电
话催促我们赶快回去工作
以防病人需要我们。但怀特霍尔教授
却从来不会因此忙乱起来。
最终连我。这个困队里面最容易徽动
的家伙。也逐渐学会了放慢速度。把握肘间。
在这两个小时里
我们有机会向教授询问任何事情。我记得
自己的问题包括偏执狂的成因
外科医尘对于自杀的贡任,还有
治疗性改娈与环境决定论之间的关系等。",生命意义,,,,
ku_pdfbook_ab48fc22,直视骄阳：征服死亡恐惧.pdf,177-177,"记得
自己的问题包括偏执狂的成因
外科医尘对于自杀的贡任,还有
治疗性改娈与环境决定论之间的关系等。
虽然他总是详尽地回答
这些问题。但是他却更愿意谈论其他主题。比如亚历山大大帝的
用兵策略。波斯弓箭手的精谁程度
盖茨堡战役的重大失误等
当然。他最愆意谈论的还是他正在改进的元素周期表 (教授早先
曾受过化学方面的训练 )吃完饭之后。我们围成圈观[怀特霍尔教授对四到五个病人
进行治疗。你通常无祛顽期每次面谈会有多长时间。有些需要","抑郁情绪, 自杀意念",,,,
ku_pdfbook_dcc9122a,直视骄阳：征服死亡恐惧.pdf,179-179,"担任要职。为什么选择我这样
个移民过来
的贫困的杂货商的儿子昵?  而且我又是那么容易焦虑自我怀疑,
我能为他做点什么呢?
直到最后我也没能儆点什么。就像对很多焦虑的来访者一样,
我绝望地想找一
~些话来安慰他。直到25 分钟之后。他睡过去了。
后来。我得知他在两天之后离开]人世。
为什么是我?
这个问题在我的脑海璧萦绕了多年。也许,
我正好取代了他的儿子。据我所知。他的儿于死于残酷的第二次","死亡焦虑, 存在性痛苦, 生命意义",,,,
ku_pdfbook_8b7f2787,直视骄阳：征服死亡恐惧.pdf,183-183,"候会向
我寻求支持。
一夭晚上。他的太太乔吉亚打电话给我说罗洛 .梅快不行
了
让我和太太立即赶去。
那天晚上,我们三个人轮流坐在他
的身边照看他。当肘他己经失去了意识。因为严重的肺部水肿
他的呼吸非常吃力。最终
在我照乔他的时候。他最后
""次痉挛
似的吸了口气。与世长辞了。乔吉亚和我淆洗了他的身体,儆","呼吸困难, 告别与分离, 哀伤与丧失",high,,,
ku_pdfbook_cf97fd65,直视骄阳：征服死亡恐惧.pdf,186-186,"。这痛苦其实是她的痛苦。那么。我自己
的痛苦是什么呢?  其实。并没有 ""我""会感到痛苦。我赞同伊壁
鸠鲁的观点
当死亡来临时。也就没有了我""。没有 ""我""会感到
害怕。难过。悲伤或是绝望_
我的意识巳经停止了。意识之光关
上厂电源。灯灭了。我还在母壁鸠鲁的另
个观念中找到「心灵
的慰藉,他说。死后我将进人和出生前","死亡焦虑, 存在性痛苦",,,,
ku_pdfbook_c3e79a50,直视骄阳：征服死亡恐惧.pdf,191-191,"扔在一边继续我的学生生涯了 (后来我也再没找到手
稿 )。四十八年来我头一次想起这件事情,这段回忆也
告诉我。莪处理自己的死亡焦虑比自己所以为的更早。
多么非同寻常的聚会,
我心里想着。在人类历史上
曾经有任何一个团俸进行过这样的讨论吗?  毫无保留
毫无禁忌。我们如此目不转睛。毫不退缩地直视着这人","死亡焦虑, 生命意义",,,,
ku_pdfbook_ef84d0e4,直视骄阳：征服死亡恐惧.pdf,191-191,"曾经有任何一个团俸进行过这样的讨论吗?  毫无保留
毫无禁忌。我们如此目不转睛。毫不退缩地直视着这人
类所面临的最艰难也最惨淡的困扰。
我想起那天旱先莪面谈过的一位年轻女士,她花了
那么多时间来抱怒男人是如此粗鲁。不够细腻。我看着
这个全部由男性成员组成的囝队
每一个人都足如此敏
感
温柔。充满关爱。如此非同寻常地活在当下。莪多
么布望她能亲眼目睹这个团队。我多么希望全世界都能
亲眼月睹这个团队!
美图著名恐怖小说家。与爱伦皴齐名。怛的多敢恐怖小说,创怍灵慰都源于&
一译者注","死亡焦虑, 存在性痛苦, 生命意义",,,,
ku_pdfbook_6cf8d716,直视骄阳：征服死亡恐惧.pdf,198-198,"及几张颜色耀眼的曼陀罗搞得眼花缭乱。啧喷称奇。
当我注意到闹钟时不得不让自己赶快回过神来: ""提姆。
我
们的时间快到了
我想试若回答你的问题
我观察到两件事情
首先。你有着非凡的创造力,你向我展示了你一生之中创造力迸
发的所有证据。比如你的音乐。你的歌剧。你的诗还有你如此杰
出的绘画。其次。你的自尊非常低。","灵性需求, 生命意义, 抑郁情绪",,,,
ku_pdfbook_0cf7ca74,直视骄阳：征服死亡恐惧.pdf,198-198,"创造力迸
发的所有证据。比如你的音乐。你的歌剧。你的诗还有你如此杰
出的绘画。其次。你的自尊非常低。
我不认为你承认或欣赏自己
的天魑。今天我们到此为止吗?
""我想是的。提姆看上去很尴尬,再一次把目光投向了窗外。
""这不是我第
~次听人这么谠了。
'在我看来。这些构思还有这些杰出的画作都来自于你自己的创作天赋,但是你的自尊太低了
你自我怀疑。以至干你无法
相信自己能创作出这样的作品,于是你就自然地把这份能力归功","存在性痛苦, 生命意义, 抑郁情绪",,,,
ku_pdfbook_f4317578,直视骄阳：征服死亡恐惧.pdf,202-202,"""我完全丧失了耐心,非常不耐烦地说。
""如
果我不得不去相信那些不可僖的东西。每天花费我时间去遵守那
六百多条日常规则,吹捧渴望人类赞美的上帝,我宁可把自己吊死!
这肘候。拉比把手伸向了他的小圆帽。哦!不!我以为他要
扔帽子了。我讲得太离谱了!实在太离谱了!我冲动地讲了很多
本来没想讲的话 ,我从来不想破坏任何人的宗教信仰 ,从来没有 !","抑郁情绪, 自杀意念, 宗教需求, 死亡焦虑",,,,
ku_pdfbook_1010747c,直视骄阳：征服死亡恐惧.pdf,209-209,"注存在的治疗 `
但是这样的讲法显得拖泥带水,
此。我使用了更加通顺的谠法。即 ""存在主义心瑾治疗""
存在主义治疗是众多心理治疗方祛中的一种。所有这些方祛
的目的只有一个,
那就是为人类的绝望感而服务。存在主义治疗
的理论椟型认为,我们的困扰不仅来自于生理基困方面 (即心理
药理榄式);不仅是与压抑的本能冲动斗争的结果 (即弗洛#德的理论立场);不仅来自于内化的重要客俸对我们不够关心。不够
爱护。过分焦虑 (即客体关系理论);不仅是由于适应性不足的思
维方式 (即认知行为的观点);不仅来自于被遗忘的创伤性回忆的","存在性痛苦, 生命意义",,,,
ku_pdfbook_1799d802,直视骄阳：征服死亡恐惧.pdf,210-210,"体关系理论);不仅是由于适应性不足的思
维方式 (即认知行为的观点);不仅来自于被遗忘的创伤性回忆的
碎片;也不仅来自于且前的人生危机事件。如个人的职业问题或
是利重要他人之闻的关系问题
~而同祥来自于人类与自身存在
的对抗。
因此。存在主义治疗的基本立场认为。除了其他引发绝望感
的原因之外
我们还因为不得不面对人类的处境一
存在所带来
的一系列问题而备受折鹰。
具体来说。存在到底带来了什么样的问题呢?
答案其实就在我们每个人的心里。请你花一
些时闻筒单地
反思一下自己的存在。不要被假象蒙蔽了。
放下你心里巳经有
的那些理论和信念。想恕你自己在这个世界上的
处境""
这时
候。你会不可避免地触及","死亡焦虑, 存在性痛苦, 生命意义, 灵性需求",,,,
ku_pdfbook_b4d2d775,直视骄阳：征服死亡恐惧.pdf,220-220,"你极大的肯定。这种鼓舞几乎没法用语喜来表达。
""但是;
马克继续说。""我的头脑里还是有一个小小的毒音
在说。你一定觉得我是个混蛋。
""不。我不觉得,你是时候从大脑中删除这个想法了。我们
今天超时了。但我还有些话想对你说。你所经历的这段旅程,这
段和露丝纠缠的经历并没有那么懵糕。我相信你
~定会从这些经","哀伤与丧失, 告别与分离, 抑郁情绪",,,,
ku_pdfbook_79a6f9fa,直视骄阳：征服死亡恐惧.pdf,223-223,"工作。我认为他是
位称职的
团体治疗师。此外,在过去的几年间他所接受的转介个案也一直
傲得相当出色。
在治疗酌最后。马克开始说出他内心深处自我贬抑的想祛,
坚持认为我也对他有着极低的评价,当时。我做]非常有力的回
我提醒他我刚刚向他推荐了一位病人。这个举动显然比我
说出口的任何
-句肯定的话都更加有分量。",抑郁情绪,,,,
ku_pdfbook_e0d78b36,直视骄阳：征服死亡恐惧.pdf,224-224,"特伦斯的格言_
在我的头脑中找寻自己曾经
有过的类似经历。并和马克儆了分享。无论
~个病人酌体验是多
么残忍。野蛮
受禁忌
或是令人觉得陌生。如果你愿薏进人自
己内心黑暗的那部分。你-定叮以在自己心里找到类似之处。
刚刚从业的治疗师最好把特伦斯两这句格言作为座右铭。这
能帮助他们更加人性化地对待病人;通过在内心寻找类似的体",存在性痛苦,low,,,
ku_pdfbook_22beea01,直视骄阳：征服死亡恐惧.pdf,225-225,"缴纳了
三十年的荞老金。还给他安排了过量的行任务。各地的时差和
持续的生物钟紊乱使他的身体娈得虚弱_
整个人陷人了严重的睡
眼困扰中;与工作有关的那些连续不断又无可奈何的困境更加重
了他的睡眠问题。尽管如此。派瑞克所在的航空公司不但拒绝对
他的问题负责。而且试图让 *行员们飞行更多的班次。
那么;派瑞克的治疗目标是什么呢?  虽然他依然很喜欢 飞行。","疲劳与虚弱, 抑郁情绪",,,,
ku_pdfbook_7ccf08b6,直视骄阳：征服死亡恐惧.pdf,226-226,"。而且试图让 *行员们飞行更多的班次。
那么;派瑞克的治疗目标是什么呢?  虽然他依然很喜欢 飞行。
但是他也知道自己的健康状况使得他不得不考虑换工作了。此外,
他对自己和女朋友玛丽之阆没有活力的同居关系也感到非常不满
意。在过去三年里。他逯渐对这段关系失去了徼情。他希望要么
改善这段关系,要么干脆结束它。","预后不确定, 未竟事务, 告别与分离, 抑郁情绪",,,,
ku_pdfbook_0fddc57a,直视骄阳：征服死亡恐惧.pdf,229-229,"边围绕着好友或是 (更重婴的是)他
她有能
力建立起充满爱的关系。那么他
她也就不太可能需巽心理治疗
了。治疗师和好朋友的区别在哪里呢?  你的好朋友(或者发型师
按摩师。理发师或是健身教练)会支持你。理解你,在你需要的
时候。他们是充满关爱_
可以信赖的知己
但是有
点他们和治
疗师完全不同。那就是",抑郁情绪,,,,
ku_pdfbook_8d5310c0,直视骄阳：征服死亡恐惧.pdf,229-229,"理解你,在你需要的
时候。他们是充满关爱_
可以信赖的知己
但是有
点他们和治
疗师完全不同。那就是
只有治疗师会以此肘此地的方式与你
面对面。
此时此地内互动 (即对他人的行为儆出即时反应)在日常交
往中很少发生。如果人们这样做的话,那薏味着彼此之间关系非
常亲密。否则很有可能会立刻引起冲突 (比如,","抑郁情绪, 家属沟通",,,,
ku_pdfbook_673e68a4,直视骄阳：征服死亡恐惧.pdf,230-230,"扰是如何形成的。病人在其中扮潢了怎样
的角色。
这是引导病人为自己的生活处境承担责任的第-步。最终,
病人开始接受一
~个基本的观点。即如果你对自己尘命中发生的坏
事负责。那么你。也只有你。能够改娈它。
此外还有垂要的一点。治疗师通过此肘此地技术搜集到的信
息非常精确。虽然病人总是花很多时闻讲到自己如何与其他人交",抑郁情绪,,,,
ku_pdfbook_b2546c9b,直视骄阳：征服死亡恐惧.pdf,230-230,"泼可爱的人就是我这几个月以来在治疗室里
听到的那个愤怒。迟钝。冷漠的人吗?  治疗师儿乎完全通过观察
治疗关系来了解自己的病人,
也就是说。最可靠的讯甚来自于你
利病人交往的直接经验。以及他
她如何与你互动。那便是他
她与其他人互动的方式。
在治疗中正确使用此时此地技术会为病人创造
""个安全的氛
围","存在性痛苦, 抑郁情绪",,,,
ku_pdfbook_ef3e7afc,直视骄阳：征服死亡恐惧.pdf,231-231,"能越紧密地联系在
~起,建立起亲密互信的关系。
好的治疗有着明确的节奏。病人会在治疗过程中流露出先前
压抑或否认的情绪
治疗师需要理解并接纳这些往往非常脆弱的
情感。通过这种接纳;病人会感到安全和被首定。愿意尝试更多
的冒险。由
此时此地技术 ""而引发的亲密感和相互联结会让病
人更投人地参与到蹩个治疗过程中去; 在治疗室里。",抑郁情绪,,,,
ku_pdfbook_ded378d9,直视骄阳：征服死亡恐惧.pdf,234-234,"询问你感觉怎样的时候。你亳不在意。更没有多
谠些什么。我想知道。如果你真的抱怨一下。真的告诉我你希望
我敞些什么
那会怎?
""那就像是在乞讨。
她立即回答说。
""乞讨?  即使你支付了费用?  和我讲讲到底在乞讨什么? 乞
讨让你想到了什么?
""我有四个兄弟姬妹。家教告诉我不要抱怨任何事情。我好
像还能听见继父的声音在耳边响起:","家属沟通, 抑郁情绪, 存在性痛苦",,,,
ku_pdfbook_30a4058d,直视骄阳：征服死亡恐惧.pdf,234-234,"想到了什么?
""我有四个兄弟姬妹。家教告诉我不要抱怨任何事情。我好
像还能听见继父的声音在耳边响起:
成熟-点儿。你个能 -辈
于总是哭。
我不记得有多少次继父这样对我谠了。而我的母亲
又强化了这一点,她为自己的再嫁感到非常苹运。不希望我们得
罪继父。我们都是拖油瓶。而他又那么刻薄无情,我最不愿意做","存在性痛苦, 抑郁情绪, 家属沟通",,,,
ku_pdfbook_5cad7b52,直视骄阳：征服死亡恐惧.pdf,234-234,",她为自己的再嫁感到非常苹运。不希望我们得
罪继父。我们都是拖油瓶。而他又那么刻薄无情,我最不愿意做
的事情就是吸引他的注意力。
""困此。你虽然来这闻办公室寻求帮助。却不让自己有任何
抱怨。刚才这番话让我想起几个月前当你的颈稚出了问题的肘候
你穿者高领的衣服。但你完全没有谈论这件事情。我记得我当时
有些疑惑你是否正觉得疼。","家属沟通, 抑郁情绪",,,,
ku_pdfbook_9e853589,直视骄阳：征服死亡恐惧.pdf,237-237,"和反移情的领域了。
当一个病人以某种不恰当也不合逻辑的方式对治疗师儆出反
应时,我们称之为 ""移情""
有一个很好的例子能够说明移情过
程中的曲解,一个病人在没有任何~景原因的情况下对治疗师非
常怀疑。而这位治疗师在其他病人那里却颇有口碑。此外。这位
病人习惯于不信任大多数处于专家或权威地位的男性。(""移情",抑郁情绪,,,,
ku_pdfbook_461dcbc2,直视骄阳：征服死亡恐惧.pdf,239-239,"办公室。她坐下来。头
抬得很高。眼神直直地盯着我。用没有起伏韵声调开始对我迸行
令人目瞪口呆的谩骂。
上次治疗中你对待我的方式真让人失望。非常失望!你裉
本没和我在一起。你根本没有给我想要的东西。你完全不能理解
一个像我这样年纪的女人有着这样折磨人的胃肠问题是多么糟
糕!对我来说谈论这些感觉有多么糟糕!结束咨询时我想到了几","存在性痛苦, 老年安宁, 抑郁情绪",,,,
ku_pdfbook_666a9bc6,直视骄阳：征服死亡恐惧.pdf,239-239,"年纪的女人有着这样折磨人的胃肠问题是多么糟
糕!对我来说谈论这些感觉有多么糟糕!结束咨询时我想到了几
年前发生的
'件事情。我因为严重的阴遒损伤去看皮肤科专家
他居然邀请了他所有的学生来看检查结果。太可怕了!那就是我
上次在你这里进行治疔的感觉。你裉本没有达到我的要求!
我有些呆住了。我一边考虑如何进行最好的应答。","文化敏感性, 抑郁情绪",,,,
ku_pdfbook_46bdddcc,直视骄阳：征服死亡恐惧.pdf,240-240,"评价感到非常吃惊。这有点儿出人意料。
你这样说太'太:'傲慢了。
上周我其实非常努力地和你
起工作。
竭尽全力给予你憩要的。此外。这不是第一次你以这
种强烈批判的方式开始我们的治疗了。在其余的许多次治疗中,
你却以完全不同的方式开始;  也就是说
有时候你又会对某次治
疗感激不尽。但我其实并不觉得那几次有多么好,这也会让我觉得困惑。
娜奥米看上去很害怕。她的瞳孔张得很大。""你的意恩是说
我没有真实地告诉你戎感觉?",抑郁情绪,,,,
ku_pdfbook_f06bd9fa,直视骄阳：征服死亡恐惧.pdf,242-242,"望。这
不是过去戎们的工作方式
也不该是这样的方式。
""我从来没有要求你在这里不能想说什么就说什么。
但是你
-定会想知道你所说的话对我产生了什么样的影响吧?  你不会希
望我故意保持沉默吧?  毕竞。你的话
~定会带来
~些结果。
""你什么意思?
世就是说。在治疗开始时你所说的这番话让我觉得离你非","家属沟通, 抑郁情绪",,,,
ku_pdfbook_37523dba,直视骄阳：征服死亡恐惧.pdf,242-243,"是和你在这里会这样。在任何地方都会。昨天我
的侄女开车送我去看医生,有个园丁的货车挡住了我们的去路。
戎对司机)共偾怒几乎想去撞他,但我到处找他没找到。然后
我开始对侄女感到非常愤怒。因为她没有绕过那辆货车顺利地开
过去。虽然那意味者要开上人行道绕过去。她说这里的空间不
够。但我裉坚持,我仃一边争吵","抑郁情绪, 认知障碍",,,,
ku_pdfbook_5b4511cb,直视骄阳：征服死亡恐惧.pdf,242-243,"上去。她-直在说:
平静
点儿。娜奥米姑姑,
园丁在做他的工作
他也不想这样。他正在努力改善。但我控
制不了自己。我对那园丁非带惯怒
一直忍不住想:
他怎么可
以这样对待戎?  他太不讲规矩丁。
当然。我的侄女是对的。司机带丁两个帮手赶回来。他们
把货车摧到了路边。这样我们就能开过去了。我觉得很羞耻。
我是~个胡搅蛮缠的老女人,我到哪里都会生气。对谁都生气。
比如服务员没有及时把我的冰茶送过来。比如停车场的收赞员","存在性痛苦, 抑郁情绪",,,,
ku_pdfbook_5016a13d,直视骄阳：征服死亡恐惧.pdf,244-244,"蛮缠的老女人,我到哪里都会生气。对谁都生气。
比如服务员没有及时把我的冰茶送过来。比如停车场的收赞员
来得太慢。比如电影院的售祟员笨手笨脚地找钱绐我。让我等
了那么长时间才拿到票。该死 !那么长的肘间我都可以卖掉
辆车了!
这时候。治疗的时间到了。
'娜奥米,很抱歉我们现在-结
束治疗了。今天你的情绪很强烈",抑郁情绪,,,,
ku_pdfbook_0c21e519,直视骄阳：征服死亡恐惧.pdf,244-244,"卖掉
辆车了!
这时候。治疗的时间到了。
'娜奥米,很抱歉我们现在-结
束治疗了。今天你的情绪很强烈
我知迸在这肘候结束对你来谠
一定很不舒服。但按照规矩结束咨询是我们很重霎的功课。
们下次缝续,
一起来看一看这些惯怒到底为什么会冒出来。
娜奥米同意了_
但是第二天她打电话来谠。还爨再等一个星
期让她觉得狂怒不止。",抑郁情绪,,,,
ku_pdfbook_40d64087,直视骄阳：征服死亡恐惧.pdf,247-247,"全不希
望我感觉她疏远
菁娈或是害怕她的话。
下面讲
~讲我在治疗过程中对于娜熨米的同感。有效的。彼
此联结的治疗关系非常重要。在前面的章节中。我曾介绍过卡
尔.罗杰斯所提出的有效的治疗师的行为原则。我非常强调共中
治疗师设身处地的同理心原则 (其他两个是无条件的接纳和真诚
'致)但是。利用同理心来进行工作需要注意两个维度一一你不
仅须要体验病人的内心世界
而且须要帮助病人发展自己对于他
人的同理心。
一个有效的方法是询问病人: ""你觉得。当你这样说肘会让
我感觉怎么样?
就这样。我小心谨慎地让娜奥米知逍她这样说
话所带来的后檗是什么
她蕞阜对于自己愤怒情绪的反应是 ""明
朋是你让我这样的""
",存在性痛苦,,,,
ku_pdfbook_4940a5ca,直视骄阳：征服死亡恐惧.pdf,248-248,"。这把他们推到了危险的边缘上。引发了 ""病
人可能会侵人他们的私生活""的梦魇。在下文中我会详细介绍这
些异议。现在让我首先申明,我的意思不是让治疗师不加鉴别地
进行自我表露。
记佳。治疗师的自我表露并非只有一个维度
而是各种各样
的。比如。我在'娜奥米的治疗过程中使用的便是
此时此地的
自我表露""
另外还有表露治疗机制。","存在性痛苦, 灵性需求",,,,
ku_pdfbook_07260835,直视骄阳：征服死亡恐惧.pdf,252-252,"
哭。我没有询问他就知道他在为我哭泣
他在为当我还
足个孩子的时侯便抛弃我而哭泣。接下来,我发现自己
在墓地间,我的哥哥埋葬在那里。困为一些原因我拨
了自己的手机号码。听到我自己的声音说: """"我是詹姆
斯我很痛,请来帮叻我。
在讨论这个婪的时候。詹姆斯难过地说到他的父亲在他还是
个孩子的时候抛弃了全家,","未竟事务, 哀伤与丧失, 抑郁情绪",,,,
ku_pdfbook_899b65e7,直视骄阳：征服死亡恐惧.pdf,256-256,"他来挑战我。突然
让我非常吃
惊的是。詹姆断开始抽泣。我递绐他
~张又一张纸巾。直到地停
止了哭迹。
试荇和我说说话。詹姆斯,你的眼泪想说什么?
""我等待这场谈话巳经太久了。我一直在等这榉-
~次认真而
理智的谈话,谈论这些有点儿深度的话魉。我周围的一切。我们
的整个文化,电视。电子游戏_
色情作品。","未竟事务, 抑郁情绪",,,,
ku_pdfbook_e39eecf2,直视骄阳：征服死亡恐惧.pdf,257-258,"
梦中。我却对音乐取代了光线充满了恐惧。突然,音乐
停止了,我知逍唱歌昀人向我走来了。我在凹点钟左右
被吓醍了
那天晚上我再尥睡不着了。
艾米莉亚前来寻求治疗不仅是因为她的噩梦和失眠症,她还
有另一个垂要的问题
她希望能和一个劈人建立起亲密关系,
但是她尝试了几次之后。没有一段关系真正尘埃落定
在开始的几次治疗过程中。","抑郁情绪, 未竟事务",,,,
ku_pdfbook_c1b42b74,直视骄阳：征服死亡恐惧.pdf,257-258,"和一个劈人建立起亲密关系,
但是她尝试了几次之后。没有一段关系真正尘埃落定
在开始的几次治疗过程中。
我试图挖掘她过去的成长历曳
对死亡的恐惧
还有当她还是个妓女时与死亡擦肩而过的回忆,
但是我感觉到她内心对此有极大的阻抗。她的反应总是默然无声 _
好像在意识层面对死亡并没有任何焦虑。相反。她还在救济院做","死亡焦虑, 抑郁情绪, 灵性需求",,,,
ku_pdfbook_f2836323,直视骄阳：征服死亡恐惧.pdf,266-266,"层次的问题
不会进行深刻的自我反思了。
我一直在关注此肘此地。这使得戎们的治疗过程产生了极大
的转娈
一开始她不愿薏与我分享她的感觉
回避戎的问题
""来这里进行治疗是否也能帮助你爱惜生命。远离毒品? ""于是;
我决定冒险分享多年前我对于自己的治疗师的
~些感觉。
我的分享起到了示范作用,这使得她敢于冒险尝试分享自","抑郁情绪, 家属沟通",,,,
ku_pdfbook_789e1bd2,直视骄阳：征服死亡恐惧.pdf,270-270,"一口气吞掉了所有的碎屑和饼干。几分钟之后 
他从苻
子上倒下去。生病了。然后他病得趱来趑严重,整个人
也变得怪异起来,他长出了长长的绿指甲,眼晴变得
让人毛骨悚然,连腿也不见了。劳瑞〈琼的丈夫)走了
进来 ,
幕助安抚这位治疗师。然后他开始逐渐娈好了_
比我还好点儿。我被冻僵了。这时候我醒了过来,
心跳",谵妄,,,,
ku_pdfbook_1e29a9b9,直视骄阳：征服死亡恐惧.pdf,272-272,"遒。这些我郜知遒。只是我落迸了儿垂式的思维中
就好像儿时我第一次发现了这些真相。每次都和箫
次发现时
样。你知道我没法和其他人说这些。我觉得。你愿意待在这里陪
伴我就巳经用我没有告诉过你的方式帮到我了。比如我没有告诉
过你,在工作中,我非常勤奋,一直努力为自己开辟一片新天地。
""很高兴听到这些
琼。让我们继续下去,让我们回到那个","死亡焦虑, 存在性痛苦, 生命意义, 抑郁情绪, 灵性需求",,,,
ku_pdfbook_ca8d2197,直视骄阳：征服死亡恐惧.pdf,273-273,"-一些影响。但是
只要生
理上允许
我很愿意在这里和你待在一起 -
我非常珍惜你内深
处对我的信任。
况且我的腿还在。眼睛也还不错。
琼担心自己把治疗师也拖下水。拉进她自己的绝望之中。这
的确有其符合逻辑的地方
~治疗师如果不曾在个人治疗中面对
过自身的死亡主题
的确有可能会在工作中被自身的死亡焦虑所","死亡焦虑, 存在性痛苦",,,,
ku_pdfbook_40e8657f,直视骄阳：征服死亡恐惧.pdf,276-276,"说。他觉得他在吸我的血。问了我太多的问
题。这个梦通过一个故事反映了菲尔内心的担忧
-虽然我生病了,
他是医生。他的需要却比
切都要垂要-
非要坚持问我一些问魉。
菲尔因为自己糟糕的身体状况还有那些巳故的或病垂的朋友而深
感绝望。他希望我能给他
些希望。告诉他生活不只是臭狗屎。
由于这个梦的引发。他直接问我: ""我对你来说是不是很重","存在性痛苦, 生命意义",,,,
ku_pdfbook_9058490d,直视骄阳：征服死亡恐惧.pdf,276-276,"理治疗相
关论文中出现。治疗师们有很多理由回避这个主魉。他们拒绝谈
论死亡焦虑或任何与之相关的话题。
认为死亡焦虑实际上是对其
他的
~些事情感到焦虑;他们也许是害怕激起自己的恐惧, 或是
对于人生必死的幸实感到困惑或绝望
我希望通过这些文字告诉你。直面这些恐惧 _
探索这些情绪
的必要性利可行性。即使是那些最黑暗的部分。",死亡焦虑,,,,
ku_pdfbook_e8cb112d,直视骄阳：征服死亡恐惧.pdf,276-276,"我希望通过这些文字告诉你。直面这些恐惧 _
探索这些情绪
的必要性利可行性。即使是那些最黑暗的部分。
但是我们需要
些新的工具: -系列与众不同的观念和与众不同的咨访关系。我
弛议。我们应该仔细深思先前面对死亡的那些伟大的思想家的观
在生命存在事实的基础上建立起治疗性的关系。每个人都必
然要面对生命的欢娱科宿命的绝望。","死亡焦虑, 存在性痛苦, 生命意义",,,,
ku_pdfbook_ebfbe00b,直视骄阳：征服死亡恐惧.pdf,277-277,"的思想家的观
在生命存在事实的基础上建立起治疗性的关系。每个人都必
然要面对生命的欢娱科宿命的绝望。
""真诚一致""对干有效的治疗非常重要。当治疗师坦诚地面
对那些存在主题肘
它能带来全新的治疗局面。我们得避免所有
医患模式的残余。认为那些被陌生的痛苦所折磨的病人需要一个
不动感情的。精确无误的。永远封闭着自己的治疗师。我们面对
着同样的恐俱。同样的人生必死之痛。以及谮藏在每个人存在核
心里的小虫子。","存在性痛苦, 灵性需求",,,,
